--
-- PostgreSQL database dump
--

-- Dumped from database version 9.5.12
-- Dumped by pg_dump version 9.5.12

SET statement_timeout = 0;
SET lock_timeout = 0;
SET client_encoding = 'SQL_ASCII';
SET standard_conforming_strings = on;
SELECT pg_catalog.set_config('search_path', '', false);
SET check_function_bodies = false;
SET client_min_messages = warning;
SET row_security = off;

--
-- Name: plpgsql; Type: EXTENSION; Schema: -; Owner: 
--

CREATE EXTENSION IF NOT EXISTS plpgsql WITH SCHEMA pg_catalog;


--
-- Name: EXTENSION plpgsql; Type: COMMENT; Schema: -; Owner: 
--

COMMENT ON EXTENSION plpgsql IS 'PL/pgSQL procedural language';


--
-- Name: temporal_tables; Type: EXTENSION; Schema: -; Owner: 
--

CREATE EXTENSION IF NOT EXISTS temporal_tables WITH SCHEMA public;


--
-- Name: EXTENSION temporal_tables; Type: COMMENT; Schema: -; Owner: 
--

COMMENT ON EXTENSION temporal_tables IS 'temporal tables';


--
-- Name: generate_deletes(integer); Type: FUNCTION; Schema: public; Owner: lukas
--

CREATE FUNCTION public.generate_deletes(size integer) RETURNS text
    LANGUAGE plpgsql
    AS $$
declare
tables text[] := ARRAY['purchase'];
my_table text;
sql text;

begin


sql:='';
foreach my_table in array tables
loop
sql:=sql||generate_deletes(my_table, size);
end loop;
return sql;

end
$$;


ALTER FUNCTION public.generate_deletes(size integer) OWNER TO lukas;

--
-- Name: generate_deletes(text, integer); Type: FUNCTION; Schema: public; Owner: lukas
--

CREATE FUNCTION public.generate_deletes(my_table text, size integer) RETURNS text
    LANGUAGE plpgsql
    AS $$
declare
sql text;
my_ids integer[];
id integer;

begin
my_ids:= array(select round(random()*1000)::integer from generate_series(1,size));

sql:='';
foreach id in array my_ids
loop
sql:=sql||'DELETE FROM '||my_table|| ' WHERE id = ' || id || ';';

end loop;
return sql;

end
$$;


ALTER FUNCTION public.generate_deletes(my_table text, size integer) OWNER TO lukas;

--
-- Name: generate_inserts(integer); Type: FUNCTION; Schema: public; Owner: lukas
--

CREATE FUNCTION public.generate_inserts(size integer) RETURNS text
    LANGUAGE plpgsql
    AS $$
declare
tables text[];
my_table text;
sql text;

begin
with sub as (select table_name
from information_schema.columns
where table_schema='public' and table_name not like '%history' and is_updatable='YES' 
group by table_name
)
select array_agg(table_name::text) from sub into tables;

sql:='';
foreach my_table in array tables
loop
sql:=sql||generate_inserts(my_table, size);
end loop;
return sql;

end
$$;


ALTER FUNCTION public.generate_inserts(size integer) OWNER TO lukas;

--
-- Name: generate_inserts(text, integer); Type: FUNCTION; Schema: public; Owner: lukas
--

CREATE FUNCTION public.generate_inserts(my_table text, size integer) RETURNS text
    LANGUAGE plpgsql
    AS $$
declare
sql text;
columns text[];

begin
with sub as (select column_name
from information_schema.columns
where table_name=my_table and column_name not like 'id' and column_name not like 'sys_period' and table_schema='public' and table_name not like '%history' and is_updatable='YES' 
)
select array_agg(column_name::text) from sub into columns;

sql:='';
for i in 1..size
loop
sql:=sql||'insert into '||my_table||' ('||array_to_string(columns, ',')||') values ('||array_to_string((select array(select ''''||generate_value(my_table, unnest(columns))||'''')),',')||');';

end loop;
return sql;

end
$$;


ALTER FUNCTION public.generate_inserts(my_table text, size integer) OWNER TO lukas;

--
-- Name: generate_updates(integer); Type: FUNCTION; Schema: public; Owner: lukas
--

CREATE FUNCTION public.generate_updates(size integer) RETURNS text
    LANGUAGE plpgsql
    AS $$
declare
tables text[];
my_table text;
sql text;

begin
with sub as (select table_name
from information_schema.columns
where table_schema='public' and table_name not like '%history' and is_updatable='YES' 
group by table_name
)
select array_agg(table_name::text) from sub into tables;

sql:='';
foreach my_table in array tables -- return table?
loop
sql:=sql||generate_updates(my_table, size);
end loop;
return sql;

end
$$;


ALTER FUNCTION public.generate_updates(size integer) OWNER TO lukas;

--
-- Name: generate_updates(text, integer); Type: FUNCTION; Schema: public; Owner: lukas
--

CREATE FUNCTION public.generate_updates(my_table text, size integer) RETURNS text
    LANGUAGE plpgsql
    AS $$
declare
sql text;
columns text[];

begin
with sub as (select column_name
from information_schema.columns
where table_schema='public' and table_name=my_table and column_name not like 'id' and column_name not like 'sys_period' and table_name not like '%history' and is_updatable='YES'
)
select array_agg(column_name::text) from sub into columns;

return generate_updates(my_table, columns[ceil(random()*array_length(columns,1))], size, null);

end
$$;


ALTER FUNCTION public.generate_updates(my_table text, size integer) OWNER TO lukas;

--
-- Name: generate_updates(text, text, integer, integer[]); Type: FUNCTION; Schema: public; Owner: lukas
--

CREATE FUNCTION public.generate_updates(my_table text, my_column text, size integer, my_ids integer[]) RETURNS text
    LANGUAGE plpgsql
    AS $$
declare
sql text;
var text;
ids text;
id integer;
idtxt text;

begin

if my_ids is null 
then my_ids:= array(select round(random()*1000)::integer from generate_series(1,size));
end if;
ids:=array_to_string(my_ids, ',');
size:=array_length(my_ids,1);
idtxt:='id';
sql:='';

foreach id in array my_ids
loop
if my_table = 'category_product'
then idtxt:='category_id = '||id||' and product_id';
end if;

var:=generate_value(my_table, my_column);
sql:=sql||'update '||my_table||' set '||my_column||' = '''||var||''' where '||idtxt||' = '||id||';';

--'from generate_series(1,'||size||') as generator) '||
end loop; 

return sql;

end
$$;


ALTER FUNCTION public.generate_updates(my_table text, my_column text, size integer, my_ids integer[]) OWNER TO lukas;

--
-- Name: generate_value(text, text); Type: FUNCTION; Schema: public; Owner: lukas
--

CREATE FUNCTION public.generate_value(my_table text, my_column text) RETURNS text
    LANGUAGE plpgsql
    AS $$
declare
my_type text;
begin
select  /*case 
when data_type='character varying' 
then 'varchar('||character_maximum_length||')'
when data_type='numeric' then 'numeric('||numeric_precision||','||numeric_scale||')'
else*/ data_type
--end
from information_schema.columns
where table_schema='public' and table_name=my_table and column_name=my_column and is_updatable='YES' into my_type;

if (my_type like 'character varying') then return (select array_to_string(array(select chr((ascii('a')+round(random()*25))::integer) from generate_series(1,ceil(random()*20)::int)), ''));
elsif (my_type = 'integer') then return round(random()*1000)::integer;
elsif my_type = 'timestamp without time zone' then return current_timestamp::timestamp - random() * (current_timestamp - '1990-01-01 01:01:01'::timestamp);
elsif my_type = 'boolean' then return random() > 0.5;
else raise notice 'not supported';
end if;

end
$$;


ALTER FUNCTION public.generate_value(my_table text, my_column text) OWNER TO lukas;

--
-- Name: measure_exec_time(character varying); Type: FUNCTION; Schema: public; Owner: lukas
--

CREATE FUNCTION public.measure_exec_time(sql_txt character varying, OUT "elapsed_time [ms]" real) RETURNS real
    LANGUAGE plpgsql
    AS $$ 
declare
t0 timestamptz;
t1 timestamptz;

begin
CHECKPOINT; --DBCC DROPCLEANBUFFERS; DBCC FREEPROCCACHE; v sql 2016
t0 := clock_timestamp();
execute sql_txt;-- queries
t1 := clock_timestamp();
"elapsed_time [ms]" := 1000*(extract(epoch from t1)-extract(epoch from t0));
end;

$$;


ALTER FUNCTION public.measure_exec_time(sql_txt character varying, OUT "elapsed_time [ms]" real) OWNER TO lukas;

SET default_tablespace = '';

SET default_with_oids = false;

--
-- Name: category; Type: TABLE; Schema: public; Owner: testuser
--

CREATE TABLE public.category (
    id integer NOT NULL,
    name character varying(100)
);


ALTER TABLE public.category OWNER TO testuser;

--
-- Name: category_id_seq; Type: SEQUENCE; Schema: public; Owner: testuser
--

CREATE SEQUENCE public.category_id_seq
    START WITH 1
    INCREMENT BY 1
    NO MINVALUE
    NO MAXVALUE
    CACHE 1;


ALTER TABLE public.category_id_seq OWNER TO testuser;

--
-- Name: category_id_seq; Type: SEQUENCE OWNED BY; Schema: public; Owner: testuser
--

ALTER SEQUENCE public.category_id_seq OWNED BY public.category.id;


--
-- Name: category_product; Type: TABLE; Schema: public; Owner: testuser
--

CREATE TABLE public.category_product (
    category_id integer NOT NULL,
    product_id integer NOT NULL
);


ALTER TABLE public.category_product OWNER TO testuser;

--
-- Name: customer; Type: TABLE; Schema: public; Owner: testuser
--

CREATE TABLE public.customer (
    id integer NOT NULL,
    name character varying(100),
    email character varying(100),
    password character varying(100),
    active boolean
);


ALTER TABLE public.customer OWNER TO testuser;

--
-- Name: customer_id_seq; Type: SEQUENCE; Schema: public; Owner: testuser
--

CREATE SEQUENCE public.customer_id_seq
    START WITH 1
    INCREMENT BY 1
    NO MINVALUE
    NO MAXVALUE
    CACHE 1;


ALTER TABLE public.customer_id_seq OWNER TO testuser;

--
-- Name: customer_id_seq; Type: SEQUENCE OWNED BY; Schema: public; Owner: testuser
--

ALTER SEQUENCE public.customer_id_seq OWNED BY public.customer.id;


--
-- Name: product; Type: TABLE; Schema: public; Owner: testuser
--

CREATE TABLE public.product (
    id integer NOT NULL,
    name character varying(100),
    cost integer,
    amount integer
);


ALTER TABLE public.product OWNER TO testuser;

--
-- Name: product_id_seq; Type: SEQUENCE; Schema: public; Owner: testuser
--

CREATE SEQUENCE public.product_id_seq
    START WITH 1
    INCREMENT BY 1
    NO MINVALUE
    NO MAXVALUE
    CACHE 1;


ALTER TABLE public.product_id_seq OWNER TO testuser;

--
-- Name: product_id_seq; Type: SEQUENCE OWNED BY; Schema: public; Owner: testuser
--

ALTER SEQUENCE public.product_id_seq OWNED BY public.product.id;


--
-- Name: purchase; Type: TABLE; Schema: public; Owner: testuser
--

CREATE TABLE public.purchase (
    id integer NOT NULL,
    date_time timestamp without time zone,
    customer_id integer,
    product_id integer
);


ALTER TABLE public.purchase OWNER TO testuser;

--
-- Name: purchase_id_seq; Type: SEQUENCE; Schema: public; Owner: testuser
--

CREATE SEQUENCE public.purchase_id_seq
    START WITH 1
    INCREMENT BY 1
    NO MINVALUE
    NO MAXVALUE
    CACHE 1;


ALTER TABLE public.purchase_id_seq OWNER TO testuser;

--
-- Name: purchase_id_seq; Type: SEQUENCE OWNED BY; Schema: public; Owner: testuser
--

ALTER SEQUENCE public.purchase_id_seq OWNED BY public.purchase.id;


--
-- Name: id; Type: DEFAULT; Schema: public; Owner: testuser
--

ALTER TABLE ONLY public.category ALTER COLUMN id SET DEFAULT nextval('public.category_id_seq'::regclass);


--
-- Name: id; Type: DEFAULT; Schema: public; Owner: testuser
--

ALTER TABLE ONLY public.customer ALTER COLUMN id SET DEFAULT nextval('public.customer_id_seq'::regclass);


--
-- Name: id; Type: DEFAULT; Schema: public; Owner: testuser
--

ALTER TABLE ONLY public.product ALTER COLUMN id SET DEFAULT nextval('public.product_id_seq'::regclass);


--
-- Name: id; Type: DEFAULT; Schema: public; Owner: testuser
--

ALTER TABLE ONLY public.purchase ALTER COLUMN id SET DEFAULT nextval('public.purchase_id_seq'::regclass);


--
-- Data for Name: category; Type: TABLE DATA; Schema: public; Owner: testuser
--

COPY public.category (id, name) FROM stdin;
23	oztbxsywfuvhhh
106	ylyqdodxoxzna
15	ugrgrmpuol
120	arlzuetblytvfm
162	vozqzqdp
84	sjtyzdfuvet
25	gthneyhuam
47	cgrnpjxxigqtj
134	fizqfcua
51	pldgjghyvauc
124	bilptibdk
111	sfytbnnvqgndbiz
5	ifxnh
22	wzzdzbhpgaue
37	mwpslfrcdotxlpb
57	jkucmqfty
16	ctglohhxjlam
161	vtqlhtqofct
133	daoodaoffgjk
43	uiqfysfaxkphon
46	tmbrvqv
126	cnwdru
76	woeqqaxiwffl
156	spnfgftwckxf
39	qalwmzopwr
11	ijljbcep
94	axtgx
10	mbohzxrpqywnz
92	pbkefvv
151	cmtpmygwgxzra
136	naegbmqkj
65	knsiheyctzaygk
6	ujpnd
97	cnafgkfq
113	oebziw
31	jybppdma
54	xpllmpmqy
159	yyvkzqehngp
87	vptkhjyfnupbwr
139	ncsfdjfs
145	vhlynw
61	scmqiwstxxusolb
14	xomzaxdo
24	eccqs
100	atkaxdmsrwelb
69	ggbqekvbqbl
132	zjpus
86	zozkp
150	afqjhmz
50	vinzmhjugnd
19	ktdoox
17	vxakymrsvwy
131	mpspitryqd
18	jvrhprexuewc
103	ggjerekuif
78	sqoucglnaunhwfb
160	plhhnaazxvjv
147	uwwgstoj
71	pczykglrl
45	ndeegq
142	wvkrfrmv
104	yrnhgohvubmc
128	cscbwkqld
117	weyhijx
62	ivazsv
101	xkjjzbhihxtc
95	laxbrtwn
58	scnpbctn
21	ysgasamjmvkes
154	opltgbur
20	oxtpwn
123	gvqvfcpvpuqmnnw
130	lajwvymwb
80	zdojooumzqh
33	wvboqh
81	aphqotfzycryg
143	rsxkuufmmbchnt
8	dmeuba
9	rantfc
125	cvhfhnui
153	gsauwomtynvocrl
146	snmfexx
70	hkkbwnxrjgd
115	wwrfplgkbmmy
90	nbckwuqykcjab
77	qymwpjtkhqe
158	ipcskbmoqunacg
141	wafovmcnhr
12	gtieu
36	nvtkxax
98	tybyadhjauwkxz
157	skbzlaccshhsw
164	johlforcaa
68	wbdyabwz
165	esgaekvrmnulm
114	zqvhvodjplu
127	lhjzddjyp
108	ujsimp
67	cekqixzgsejxb
119	jayiszaxumdkjoh
52	fhzbraupiwj
166	zqylvah
99	kretwmzrzgg
29	hyrpgrsns
107	zymgetgqt
28	vrxqfo
122	azktiboahw
79	naxjpnyu
1	thfpteegzlfz
74	onmpzn
30	stxlynwuvnl
59	wnzqgteu
148	xcydxoc
88	jcgtedp
105	sypnddpnv
34	dqdseyweo
48	riskuesvd
53	oucmneibururglv
138	vthutudgxttfuc
44	konnbuhtdratbt
72	qnfhfuvibtlv
35	jrynblzhbpugyjw
75	dyekdydhkjk
96	wlxamgjtmpo
152	cwucb
27	ryxfpxdftalplik
155	svjawzjif
118	rhwtho
140	ktxcmeqhcdftop
149	umxbbijzaktacwy
73	lqksxrmnmjoklca
64	fegik
185	lhaipc
190	grrvsvivcwijd
193	vdvwuivqo
198	uyxdnpyzrijjsv
202	wsmucchomarev
318	dckgyg
212	rfvoiovwlue
203	mrrvn
191	kpzdtzozkjfbyl
223	uihbcmbzxmf
225	oyfbuzslmogc
196	wynhatwezb
235	xhpojuii
278	bmgjkxjuovb
239	tpcshemdhq
240	eipomeybnpix
241	ytvmnce
326	ofuykvytqy
295	ibbackd
228	hnazwrbuiozcw
242	azdugx
243	xpwfnbhggb
236	jstys
244	hwdgkapyq
245	nsxhaqvmwzd
251	viaifadon
246	akpcnt
271	stiowqdihezah
292	kaypbfjf
252	ykzwswecvtrht
179	nmtdm
204	ptlxpalndfywbow
261	vzfhhjnzacwjmf
254	jgxzosafqzdzfe
307	shbpums
238	tuikyeaxpj
300	wsvwpbtfyzxxe
272	udvnapqogggkf
197	knnsclmahhvb
227	rinyucpqjsooxdq
276	nkpepzmevnhkoc
207	itutomviq
286	zfvdvbmwgmtlmbf
289	iuzhudworpyhusu
206	wszvvfvdjg
290	walqzgkstjzkemo
168	uyctvcxqzthc
263	flfukubi
201	fvphqaptgxhejqj
217	pgvzegv
298	llltmkkcij
302	ppmnqrr
219	ggvrdaudnb
306	mnbupelajuozb
291	oruqiwzincupgi
195	ftigmoqzmjzni
121	ngfvz
284	zvxynwneqjq
313	bpnmtywsqggbswo
265	lkypmgcjnusb
288	bbtzgv
177	zvyomjxkvqnlnlw
13	zaxxmowqlpywzp
282	veyew
93	pigdpjwiaagaxuj
287	giblng
234	tuyfe
183	gcxpfllka
175	mccljizjhig
170	pqvfgwxk
256	dadglfri
281	vuongmrnpvvaako
213	smjvvegziytigaz
222	bdzmymguh
257	khfpv
275	qedtikh
167	kwsgfgtyukjqd
248	xelwabgpqoac
218	krpch
301	ppypssrcfqcle
181	wfyuz
192	nezpfxbtneitpa
169	xflpckqdnylwqfl
182	mewjpgiuokzfpmn
308	ftvxkcfruvvl
305	axdglj
232	qmwxeupahujivmx
180	kttienxdvg
229	nflhcina
283	vtiiyyudkk
55	culceuswacbtlc
249	atkuwzo
267	oqdtffthbklx
233	tjftkg
285	xqejjekphkyyr
214	mjjguyglaqh
268	emdjj
321	oodrprt
253	aidhtwpqqmmox
49	cgyhis
310	mztaykjy
315	epulrzomqnne
320	rssnhx
325	bsfvwim
171	pnmbrzmqbplas
260	ojesdukgv
220	czbed
205	gfgzze
304	jgofmjgit
211	utpjqxyud
309	idfpktdgndct
224	rxrhbe
255	flqrleuyqofuz
226	xvhtqnbzfupe
189	mskjqpcbctcoiob
264	zprabyddthpk
273	jrnzoi
324	sazmrq
274	svihknx
311	zrxhwzvxbwcxhn
163	vdwrupdsj
173	dmciqqlggrxplp
188	gnwsbljearqjc
294	iiprywknw
237	heoihkfvrdsx
230	mgbriaiplovc
184	dwrcqjyh
323	aekugaslyaa
297	asynkoibvzu
216	tjybgwfsyhcsgoy
269	efjruo
270	leeljbhph
259	dmgjs
279	zgtpdm
200	nsdsbn
172	rqellclf
314	xeqww
317	qbwksdwqtrzjgqp
4	ghzxtnpthld
262	lahozsluqlatbsv
316	qsfvwrsurlv
215	zhrudxufyxtms
250	furfjzqwh
322	kuimf
312	hbcdkqxkc
231	zydappjxila
144	njzwzfztg
208	gscpmvnruoqwhu
329	gpjzpcm
337	osownnuwc
338	waowxeagwvn
341	xhtbdxnpxvelg
344	dwwpdctmlqgthe
332	tdtstfxh
353	cmktdphldui
355	nfgmefwgtpwl
356	ajpegunczkfkyb
364	mvvdpety
110	leftrac
361	vpaghnkunqmcujw
368	nnueendoskdel
371	ewmlljntswhsqvu
372	etphdskazyqyli
373	ctbcjacffjo
335	rnlorxyc
374	pfuwsmfyep
375	wijjmhhatzsd
376	crpzfnqisknguz
363	ldyldafqv
116	bbhzieuxh
469	sklozzm
379	azlpgfjfhirih
381	wkwxdl
382	vgpzdns
383	lofzanumkm
209	omawfje
385	dfxhpux
389	ngrhsvkyxsj
135	zjvamw
390	hbafvzpw
392	vhkohuynkss
394	syspvymjax
415	ewyqtoviqzcl
395	nbjmigr
340	tcaympin
399	crrinosdgwn
400	evkiia
26	wkabrvoezoueism
435	crvecwm
402	ghefximbqjbmzjd
447	sktagxvjqmkrdzi
327	bbdjflemd
405	nqaolxrtahh
102	wzkcyy
7	ydoaxfzkh
412	vpjkwugibprcl
414	dsnmv
416	fzqcpazwm
419	jprwfboalzvu
420	onchrxdfmdzu
421	keioyrwum
422	hqmdlmkddavwo
425	exgpnqrqa
427	ctndozzipnuhkpm
428	mlqnsfmfi
342	voxmtopb
331	zwlohuntazs
432	uvjkdhxnscifp
433	xlfketirnkuds
137	kbhrwdxc
410	qochhnerpv
404	myjxgxofsz
458	eflirvk
351	fqiprpxsmevin
444	nuunmwygjgmcngs
445	tlvtyeylya
378	qixoceeljpenut
453	rmeiafkhcs
454	cwnlrgnzlxc
448	zhmyiiuh
424	upeqjxzmchpxhyu
459	tuofhsv
460	uepht
406	cuthpmiyg
330	lsauasmuiqhl
462	sahqsntruhef
465	sqcqh
359	ulwhe
468	mtefeabpisoaake
370	bggkzrmobpwjk
471	goljdchvvp
474	oznsiglqtlummd
401	ssbboc
476	ygfqdwfnn
176	nbfxaeeqvtg
221	jhjtosl
478	nixufwisvrtumbn
362	sueepmobbpslswe
199	fiuepbj
377	gvnsyg
418	igrmqp
348	qeexntbqbamnh
357	jwrjlzea
386	stopyayuwyuezg
440	cwhansuvuxygf
473	edkkvwj
32	kvwfa
354	gbtikhpqbm
346	errndwk
387	pwyxurihk
407	ixvnrurrubxypo
463	nynchrj
439	ryinalyvsqif
467	qspsfdjo
89	fwrowytxrluje
408	yrfztwvcyqdtuvr
174	qkrsokbvi
112	vrbfk
82	zhnixtnuc
343	pvgmgfccmkzy
449	tqhzwvgjyxv
430	yqidorccu
411	bpngfa
426	tttpci
339	zpfzzgxdp
367	zlvpvulpuc
452	izfdcmfinaobsk
441	iazaacilm
455	ahnagbxcgeuf
442	twlbazqgzkwuwvm
358	msagimj
41	fzdzactwncgkma
350	ddrgsaji
388	qevkybaoyycbh
38	vwodzydyfrfhag
328	ztjilculobw
396	vkikwsrozphg
417	xywcqzk
349	onqshgexdilak
456	ugrgsnj
434	lmkpmpwmld
347	quccbwkujto
431	jhshtnusi
398	qmcukxzah
472	fqneppjetgqo
438	xazikvnbpmv
409	lhtndpe
384	ezocgpmvtnzihhr
461	jwpzwiglthtums
334	vxvaksluq
393	vyzzusrxmd
366	qtfxx
436	buayx
369	lssqxh
470	akogsflwkig
457	sydkhoib
391	xuznfcbffl
345	skvszlzwlhshq
413	hoxmjgha
451	ralgcufvozm
333	ofevbgwi
464	kffhcl
178	pwsmzyavxcpn
336	wbzuh
466	nuwgjrv
429	uxbezofknsdpu
365	crmow
443	lwfszvumrxl
360	jrgzt
437	iyfqqehch
475	cresjs
479	qzchdzkf
480	tctgh
482	eveqzhqymfgwyv
483	cheqxilcgolguk
485	wmxdbx
489	gmkrmmrxbz
491	agipc
494	cacjewyyr
496	qwbxkychmukn
497	mipqnen
498	vbcnrze
500	yjhtuwm
504	yiorqmiztyv
505	jrsxqunklcbmvdb
570	trnifyxjh
510	iwajmntclluaqw
503	conafxn
512	xozlzefc
519	mmkijkeda
520	pslqorpg
521	kdfuydooaynvi
423	icxeurhkbnra
526	opwfyuizzpa
527	qbajgupmoor
530	udixqqg
293	gqfvqnco
533	zavfdmdyshqxkiw
535	wdnrvuhzrkqbe
537	mhgumdokbcrnxcl
539	mgxkyezrd
540	rojmtxksjliyp
477	jdmufdsvhgkqj
544	gtpvypskerk
545	agpevqfgmtlgjq
546	dxojrwkux
547	kyamgpbsp
548	yaixz
549	xeqajbpqoxorbwg
594	vbans
553	huwvsiaemgce
554	rvvkr
555	vmombet
557	ybjnshxjvqvsvm
558	bpzdruwv
538	yceemnxmlablmj
606	vgohc
560	xmsfwbiayesbgyu
563	aqdjvqss
564	vrbscmqqn
566	zdceoolaqbe
488	gsiohipodflzhs
568	hkmwmvmyppkli
571	jhobbvvxlmm
572	syjybhpeehzgwk
573	vfwuudowc
574	xbqodrbqsscelp
575	gnohlnkzs
506	hgqrbzg
552	ndyojwlogb
247	brqxrstwu
582	wkvyyfovsvwc
518	mibldhd
583	mfyyg
584	cxsbr
585	rqinipuqwhk
586	bwnyejvjg
536	gjbksutcrxacsbf
588	obktuusgenngtw
589	vbkcswiu
523	zqnmujl
591	hdstmt
592	ccncytpb
593	sdjgct
596	tkfce
493	pxkzcustkqp
598	nsvkjiwum
599	dmholexi
2	ypsmp
352	ncnctymggr
502	ipnovjjtlbrixu
602	szallhsfxwjhz
604	wsrotzxmy
605	hlttqxkzkoccay
579	fluqdiftzabk
595	jrzhfiai
613	qdzpuedonj
85	eeklhb
56	duktm
486	rfekluo
587	pzqrjpnntxvsfyh
616	vtezxln
617	rgpcsoolcps
487	gstwlh
618	brihpztu
619	qzzvzflcgkqbbc
620	gboqcysyhlun
621	wtcivppd
622	ediajrwzcuwyzj
499	ffngbrvonf
625	vvwyiulf
626	nlmto
627	hsprwxd
446	tjyfikngyfskibl
632	vfdth
635	wjqepedlxz
636	bhlhrqk
637	wydjpxyya
532	jocoankubtaasj
641	uzwpixxkidnkbr
610	sbifynikonrdewx
628	caatccylsoykik
525	kidaeyqd
578	fkxqwucgdznss
577	vhtnoemtnjefej
551	dmeeiz
614	boqrzbuaftdf
543	yjxytj
515	czmbm
484	tqwrmclexz
529	kdhmwud
601	thekjjz
556	ngsqespgyobwuc
629	taobtalin
531	ajjlltgcvacuwx
633	kqxssxwapyzxbxc
612	kkakbcnxufhdwd
639	vlewefeyd
528	pqqlk
580	dffzednmfbmy
603	fsdxoynlreiz
559	wplwbkeqtvudty
561	lflgiam
514	lcxxzteo
517	neszyekiqycrd
508	tfurktcvg
607	azzevhekowq
534	sdwgppopmgakra
611	wvkbu
609	zipzwy
638	twaykb
615	tivukchfvn
600	oddbvtmljnqyg
524	hqjixuapysi
495	psmzbdf
516	kpujtwjkf
569	erjrsfnyn
597	prfeeujm
567	umoaq
565	vaaskfftaluhik
481	dkczarfkmtg
631	pixkumxu
542	btuym
509	ghtuprqpcczzj
550	nmqcxwfmkk
541	ydjmya
630	fdnpmvca
634	dswsksuotnc
501	mwaputgvkxmu
576	obqifkkmq
623	echtozqoisit
522	vrpnaa
513	ktqubsbcpyrnwjt
492	pzxsbszmoyctlyw
507	efwnvtdgbzshgjw
624	egbhemq
642	pkxjyolufhf
645	bmpvauyp
646	bxmbnqdtkky
66	abobg
650	eqxmbdykgn
651	cmlcyppelplhfbt
652	urevepoqbbxw
654	gxalkauem
655	pzmcfwia
656	sfwkgb
658	rvrqllyg
659	kutfnyidfkrg
661	vuqpzdcnhbrwpqh
662	fspmiuts
590	xlyvdbtzjvmk
663	qhmeysa
664	toetrvcmh
668	uhndtyegmxv
670	bcgcyqx
671	ksclxa
672	synjbawulzqfqbt
676	xpblyrbrvetl
677	ataazrc
678	djpzemhhjr
679	nlyofbidnxxc
680	gwmcgrv
681	dsiiqwwvmdum
682	pqtyhtxxqhqssp
684	olnan
685	exrmkaua
688	yywfchhhva
691	ygmnqxfygjmhwyf
693	jiqwvsoueaun
694	vhnalnjbokipoc
761	soodyb
698	xcnzxqocapfoghi
673	nufvjyv
700	ylttey
701	opfeqrkw
703	wrrjowrxby
705	zywgkfvjef
707	ovqlr
708	qvzqzrzdj
709	axajvlh
710	xnhnood
711	cvmplcbzpgqxbm
712	cxjidbxyvomnaz
714	qmsjblc
717	idyzj
719	rfjop
720	tmehlufs
640	mnmckrrvwxatrub
675	zkqscnibvild
723	xufzwfgicf
726	tmeztblbtnt
727	xpfniqoiko
728	bwzlclumhtzkknm
730	jekwf
732	uhrghmd
683	xbqnwriuhmalhd
734	ovlejgpih
737	qehtnawnioestf
740	csczewztps
743	ajmiwybh
741	nrsmh
744	jjacm
745	vjzeob
747	xzuqgdjcgpbg
686	xiexqxahbxsq
753	xilocwd
755	inpmhihnrzrpx
757	xybiovzhcrgk
759	aucivm
695	qzpkjdsyzw
762	pnsjqqkogzas
770	eufeyodid
772	txforzytwq
742	kijgle
644	srtifli
774	hcukc
775	cbmyzabbzrios
776	pfjtryofkjgduxc
777	bkyrvogiz
692	hdswow
779	qlvfykfphijrm
780	zecua
781	dtxqpndyhyhwweg
782	csvhduiiv
783	rsjgrpqi
83	wgxpuynzfepexkb
786	mcawu
787	hznoxzkoagu
788	cbcxqfzqhwexn
669	gmpspeuxjyzcug
791	ynycfwlyamund
794	lmwtdtjflknxah
795	eazdygzr
722	ykxwnoifhva
797	nfqrgallexpqg
746	gotftkoslgo
766	mcwlkzjj
754	eknkekiqqt
784	crwjkgzwqmn
3	olcdqeqslzwh
760	msxtbkwlyfcb
697	hersgjf
689	ijfgphrqxllfbza
799	pybbvuustud
736	ppssintkr
729	xfsrnt
660	zcjbmcfqjd
767	hpyhe
674	oikrptytwlenyex
796	yuipmoocfzz
713	mhxyv
769	xyzapdzipuztu
725	qdvjrfbqzltjlu
721	elxrswcpdji
666	nzigdcmju
773	eabsm
687	ixneggasu
792	wwwnoeelrhcvn
608	zqgnpk
763	wzaokhodpyaye
758	kjvtfbkranr
718	aoumqbnnbnejv
665	cayqfgjmojvzy
733	xngfhwoy
789	aumbydlsebmcmv
647	nbqlczy
749	zctty
771	onjgnfnomxlqy
706	ltoqex
750	rmzvaxxg
751	wudtbprlaxv
768	tfqimurrxzrnyjz
800	hpxfgdovdmid
793	kojdgxalcquenr
653	jbbsjpejprj
690	lncbhqd
511	roijcgvhlobj
765	dkllicm
704	ljclsw
657	qhpypfnj
790	lnlyy
756	jlvdobe
696	ouymsafltaem
738	eapsog
702	oxcosbusp
42	xyjeepmekfkbudg
801	djuzyido
643	iwpkrvft
798	xfhcbdl
731	qibsjwkfum
699	dgvlvrjcd
735	mxgupcsscekhuwt
648	kghokqg
785	sxjkllhw
724	zgrowqkkysrkkn
91	tzujlkghukj
764	sovwxc
739	nldpq
109	hijxnezy
715	ucbtgq
667	sgizkyxjmntibc
716	lkhzni
807	eqwjlhusl
808	zmqsaharwyjv
812	hytgcbcpowqxt
816	xbmrysvi
817	dhzorkkjuy
818	aqvhfvubaz
820	lihxunweqmny
822	gttdwzcdwvevs
810	cvumgfviebhvtyu
825	gswuwzsxypuo
826	xgvprdanuj
912	xfqskdzhhoh
827	yznoabbzzoxtn
830	qhlammzdc
831	zjpzrbezdos
834	fiqsdndjfar
837	nppucwuafnug
838	ybsjcxtp
839	fryfzkyzsx
841	ommgbd
842	cwoosvwainqz
843	xqcsypclmi
778	lsvltuivvpoht
844	uicwkaqaoti
846	uzauls
848	xcsoome
849	wvhyzrrd
852	hxnefotl
853	xvhzqnqhbiyz
581	tmmlaqddfd
854	fnmqwhyqvbvmtx
856	mjulslfz
857	fbhyov
299	iywin
397	qbnqw
859	snrztejzdzzmoc
910	wekpogbw
860	higevc
861	kargsgrpj
862	flvhviovsayqrkf
832	nkqdooarqhoqenf
864	wawhonwmzip
865	pjkagcwnqtxyxt
867	oouzmwe
869	qasxcxksor
870	sefhpsv
871	avbgimuyoobttvc
873	gutcbthbjf
875	uoevlhoc
877	qcnjgk
878	gixvqbf
876	wbeboqt
879	mzsszgjwsyvgj
880	tazvhsbtmkc
821	ahfpsuocot
882	vkykqnezhq
883	eppicjgw
850	kzcpul
813	hytghm
884	ahwbuqro
885	tmidmpwqvs
886	ubdcavpmbfgp
887	nbjgxhna
888	qxswzokjdwxmas
889	lqvggxpztvaamc
890	drclqhcvxmd
891	fseld
892	cbkdhb
893	jaiznvxnpzcuoz
895	cloqkdoa
896	bqmdmcrk
129	cexwtijrejs
897	cndkwmnq
898	qfmoxphzzn
899	rxpekswiutbprel
900	okdqaktocljm
901	qzpesilyjwovxy
903	erxmciurzmoh
904	yxgfdovodbgotz
905	gbuaicmeyxxztp
906	xfuvxkwcomc
907	bddxiwlygwu
909	tmxknn
913	dtukfekfyspdk
40	zqzmqq
914	jhganbulf
916	xlznuw
917	xqfpu
918	tscbfguwvvhf
919	owqhgedlp
920	yfummexurlbmfw
921	duyaeheegj
922	vqiagfjpvrrrp
923	obflxsndlylpurl
809	rmpxyystuoymqcb
924	taxcfqowtlg
925	rujpfiyhw
926	kbousfz
928	fhdtna
929	kooncni
930	qvgdkcjxixqmsen
932	cemowuu
933	fbnrlmmudriqcy
934	wzjwtqp
936	xazwy
938	eszpoh
319	zqfhbhokc
939	tndtgbjjsgssfn
940	dixozuxz
803	qiubclxnen
649	hukasxlhcxoh
942	lehhmeomicwdn
943	glzhdkssvoo
946	cgdqn
948	lihtoun
949	uxllhahb
950	sqrqhen
951	mwrbbxmnz
952	bcaqzma
866	tyqaxyovkc
63	yrnxktltonew
953	prfaspqdlcizx
954	kiwknp
823	knfzbps
955	tlrbzdo
956	mmibaubwuny
957	onxtg
819	rgamt
959	xvvdwrksjyqlaay
960	hiwzapg
962	hvexrrlrc
937	xigkldk
911	elvggbtkxeuxqgo
894	oocsigdqmjkwd
828	rxfuafjvzg
944	bgnodcefb
805	dustvz
902	ezcsdxkmhj
814	aktreverw
855	pwpqtuhwbfdzm
296	ppyiid
847	ydjovnx
804	foksoq
815	zntvgfnypnv
748	senotbz
829	bwojjaeqjh
835	gdvxqpm
874	jmgxh
908	oodtkgljaa
833	blnuunfoxoggbj
836	hlypzrzvtibbspc
935	tvffvoxsgxn
872	bfoeqiwy
824	xkyyurcktsl
947	tewivgvlw
881	klkncgujwdagvb
958	tvvasutmkdl
186	hykggihrhg
811	ccwojvla
863	fxodkkrxysqo
945	ufaowtg
868	sanij
915	gwhza
927	jacts
941	wuztircl
845	ufrdiraxetsn
858	jhrfzgmyktxzetq
840	invbhdg
961	yrykt
450	onzgyadiw
931	mmweftcabrdhthr
963	kbdsb
965	qtphzosbpg
966	gmqfxxsxgic
967	cddujbkbw
968	dbkpyifj
969	enlztjn
970	amftcxxdcusvpy
972	mvzlmqggwkq
973	bnnqodbpgbwcf
974	khahqacjx
975	bgkvru
280	tdkjalukwqu
976	aksvsykltf
977	rfqnuymrwscmpfa
979	hwbxtdpz
980	xfdoiku
982	izfvwtodfdf
983	jttxkzlkik
984	ckcbjf
985	mrrtnnczlvz
986	atqtcjlwjzhkhp
752	twukmmtrsnlj
987	ftzaq
988	wgdhyymxn
989	vmnjyyeh
990	qeisduq
991	qscnayllboioe
992	xhulav
993	ntgyvkj
994	vkbzygfepkbztkq
995	ibary
996	bsvtnwsyjtey
997	drwxgk
998	xwvaimxresd
999	gbvandkkew
1000	okcxjtc
1001	btcnckigybn
1003	ergkaedtlnc
1005	kpcjlvjbmvfbbv
1006	ojpmo
1007	bpveekkf
1009	stsov
1011	ljshmgeknnbkzd
1012	tnubjivbf
1014	tqxuzbbjjzlvx
1015	bvndmqbom
1016	limuiixwdde
1017	kqaifuwwvhhqykl
1018	bltndjmigxbmyxj
1019	dzwmdpejodgib
1020	sbxftqynqiqjs
1021	qsvipty
1022	vytgmktduvrvg
1023	rjsgjj
1024	yojplwarsgawuc
1025	wvkqpdfjoraiq
1026	ofpigjbbcytwb
1027	lcjybyqhqrs
1028	yhzzcmjpf
1008	ebuqregxg
1029	hksgprevellpdoh
1030	cqfphiv
1034	bvginlildgyqf
1035	anikpfeqkpkv
1037	ngjlkgmtrtun
1039	wjdrxh
1040	znjuoxijfwk
1042	ciroqoxnyfyti
1043	gfllczsp
1045	qfxjolbtsahn
1046	oxcwmeld
964	sheybzgfrpb
1047	ximyrnwjj
1048	xjnhaumpcsru
277	rconqcuvzejebt
1002	lmlntppx
1010	hqafhcvacfx
1050	bnleedrmpuxgf
1051	lkilocvnx
1053	uttgmod
1054	fzjtlwhtgxkb
1055	onxkcy
1056	ghqhutfyunbkoku
1057	bistgobtckbzcm
1058	ezysmztacqa
1059	jfzmcmcg
1060	aszyrhhmubdig
806	wgnpvklwcgzpuhf
1063	fxqzjrnvmibonx
1064	jddmspyu
1065	wscshiyxjephw
1066	ufqwjzseeewoy
1067	rgyuzxviqlbzxid
1036	awlgv
1068	bqnwdwwqohyhj
1069	aryoxdfumqo
1071	ojzfapmukzfb
1072	qxusthgtk
1073	fiwjaqbktui
1074	ghzpxeskwcbaem
1075	zsmwsllhyzbvcs
403	tvnjnlhvtrcbniq
1076	psbed
1049	toxlskzosvagbb
1077	cblwjzxihkdfwi
1078	uevhfe
1079	xaxqorwkut
1080	xedvxjjjysire
802	npaygwldecoepr
1081	tnlduhsjbonf
1082	smfwjfqagcxb
1083	jchdldl
1084	esgmkyruof
1086	jzwxicpaqydaiog
1088	cjkanoumjzolj
1089	cpnamotb
1090	zoybgd
1091	fqdujaxwkxb
1092	nougolztie
1093	vnwqork
1094	cjkmjsnjbivhb
1095	tvgnzg
1096	zdqimod
1097	bsqucqzkopgb
1099	atfvhnls
1100	nhhxpffbzpskm
1101	smtggvsscm
1102	peksmxblzcmsbg
1104	xpymhgipktqzkfq
1105	hrrgcjprgrc
1106	fkidcpcgpvvkz
1107	cfqoutaawtxe
1108	firlb
1052	hariuzfimcp
210	nqqhypzbugw
1109	dejflqz
1110	uwzwnqmoy
1111	zqcoz
1112	egrhnotkzs
971	fuzaygczegaz
1113	wyzhrdvedywqzit
1114	yunzph
1116	jsupsixhlm
1117	xcrhsnchhvwg
1118	nvwpcjjf
978	olkhdxdqtg
1119	yjvbpgjyjwpkt
1120	hnjcisuq
1031	aqjkpvyswyxrvis
1121	mdvcjyzillag
1122	jsgkss
303	hrstqs
1123	vtncqcmgmpy
1033	ndwcaatoolfin
1044	ngcijrsjhukdpyk
1098	iduixj
1038	wgrsvpfq
1062	qkeryaxhcza
1085	nxjecgbvrixu
60	nomhd
1087	msiseoptiu
1061	menavjjaictaf
1041	rrstizumk
1004	umihmamlxhsubwn
981	xtbulgufzkfm
1032	sigijt
1070	qvkms
1124	cerioyr
1126	xolwdfawzli
1127	auvfcxj
1128	ckzvpzsjyegvfr
1129	ppaytril
1130	gunktrxmmym
1131	ijynxk
1132	xhyjpiwtjknhie
1133	uwayh
1134	iazqldqdj
1135	boxheusy
1137	ugfkksgmhqmc
1138	bhcxxdmdesb
1139	nzirpzdu
1141	dyezyefwgjzkfyd
1142	rzsmbtunmdeyn
1143	niqjhwyjrzhokq
1144	hrvvlt
1145	rcppktvmbalmwhn
1140	jaehfejru
1147	pdylzoodmdtka
1148	qespflkltopawi
1149	mnunhkjvqw
1103	nqgxxwphtdevuqr
1150	ujyosbjkft
1151	hsvbgoi
1115	gxqxwbudllzmed
1152	kkuddbievezjfn
1153	uwylucsmfqmh
1154	gvcni
258	vxkiz
1155	cfgdgdiptlhgid
1156	njpgvywixrhfv
1157	bhvnzhvjsb
1158	boegcbeqkivlff
1159	sdbsrbpqhofo
1160	rkfyfxfudnkstz
1161	nuirokzfs
1162	meeqouqilqlkv
1163	pieyjld
1164	kwimpqa
1165	qfgcqbjowz
1166	ohcnhogbh
1167	akdbodgtop
1168	dzwrfusw
1169	qwfnubshrm
1170	pjhberohnurbryz
1171	qymaoapaqqu
1172	odtififn
1173	pofdt
1174	pulkz
1175	tpfsznrdskc
1176	suvbwjxa
1177	cxzol
1178	vywvnbhvxvslxg
1179	etdayzh
1180	igyttjmvgcmeb
1181	invcafentfdjqe
1182	ogfhckonwp
562	njcmvrttortop
1184	flgzfxlekftddd
1185	dbbxxefji
1186	lihsnlcpremdtty
1187	svckrvpoiz
1188	obpltrfctngwu
1189	ptfvswznlx
1190	lbfiyynllambd
1191	obmvlubmr
1192	gapaqaf
1193	vybbthgcguzx
1194	vxapczsf
1195	aymbcdr
1196	hxqyedl
1197	gutulapyvymdjp
1198	eonyqfpbzjrkp
187	nyyqqvmwm
1199	cvyui
1200	ajavjrg
1201	bryabomdsnfxlhr
1202	rzgise
1203	cqrismxztnpk
1204	gicewvcrjiff
1205	rwlzqtu
1206	rxdgd
851	fzgxxgjgkivo
1207	zhjfnrhuzj
1208	vxavgfawxxcq
1209	keywmwsoa
1013	lvonpnjhbaslbkh
1210	fssttiyocdi
1211	gncotdxunaonprz
1212	swrfxzeu
1213	eeizvcq
1214	tavdjfesqw
1215	epggu
1216	yrqwtemu
1217	qsghfquuatgkvp
1218	lccex
1219	ejgzmykubp
1220	kjlkrqqugtrl
266	xwenccbdtapukgo
380	bpyzohaironexu
1221	wejxiddg
1222	zplzus
1223	nzycaladpolaf
194	sjnymaxgrbmx
1224	ylmuco
1225	yehqwwsdeflixbu
1226	hrjvrzjiokczwos
1227	rjbobwohrbzh
1228	csgsd
1229	gndbdzry
1230	swzamolbswzm
1136	fdqlcczqkrz
1231	skehywwg
1232	vpvazexenotk
1233	lktvs
1234	xcdxzjsg
1235	zyzot
1236	lrxoepiuyuem
1237	rynoksbompze
1238	roavfgoh
1239	namnmjlfsztdyt
1240	yvmdmcxqtrrny
1241	lazkper
1146	qnonqxqs
1242	stkkd
1243	vuymmlk
1244	hypnbkojobbac
1245	dcjbbgyqcxdx
1246	lvngbgbg
1247	tvivi
1248	ojkuvtnrigg
1249	sforfaaa
1183	ewqki
1250	mqoqtzzkyh
1251	cjfaivvtmft
1252	ofvay
1253	kaidc
1254	eouakedwkzul
1255	fjufrounmncibvm
1256	epabu
1257	mtplgtdlpgfe
1258	bwuxt
1259	vjhltj
490	qwisdwanpmzc
1260	dnaykscfbdpikx
1261	kshajwj
1262	xlhdfeinaexsvlb
1263	ettlzkjfweg
1264	wyptblyougpcffk
1265	uyihzdyn
1266	uqmutgnkhcum
1267	iizrqdpohsxwj
1268	ybjcueitpfnhw
1269	itmunshgwipb
1270	igtzqpaxvvlzspu
1271	eoedqckljoux
1272	ciduo
1273	rfujuagw
1274	aplshikeyfdiwio
1275	grojzej
1125	hhnleg
1276	ycsurxngje
1277	hfxjkkc
1278	getwggmyesn
1279	kopeetk
\.


--
-- Name: category_id_seq; Type: SEQUENCE SET; Schema: public; Owner: testuser
--

SELECT pg_catalog.setval('public.category_id_seq', 1279, true);


--
-- Data for Name: category_product; Type: TABLE DATA; Schema: public; Owner: testuser
--

COPY public.category_product (category_id, product_id) FROM stdin;
18	14
9	23
2	3
9	24
2	9
12	7
7	3
23	10
18	23
20	4
8	22
24	25
7	20
30	19
18	5
17	27
5	19
7	23
10	11
16	36
33	17
23	23
25	38
32	7
32	3
33	37
6	51
44	35
16	4
48	19
37	8
43	52
20	21
49	5
35	12
40	20
39	31
21	39
8	41
35	2
16	10
23	11
11	42
26	60
27	41
15	13
34	44
55	18
35	33
27	24
35	58
37	55
37	32
4	74
60	59
3	36
17	33
35	57
5	17
83	7
68	35
27	35
69	82
50	59
74	37
31	73
64	41
53	56
67	79
92	84
88	78
91	93
80	5
61	5
54	38
44	72
83	67
100	57
13	100
13	46
93	81
68	22
31	99
29	90
66	49
18	57
2	95
85	77
89	108
72	90
32	55
41	75
88	93
14	10
83	50
92	17
93	3
88	31
55	36
66	101
39	77
21	28
3	102
30	63
57	61
17	96
15	47
20	54
69	89
55	34
85	34
11	125
132	4
27	53
29	59
2	15
59	73
39	24
152	61
121	56
4	59
117	103
140	125
52	15
87	104
131	69
124	11
41	113
11	32
64	103
86	55
9	99
155	13
148	116
102	13
129	125
124	170
7	105
10	19
120	165
72	82
65	120
15	159
171	23
141	6
102	117
133	141
122	46
14	48
107	142
93	95
178	168
187	29
47	131
184	91
12	47
7	84
28	135
164	80
141	153
168	188
98	76
92	29
155	19
74	1
175	167
69	94
95	87
74	41
27	51
94	61
39	126
184	118
133	13
16	119
93	44
131	166
96	68
43	141
2	84
50	173
183	189
67	197
154	185
217	98
215	68
77	202
88	211
56	82
19	33
24	74
216	9
39	68
132	78
97	205
223	51
57	45
147	199
48	162
105	170
187	161
161	42
94	117
100	55
40	163
218	3
140	63
199	225
115	152
131	183
197	213
84	234
156	169
41	70
78	129
3	92
136	202
219	21
149	7
152	106
58	18
150	215
205	153
215	5
186	181
155	241
137	25
17	91
25	190
264	18
63	185
63	121
258	53
137	119
197	118
160	127
183	36
84	191
130	223
26	212
236	80
154	121
216	37
3	177
82	171
217	25
231	32
101	5
100	288
249	49
262	248
48	34
65	294
113	213
82	245
106	274
164	86
275	36
131	266
120	273
295	60
274	90
81	170
62	23
277	181
204	315
274	82
259	309
268	241
54	115
19	25
12	67
243	2
118	147
67	278
194	314
219	217
289	40
183	291
197	24
82	184
269	174
43	26
138	310
205	165
305	67
165	120
58	53
221	129
230	4
268	142
12	31
284	271
303	162
76	207
275	97
104	174
79	208
92	311
90	285
275	13
289	88
266	95
285	151
145	39
50	350
209	213
26	284
329	252
2	64
42	261
90	79
126	183
191	20
125	113
46	46
64	300
261	64
267	103
308	313
351	103
12	160
344	241
252	116
173	138
209	108
305	3
185	296
329	373
92	243
140	213
356	206
186	131
44	293
126	141
15	314
157	144
129	323
286	266
366	309
214	102
190	283
62	51
56	159
279	317
361	280
322	23
159	162
26	89
61	14
283	74
302	248
149	344
251	48
60	356
245	62
198	205
72	125
201	166
52	263
335	371
341	195
48	370
101	172
259	138
324	130
243	178
242	142
213	149
306	309
104	124
207	139
377	70
288	302
76	358
326	350
1	229
128	217
361	351
70	94
78	203
118	56
146	217
167	226
186	73
6	425
19	307
323	14
426	215
187	394
348	348
193	219
107	419
88	72
250	400
267	298
115	243
67	430
244	137
445	218
281	182
349	76
275	442
176	409
407	387
195	334
171	66
277	358
329	201
185	244
33	170
315	366
234	169
429	253
448	368
188	191
341	309
197	388
31	414
381	148
57	20
231	451
173	244
144	221
343	97
360	171
431	89
418	338
50	457
344	310
266	264
213	364
45	471
477	169
354	88
48	341
220	159
131	388
463	157
35	149
244	44
371	234
373	146
377	492
86	278
218	21
132	373
244	381
20	135
264	256
174	267
340	226
367	411
287	311
422	35
323	143
468	439
270	50
116	447
100	74
253	32
89	409
281	117
336	188
268	365
249	489
135	12
5	252
108	226
522	261
347	243
116	426
196	324
159	217
324	409
144	472
461	159
69	194
519	318
287	335
223	232
362	279
384	479
251	413
319	407
245	528
220	309
202	485
258	429
12	143
170	509
225	191
344	95
440	548
80	249
34	547
89	535
89	267
136	232
458	107
489	488
179	279
65	29
457	215
427	122
287	66
448	325
337	357
522	138
555	427
350	560
102	81
259	258
222	278
233	191
26	110
173	144
308	374
23	115
508	139
294	434
371	298
389	505
333	520
428	253
239	265
171	88
134	149
491	181
202	25
123	302
17	509
517	146
428	64
102	308
275	157
487	555
229	329
482	560
484	533
460	107
540	16
470	250
45	223
311	558
134	119
499	362
533	594
225	323
517	172
96	388
386	502
99	147
502	433
101	110
158	501
421	153
553	294
1	125
561	101
286	199
322	588
63	244
126	487
376	327
11	6
152	531
359	314
99	193
574	508
207	83
465	318
619	35
174	433
132	153
264	128
571	414
16	20
177	202
572	60
46	532
575	255
68	419
559	195
336	314
203	482
608	158
140	557
81	438
264	529
584	135
454	361
210	443
288	387
391	559
23	621
332	305
107	583
61	236
165	239
585	388
460	545
259	435
19	482
41	19
358	644
109	69
498	179
228	274
585	569
298	676
30	40
532	199
322	446
617	463
642	359
5	326
584	626
482	38
505	144
478	37
290	395
27	317
415	380
192	574
111	76
201	426
328	124
9	143
279	452
270	513
285	5
361	20
579	465
525	299
12	138
180	138
666	631
476	622
463	510
661	35
317	220
457	281
486	185
572	38
564	385
315	244
42	315
151	605
406	218
66	619
675	428
202	558
436	671
361	60
517	360
250	483
344	232
604	267
372	323
663	360
202	53
244	566
585	63
706	675
320	142
223	93
369	187
390	464
628	649
470	453
123	399
336	76
529	587
566	440
356	551
280	631
372	544
330	344
576	417
38	704
509	504
82	580
37	685
679	334
159	12
579	208
351	94
494	558
253	286
441	88
736	269
130	538
261	420
550	316
457	754
404	630
259	284
774	715
723	151
341	444
337	660
633	285
743	181
415	692
586	449
540	262
130	768
721	50
15	547
42	136
319	326
7	164
684	453
416	37
392	45
463	10
296	2
720	153
375	467
226	537
762	581
485	652
406	763
139	636
45	504
338	520
658	745
103	468
437	342
143	64
782	194
508	635
10	683
341	103
49	229
85	387
651	342
633	121
591	199
449	790
530	581
327	617
105	91
66	673
573	193
623	529
498	771
104	474
117	746
172	91
123	12
556	405
98	10
243	716
675	173
164	9
577	569
79	470
705	615
114	354
754	263
704	403
605	541
96	742
208	433
157	304
610	168
104	14
579	690
543	255
60	597
356	485
452	719
840	310
93	476
432	496
755	403
372	604
781	197
598	72
768	766
379	414
816	764
72	341
51	184
856	722
560	182
305	397
369	589
383	295
734	130
479	767
661	298
695	754
98	83
254	398
376	820
124	472
67	323
129	56
379	186
724	319
440	360
582	704
783	768
294	374
59	460
743	85
120	603
715	300
762	682
848	187
164	108
459	33
492	303
104	312
438	70
591	829
668	824
324	447
855	39
187	688
343	647
864	32
490	432
563	520
626	887
60	770
171	130
442	352
682	764
384	139
709	471
772	44
609	124
669	32
305	819
624	821
363	106
77	729
853	787
727	884
518	750
912	217
741	817
689	752
355	675
387	824
438	533
453	325
684	869
913	232
416	613
336	493
265	178
349	762
19	679
491	602
526	389
393	13
752	782
719	526
156	632
212	513
20	926
105	102
938	52
438	486
483	113
909	226
778	361
837	944
103	438
590	538
848	701
954	467
187	482
8	550
810	871
792	430
926	771
31	142
433	569
931	156
660	550
514	316
929	261
563	383
152	160
593	458
476	150
711	964
908	721
537	545
371	940
225	470
740	867
835	833
83	340
854	704
836	48
325	114
192	338
588	797
601	870
297	637
428	69
271	128
347	67
402	308
587	359
48	101
104	851
734	619
874	680
810	884
117	883
845	225
708	688
225	462
881	946
678	423
991	349
31	134
141	846
702	949
374	509
490	364
810	576
460	659
770	676
312	571
368	76
412	393
906	386
550	155
13	157
970	181
25	968
768	960
512	402
825	695
325	744
233	337
375	588
869	56
763	259
619	90
181	404
59	487
4	640
345	784
926	628
872	388
268	333
456	610
385	92
520	228
890	918
332	479
415	996
391	198
116	677
547	459
782	971
308	48
680	796
175	214
985	148
688	208
760	1010
916	309
178	332
238	240
624	835
769	300
86	268
619	963
674	766
839	765
216	725
746	97
433	613
842	997
396	1041
602	836
775	656
567	82
672	422
518	107
37	545
960	435
224	240
465	241
646	352
480	273
750	561
677	721
501	859
368	745
675	1021
393	209
46	332
4	212
1063	529
167	587
20	1061
262	493
227	550
1051	445
229	719
622	836
920	486
775	139
974	1026
735	928
517	250
201	1046
993	548
394	882
515	416
463	937
664	1045
304	397
867	1032
139	358
1055	958
370	856
121	690
503	406
1034	716
199	815
934	250
277	515
676	707
940	273
504	354
596	834
565	948
702	1033
839	583
251	398
304	490
826	326
520	1026
852	919
821	323
146	765
359	262
707	727
151	168
834	738
938	170
129	1019
501	758
268	126
647	11
26	342
759	609
753	714
339	367
622	324
595	241
198	545
413	862
176	852
573	689
198	556
731	263
524	675
105	1090
938	27
73	546
211	1092
712	707
65	585
744	950
908	72
1099	702
801	1111
386	11
852	456
134	263
65	888
15	294
307	940
1110	707
679	1176
704	878
800	738
314	210
860	363
210	464
1006	211
485	943
939	1064
730	442
657	786
955	709
4	503
273	291
115	186
154	483
316	914
108	680
1107	387
36	834
1106	771
588	595
1008	103
1041	11
1114	1196
846	545
717	849
1037	368
29	131
278	55
49	42
998	290
813	667
624	420
529	792
166	474
355	1234
150	699
467	482
348	418
650	441
334	334
775	79
439	1043
918	263
843	163
1098	887
1111	1071
402	674
367	528
315	325
877	286
1149	109
265	813
129	853
609	710
869	830
732	486
965	386
672	598
928	272
337	340
1037	766
76	980
1166	1031
705	437
936	570
1189	1231
1034	981
950	442
56	133
1192	936
847	894
522	782
209	1236
614	795
854	1018
44	165
258	254
188	263
723	238
21	1038
759	592
333	894
781	619
1131	87
974	1072
833	1103
285	1145
995	1279
70	874
560	741
992	186
506	1013
587	428
249	70
218	973
630	1036
1026	72
604	74
1188	999
879	727
616	113
862	531
536	175
432	51
63	463
1164	1061
346	440
725	51
871	1105
446	668
857	1100
584	1150
848	755
1214	260
30	1284
895	826
918	1028
582	561
858	861
60	754
1155	368
253	1233
876	48
418	839
294	294
\.


--
-- Data for Name: customer; Type: TABLE DATA; Schema: public; Owner: testuser
--

COPY public.customer (id, name, email, password, active) FROM stdin;
104	bdpnswh	ijhgaupvicbywi	smpznlmvs	f
77	sovvwsol	iyipbkqrhmqmgq	uqkidcepcuhssp	f
3	orayulbdsmshou	binong	iphdfy	f
48	dpbaeenojo	funcxvlcgzjlg	kyawxccmnomlhj	t
18	jvoyq	xqhmtgjgvbqj	bxqdxyb	f
83	gnbnovrkiqlco	kmazi	dwksvehpqnpn	f
30	hoeyyj	obwqnxhs	rmwjmtxvpw	f
89	iqqvmpku	lqozugxpnenfh	ocfdwv	f
22	qalabz	uoyfekme	bdonlslhilv	t
112	bcotlunm	xiqhijsqj	buqtgg	t
108	nvncv	bmgxbxmofyb	drnfuhaxoaj	f
78	nqloyambjiy	fyrojgdoi	ivsnhrggyobx	t
16	flzwdgrpz	hamqe	nueomks	t
103	aqxyy	bjyjbmfuuc	bxikepgf	t
64	xeorp	eovqhummmmlrkxz	rouhogot	t
88	yfwadqwhxf	qbclh	upceijvvghkyvm	t
51	zjyxioflmdsq	bbiguycefbd	spwmahpzmbzm	f
63	mecmzxf	orxckaxrwr	ghecy	f
76	uouzqq	rjurrq	ihxcdkfktmn	f
86	ikfbopdta	stalhu	hdcwb	f
90	hzllhfdxqzqlw	dedgr	yckgxwezlnilnhs	f
31	jalgfy	ctboj	etpeobqlzvvndru	t
29	msojfhlneuli	aubygnri	gghnkgbphhb	f
14	azvjxwyvzw	tnfvjwonuco	alaijlurbntgfx	t
5	vtpdnhvttjrw	shlcortutoi	xjsnnixkltoobk	t
105	vuycmeej	leovghfndpwd	kstpkqehmkmnme	f
96	mgbioejujl	bjcktzpaellj	ztqhlqmkjgfedy	t
11	njacwpqarffpxcv	nyyjhkject	bvfzvvcllu	f
50	aznzpboad	nmtuc	dniners	t
9	jpfcjwqz	yhqnpkjbezajge	dqbxbyhnqycxc	t
34	qcdawrdr	woxdmmt	izadpmjxdttvvz	f
71	vbmakxdohfqxni	osbhbi	pznnqvmyuvfk	t
43	xzlcagzlloohff	gicxiqozbvwb	llmfaxgkkxtbkt	f
54	ffbjcypfml	mhtjbrfgdk	upfqgjlvo	t
24	gxbzdixgaogr	lqbjobzq	bndktenlpsq	f
91	ufeff	cwblmtkbs	gkpyrrsuuiawhce	t
15	acuszcl	pnjcduiyk	bvtgwfdzski	f
1	cnchuyygwl	xwhutkvpyyft	hblzmoivrnigwup	t
75	gzdhiusxl	fwtkinoirvxoce	cvdruhnaeemn	f
52	ajxecfgpzrj	mfskoeyui	adsijcnhmosrqwf	f
2	waklgh	qduga	lezlmuuzdb	f
23	jokqjtyqq	prfgco	xbyebjdkw	f
8	nhzwkbkwam	kglbtcb	deimlfvn	f
94	zzajzlhr	tejjodx	xwyhka	t
69	zyeqeia	mfprysguma	xzeqesemgxwjxj	f
102	xoyefhy	jnylee	weppyoj	f
70	xjkmmotewwmvrg	rmmrqhg	uzsieydunux	t
40	ihfaimeyzvydak	fywcfkv	buexff	t
87	ixbqvprgxvgoef	ittsnoepiidy	gmwxywosi	f
28	wicpaesiqbyi	nfphqatrb	mhgqok	t
36	xdxinji	byjsqkkvjkgev	hewlpfi	t
44	vosxfq	dwwifpxjzedigaz	kkecdfgphrcy	t
97	mxtafddg	plupnwvoppiybb	pkklckvgszigjd	t
101	hzzwskyv	hmjabnhb	pcmhg	t
45	zioqopeunts	lplszi	kszupqbl	t
10	iemyvpvyxbdfv	xvgaynsb	qpytzupe	f
20	zxyml	mgtsjvqsjvrobz	ackgymnmzk	f
49	bvpbrfbyi	ydpuegjgdcy	blljdu	t
21	wzkvbchurgaak	avzxgucjzbh	edlyntnrzkgy	t
92	sekysxf	cydxc	mvzwcydybger	f
73	ileolvboga	qvcdk	hxprq	f
41	tzevbmnkioixbkx	whncrwysjynvfy	usfukfxnvf	t
37	ihsndwuw	biwjptrxgtfy	zyygyuvyfuxtixo	t
56	xapvvwkckkwr	gjuyywfrvdswk	yttooqtko	t
42	vdlue	ndawn	nfciaoxnpsj	f
38	vosejgib	wttqnimueh	fqpikxxbmx	t
74	tfmutshhpakvj	eoodnzfei	myumvwzugylcjv	t
111	xykyitaxpxp	wmfzsatdki	qwhnnkzo	f
79	txlantjm	kaaclslfoqgca	sccycpo	f
65	uczrxspt	iylqutei	qxglhuous	f
100	qojahakcjqhtrei	pfoqogyymzpfyw	rbbkxyrzu	f
33	xtzymbhslp	ekeverjjrpofc	udwcmqxfre	t
7	fcoqoxszjhmr	wvldzjesqrrqmnu	efrvocsgkne	f
53	ucblkeglc	lcgzyg	ahnvzqiaamo	f
25	xavnxgwziffnes	bdkqnome	tuvknikjqevlp	f
17	twtpqptaejvojqk	frmoyd	xzmfpvexxkte	f
84	gwtzhft	glcralamdrfo	eawtkuih	f
99	fyadct	gbggqopmxhof	vhjcgwvgl	f
35	puimsbabctuv	sblcucyt	ghxkvlfdkbic	t
61	odyqjfoeeqdcvth	anhgxr	tzpmrubbaah	f
55	epghvwr	tzefunpvwlwywh	imbhjwf	t
58	yektrlytzvlslsc	emvzejtpx	ikimcep	t
80	qbvdabyxmukl	xxsckmpxh	tzvqwskxzdd	t
109	bwjprexy	eldpewibj	jqefxvr	f
32	ocuudewxewc	qeufxgxs	dqsmmzyiswmsoy	f
4	bskcxawskznl	zgskdkxc	orawojtny	t
26	ijwodtwikadntyk	jrppnqpddgizn	zlzlicdej	f
19	jdaxxkju	tengbzqsmintmed	olojiftjajbnbrb	t
110	qnewuapooqpdiy	vmtus	zebbjpuhqhdsda	f
106	muzftfmenhzofg	nwhieh	ocuetp	t
68	otrlu	bpxbrnwsczwwjl	hjiuhnjzo	f
59	ikwoedqrzmbibw	mfqhcb	vgzskpkpz	f
6	ibqcdodnicfxsun	wlkymbcbu	txbxi	f
66	wbkvsvoiqrosszp	pbvzgwyugnva	ieeyycbs	f
39	hjptt	kbyxsidksrsp	dfftkxvrhyjnnq	t
82	pcrjunafjuzmf	uwsvcaeu	krdhbj	t
46	eavhbt	csazocpfmfdnas	kornvhgn	f
107	ejyphroprbatnek	lktfdab	qgjxyuhhtudo	t
12	nnryphuavdbprd	gyquwebwfziis	zpzsvjueihxrg	f
27	ollxljmo	jnoodyo	gnbxlq	t
98	ocyqfxnz	hmaanoishcxz	cluxkzztbpbpc	f
95	rihycpsxanlbzja	vaepz	hroquxrxbc	f
67	vibgxomboojreu	zwwndlhzdietltu	hoygvdvy	t
13	yqbtnvilwconwr	bjzviwkbvcxecm	zgvusxp	f
47	odbkegrxaovggc	ubjsgaa	jvblfv	t
72	ketkn	vgpdrmvonbhh	yeeceqeldmcoj	f
113	uvfcym	zjrmkc	rvouzewefshtt	t
62	lsmyrbkbsrjyfyb	uhumzipfqgh	mjfgwzesnv	f
85	dropuydzdov	jfexoappvjbuhnt	jamfbeyezcrbv	f
93	ohpearscrbcogcd	ylrzlkfqbwhi	fhovguznioudh	f
114	ivzctgf	giqyv	vsvilytzdfluvlk	f
57	wgfggobljq	grvyvkoujihwcke	zfzttpxks	f
199	lezrfojkt	tzlqsvabjw	wqrvsxc	t
193	ehdasu	rpzndmjdq	cppjvicdkc	t
127	tgrnynh	cwmrdmvwepeibfc	ldifmjm	t
221	phvhpnmmlnj	bjzlkumpj	xknahtn	f
117	heupgxqsd	gnugwokpgwrqidc	hyvyffnmmnq	f
145	eczzg	xgejnk	pqhnpfai	t
146	urtwu	ynkbkvlmejjer	rkxars	f
140	tslfig	itkfbavqisa	btouonblytxt	f
153	ijunf	zhpmq	lhkvgvcyloncu	f
179	qzizsclhyrfny	akmqwxivwfrdrb	cmpuyyq	f
125	xteknsf	zgjxtmojacil	abjphsrrd	t
173	jvdjfrrrgejxdth	vjsbtdp	kgwbxughuwyg	t
159	tkiqj	nhmdexgkkeesdx	fvydyftsqi	t
226	gongdcbgsznfauk	mlmnuvafkkfma	eyvdqbqxjo	f
169	oxyigtagxonrie	nwdzzwdudpyk	ngumbyu	f
206	acsfdikogqi	vbtxtziedh	mlkaqaxvonjgf	t
215	wgkkwjmkryq	jpybs	efjju	f
180	tzbunbd	wdpsgken	ydipajlyvoj	t
135	arpqqqahm	awtkjxnizc	hrdexniwxeiuxoa	f
156	lkyvhuqksopxgm	qizmwttejcsczg	khtclypjvveg	t
187	fethtfihjz	jyhcjwftvldn	ovgcajimpoludc	f
188	onxsbnqefajllcb	viqbr	acooqr	t
190	juzds	mvrqxaibnmxotta	kgwafqm	t
177	gvtcbir	njeutruukhyiqhs	yarmuo	f
192	jscda	vclwvxdsuv	ftqjaaslijrg	t
210	uelmnoaa	zutaykk	slinw	f
129	qgpnxxgcfujifd	upneup	hjsoerxnvqhmm	f
201	ynsenthtgdpy	optlzjmjetrjtx	aoedrjhbutt	t
132	dpazpmdc	cslwtgkoajoljiq	sytfzspnsvzerd	f
207	ubdri	uuioxmwmgxnp	yacvduzl	t
208	cescgww	leqwnugchp	winecfpyrneaf	f
198	eaacdvzgddyy	nzamolk	fibbakiwv	f
118	ddgtqraerk	blfdvxhjfdx	olhgngzntok	t
178	uzakhkisnwy	dxvjrjkybiks	nxusw	t
170	amnqxtuf	afxhl	nknkfcwqzksfax	f
218	awojtqfeko	syhsqltsqwafx	djyfhbmfrlx	t
122	onfgosbp	gyeduwn	nfwucotlfbebwvh	t
223	kblvkdynlnlhu	gajpdpyvmidj	hvdhpjjv	t
224	kcemxgmktopb	eqrrcsr	acftev	t
209	zyeyqot	opwisxtroabnlln	ecgiyopycupu	t
225	bcayqqppvzunykg	ksviibuwpfqb	foatdioxugfepoj	f
171	sptvarluws	vsnledvmvm	masvzob	f
195	eygsfgmfwnevh	qxjxdsghatvqu	hzkpdyrq	f
163	bmuexu	fpizb	qypzhquacxo	t
116	fejocpoog	qirtlkryabkcad	adsoephqwuns	t
154	ppfzizvmpwp	wdkrw	fgwcoggcl	t
213	kpdilppwlcmc	ygethdvv	telmmesnbrbmzo	f
141	hlkdtwwfyirz	coiaak	utipmz	f
130	ppldv	bipsvivtstt	uibivqstht	t
131	okxlforstavqlk	fabvahngmxyzzz	sbkaszhuzazly	f
123	tgozsumvcphhp	ylizofyruohjoy	lpdgyccdaczlf	f
121	fxvtavzfpcosro	exzhwh	szffqvuthk	f
182	shcvkaivurqy	eafcwxxg	wbdiizgbn	f
202	nruylup	fshphxjb	ttulany	f
181	obdcoa	cwpvjy	obhhmfneljziyvw	f
120	vvatwtpn	iylvjcjlhruky	wnfps	t
158	zryptyxdzuxhce	oefsxqhusirijov	ofozgnnhac	t
150	zceqsamoh	hzvrmidiezlmr	ybkbmzcooubrl	f
149	ojugyunkwirg	seizyruiaknpd	rwsyfn	t
138	xkeij	ypekiuvdrwwun	pbovvqqj	t
148	nmkdnnvlyp	rpuutpoxk	sjlsmml	f
119	yvoyshq	dwvteeqsxnzz	ekuuwne	f
216	rkemcscbvyezpdc	mfwbbcjtvbyf	tmtnptmaggdcva	f
211	bcdbhkztlj	dnapqttngn	bsxeambtvj	f
143	wxlnrtbq	vsakvjemg	ksygvxueubo	t
144	prodatslzb	yxaqad	otibjfut	f
139	lheoh	qsraunwgq	uhvvohrnscryuio	f
81	kxvyawevlpipw	rilcvjqlkguv	ynhfwkucth	f
219	anwkd	wgzcyf	rmflfrwpxnrtoui	f
176	zeqkigktis	quwuraqeswym	ewccxhnhyamv	f
162	bvacwyhopi	odngsktifuki	qkedtoofgpacu	t
137	volktqdhbph	mxhkvnvodfvj	amayyqqolkpwxc	t
196	ovlfwyrebi	nxxphct	pdppphkovzh	t
124	opucpkeeeubd	bpyextseeqj	ovmoibtmfbco	t
128	huxrj	yzmehmiwojvrpmu	urvnokd	t
168	nbozldfvyzcmncz	nermbuwvcbyaf	xyurfstcggailq	f
166	usoseqoa	kjtdogxmelfcc	tmhrny	f
200	utpevdkq	nbuoauwxt	tdyfxpon	t
136	bwecytfqbsmkzh	ejdyp	jijvhpkbqucwx	t
212	brkfjbmi	azxrjnqsoviap	mclkpc	f
175	qbnvp	wyhrpit	ibplsr	t
217	twlpgim	odtmem	hpgxncggvdpngfk	f
133	nzhtqms	lnjymmp	pgmxf	f
126	cllzkxqsntpyn	vmfeh	zxwpchwe	t
191	apokcddmihu	sscoq	gnamwt	f
184	kmypcyigcwsfm	wxohhzz	kobvcmg	f
172	ygpxh	xpmrwsf	refzvirizmv	f
161	uuqnq	szgazooqauic	ogxdoi	f
174	cyouymagyauaixj	jptmvljdqp	wlrpsjvdtw	t
189	jygmrftowd	srebygxfbjsz	uwcwqvjn	t
155	svyzrmgzafimngj	sjelwbxdoa	hhdhlbsierjji	t
147	advdaqww	qvcciwzpiqrb	gsxtlplm	t
205	myifllcniwl	yzxrlm	nfmufnz	t
160	mzxzi	iswxfvetqhwfg	cepisnu	t
185	vurjub	lacswq	hklhclne	f
214	nsmzgqkqvxs	dkgvbuxbleucwd	gctrlftmkj	f
204	fjrfmdpzxc	shtxowpzrhuzq	vdsykqcnnpgg	t
164	tludbl	bjebmjvwybhhzk	babbsgjzmfqbo	t
115	ojzwgql	ysyuunvqizj	wljwfyzg	t
134	fpgfmd	nvjnmynswsif	zdtbcmzs	t
157	evbaskyxchlfl	eukwpfvqd	zzcrpgybhwnsea	f
197	rdgsvmnpnbe	lfeef	lfjvvubx	f
222	ozmfmjsm	ohnofrxi	sfxipcyytcx	t
220	qydtzsnqfyyhqsl	ugnjqtnris	phmferbinm	t
142	xnzkpxo	hzacvelfi	ayqjfu	t
183	jrbphoapgxpgmyl	datoyqhutwvb	yyvbqddihgnspv	f
203	tlxinnidrgt	dsijjbee	pmfgfksebkkxa	t
231	ujgxevjl	xxbykhtvua	yrefnaysd	f
232	irepjdzbhq	knsejudd	evogxvuyb	t
235	zhmxnzdd	rcmpyoucdxqeuh	pechqvrnflnyd	f
237	pqtyrrtplxuvxt	zekgsmwlrevwqh	ccwvxzcsamexzst	t
241	cgeeoogkyy	fgpbfj	zvnuydipm	t
244	pursocffvdeun	nciahkinh	xwzfysoddyjdri	t
245	ljvwrajbljm	rvqpqeqokcbabv	uwkcgjiu	f
248	fqkpzgprouzlvzn	brkqmttqdru	xxjtrvijzoobwax	f
249	coojpwzjlskqzes	cbngauekkjaue	hhqscpppesoylzf	f
317	juuqicfjawm	cfadquiwhxlyi	pfnxnvh	t
257	erndrpunji	vvkicaymvu	cnxas	t
242	qlmrcwlt	odohxidvidxy	quxdytmfdybnl	t
186	dwdomhgskoo	ksvcdlrndcwdj	fyepandxmtfsk	f
259	yrjhxsiw	hrjerhnyxbi	xbkxat	t
264	lhdhgpirjzcpm	mdkxnplrtj	trsqtanblrey	t
273	ltcuyva	oczsbqztpetr	vbksdxnnkt	f
275	qxsgnivya	qmlfkh	gojrn	t
288	mqfpbjlpcskrcm	knpjdpcx	ooyxlvswsxcz	f
247	nznxqkariyh	ocxfmbykvi	vhmyztddthax	f
298	mihkcxrgza	qmxzmg	oswvmrwopdsb	f
318	nyvjgkpgao	ftecaurhht	eioyybpca	t
276	cpjdbnfwkhcoqp	dbkbbmnvu	hlobfx	t
277	tkqcgjybpis	tdaqeixaihnl	gcvpmzhk	t
238	xpbrfwnbjctex	yrmelxxpraaydrn	fuxyxancvfq	f
333	mrzkth	bihzif	nfytg	f
292	eqajdzvhqpo	ilafjvarfhxbinp	skvthtmcpzvgkc	f
250	kfybjjugwfuvyv	iombtitalh	fkfqyzyipb	f
234	lwxbhnibyobalo	ilmuoayhmjqhc	eqvpmmerluhvk	t
268	eddjiwwdrxbjql	gvyjoa	guziuelahz	f
300	bneutxykrhssiom	alnvy	rvdsgcpxq	f
286	hyxexljvpwkzmm	motjradjotyx	rqvlal	f
305	iehssuauf	rfsngeekqfrmxb	hyqaf	f
278	nvqpnmqx	shkcx	dmylzffqmsa	f
307	razzq	lsletjwigcfcxp	oyzeliqkrc	t
310	vudqthkkvcb	kmfoew	ntptcwlqr	t
246	lzcpa	wzpikjhhvrk	nwulrgszh	f
252	soqmapv	qzvtfavqlqwgrbd	jlwcbqsemswwjjr	f
285	bjqnkoul	ifrehewvmoh	lbdtvfaemkzsv	f
297	pabooczrakdk	wemqchczcsyyy	svpxhgfjpq	f
230	zsdfedxoxplmq	bqubdqgmotrghbo	oixjzivj	t
321	njwxdnb	ttlhlupzk	ytysck	t
325	nvlgquetjesyyeq	auqhknz	xcwvjevv	f
326	haagyoqdpfd	koenvxtoggrh	vzitctbw	t
319	aervfjdngksrty	tlvixjbgsq	yxkfwmoa	t
233	mqusmofqgtf	efvikd	njargylofogqi	t
334	ltxstvlq	iaitrqnexirmdwq	lgpzsgdc	t
336	grnwszs	pyiylqibz	cxoanwtvukbkjmg	t
313	lrnmjgtqgrggobm	ljfwgr	cwwiqnduzb	f
258	egnyx	cenfndg	zgjklotrrucwy	f
289	mexxtii	eqnhexzynwif	wakmnjvyn	f
308	uxiqtufbd	myros	lfozjqjmtnnwdo	t
329	hkikdvngi	jrhyuuxwfbksii	ppyaci	f
194	nyopr	ybwmxpawoefpecb	jxkkqigoqewojj	t
60	xlupvsz	rzvtvgguqigvyx	qbvypylljbwcbx	t
255	wwwbzwyp	ofbwuor	vwknghrb	t
304	bkyfhhdpvzzgea	robaf	fdyogmlcptuoy	f
306	lwflezysmar	rtkiynrefgefgsu	wjeyzoe	t
299	yzomhopmr	swthxfedmogmp	hmwvitlwbmcziv	f
236	hfziwgtdzhzxfx	agblrwqxtwmne	bsimlocapvmues	f
267	tsrreghy	kgducjhpgk	fxokridlxgdy	t
320	aiokbmfciita	hrbewaimso	eusughc	f
331	jpalpkul	zwvcixln	haqhaqwkywqipr	f
283	zcnxhoatvik	gqqhde	ghtxyvhxxcuqbf	f
256	vooimhkxcqrx	gacpimksnokrkhj	mdywgwczekle	f
253	wquocflektb	hkvogwjuru	ocwqfpijh	f
316	vrsanpaymyczhu	izrvvyelzsolj	itkhzaavqnd	f
260	apaqarhtuqcyap	kxdutzvogljvj	yedju	t
287	kjbflxueuy	jsabghkcq	odnhj	t
302	oskpokla	llwbyyymmnm	vvjndymbgoxuvw	f
290	iydwt	emrsnasd	vltpangeokaah	f
240	nxfgcvxvacoh	dqdtldqdczxafh	htuwplkrdq	f
167	bgfzeloqi	syocpxbxg	ogbzeiwqbq	f
324	hpodzvqimrxqy	buseqsdmpyyrc	amhrdsgujtzru	t
303	znocpciiprrhnzw	kqfwallegyo	yzgruatdy	t
280	ruilhugiba	wuuxkrbaivtlhp	jxntvtftyr	f
337	aykeudepyizmwq	hjvqgyvahmxy	uxpldsabdlq	f
311	yzmlnqcziq	cxevkweqkz	pvwoefivzrle	f
227	jmiwu	somjlsq	aibhwnlqepdbmk	t
332	lazcbpikylcxi	fesqt	arpfqelnkdvmt	t
251	nlntwuzuiokb	xpafvkcwhvf	oiivog	f
312	rbtuuarpksy	whdtwnig	dcdndydbefrw	f
328	uhlma	hmqixtpvvoel	cehvbyjypov	f
284	ufgxfkszrezhnw	qgegm	nrniitr	f
261	jqcwuawry	wtrai	vdncgsltzhidqb	f
229	hvoirv	qpfxtaf	kxnaan	t
228	jdhzruwyssv	avoafshkp	cxdda	f
271	lopamaxexd	dfddlnjqkidgo	mbhojttp	f
279	wtqamkmpxngj	jrbxiq	jorlrxmk	t
269	tcusxavqawqff	hpuzizleicnxiwt	ypttvr	f
265	vqhkwsibvvitct	prooaxeajvjazs	bbnowsjvgh	t
263	ezamr	vmjmcj	nosckxtcot	t
322	smdxidqstppr	cgxvgvvgar	iovretvubu	t
323	etsryxgad	gwrzgahumgyypkl	jxlshf	f
266	vvzfoiqetorgsd	ykavexm	jukuvmqkr	f
293	rnvgkha	rmbchbqdu	arzsfyyvzlyf	t
314	ygdksemt	rtzcxgmetxt	zmfxgfymgagsv	f
295	xjugzheupjnb	azyswqwjifngpa	obewl	f
243	dpefrsctzwt	nzquvhn	sophz	t
327	zsunmwzx	cmanssqkkvzsqaz	spbesnefblnwgca	t
294	nrdlqneeylz	mcrgdnv	qoqvi	t
239	acqayldrdepcvr	hnadxh	zfpqpyeutx	f
335	famrlfhwfqxbq	zhldyannwyh	pahxwgkapzombxy	t
254	vdinkd	bkmcezbmpd	kpvjahrgkhggl	f
291	qdbnmidtpu	ydzsz	kretk	t
315	oagbnlsazmti	wihptblnw	dxmtizlwe	t
281	uvrreoohg	ljwpfs	okcusscerp	f
309	jrtlxstutz	vuglytbcg	iascduoxgi	t
296	nlmummjtoje	suketgwr	ukgmrkqzjwylh	f
272	qpdoiagcsut	qsmrmeotehj	nxtjcegqle	f
262	bzpjbi	alrqpgxjxwgaydu	nuxhjbhjcsrgd	t
338	cexfuvoxxhw	rrcpwqhjysiykw	eqawiolwewdszv	t
340	cfhowcrbkrryo	sfbtybhuregost	jiaxjs	f
343	gyonwdfe	vpxpherawqh	mwadyzjweg	t
347	iqogc	njgtpwequui	hnahzjlgpx	f
349	ubmjbwcayjr	efgcfnd	ctjnjwsx	f
350	esaebqer	cjpnnatob	sxolldcsjawf	t
390	wwuwjoxlol	dfloxteyehbddud	ejehvatxntar	f
352	qlgeyjici	ilcrxqlydu	mctfjfdjxt	t
353	ejwgdl	ghgnpbadjqmm	nqmss	f
354	qhmcy	xgbegsltzklq	maxfpzpm	t
356	xfbdptyqidnowx	jaxzevqvot	checz	t
270	vxndbju	lldmuwfwvvsd	sufceezya	t
359	qpwmmspfrgfbor	ptjlopiputrjqf	obrrjbedgwspa	t
360	xokmqwrrbdzdt	tigmwmwcmj	gxwqpyvxpq	t
362	gnyhxe	nunhwyvtzotzlc	pqolfvhzzta	t
437	wvhpawltivrxw	kfsfuadop	knizcvoorf	f
369	omwyrif	padsvashynkkbci	xzsnqzef	t
370	lzlbvjucpizq	yxtiqghostsj	bhqkaah	t
371	xlxdrrowleztivs	tbknvytzpxps	xeatdo	t
372	ccwuhsg	vwjmdhw	cgkbvxovz	t
374	nifgoxduknosp	qyetflix	wcnyzvgbgetc	f
377	patpkeqndg	hylfclmhbkrju	gpuukylnp	t
379	lnsjilkwmnsyf	lqzvzieipixd	iqkdixtdgik	f
389	emmiwygmhabhh	lijpdddt	bpxcxjfgqhonen	f
391	dsuraxen	ksxrr	rhzaiuqrciagt	t
392	xevco	lrimaomjpe	zwefqoxswjs	f
396	msdkokmccyg	legbgjv	nsuxlipnceifyw	t
420	dousqu	xegmjinszk	rjbeycjtqkjb	f
434	vyipwfkmilu	rhwmrnofkytvrdy	uxphyj	f
398	lvowljytssplfxi	rieprttvcvfiu	fdjde	t
384	ffuvpjadonfbp	fvfwgooeldo	vwxpwsznn	t
407	ejzmmg	poasyhgv	hvbzqngjuz	f
368	oeujhynro	asoir	pqpmpgjcqutpwo	t
382	weljmoumc	hzydiatszpj	mjwlz	t
387	myyasrvqogun	fpzqcqmnyvgv	ckwekrymjm	f
410	vwwoojxqha	yotykruzx	kjvidkofqmawgr	f
411	jilmuqupiman	cuwfffooxlud	lnqlr	f
364	efdcddxstfbdkz	iqmasekixgpx	kxyutgxkoih	f
413	fzfmwn	pkjxdrkqoursveu	iazyiqtwlnorak	f
361	yimittw	meponqizn	hegbubmi	f
421	rclgrxixrthutlr	fyvhwtpux	lzetztnimyzeopx	t
422	xvgkeum	qrgjjbynxezdg	eqnao	t
282	smefnddbxkm	vwmvrfezahos	iaqiwfeklwntqez	f
423	jriifexudo	kjvhta	izyqfnafsy	f
425	okuensw	ttbphtxpaoexgr	ohmghr	f
341	bmotqs	zmcbbn	uptmariugmudsah	t
428	sxohnerdkiydmz	igxla	jjcufmx	f
386	hzhsvs	nppane	wxikmbzbzpsozq	t
432	blmshbwo	nqbnhdxwlvvq	wzpjjkrzzqxips	f
433	jnkiotgn	tmgxylqz	sqdwfqwmp	t
435	zpdutag	yqtkrlysxcl	agunperirlfl	t
436	jquktxogahn	qurxd	opooorqudilybfx	t
438	orlgdxr	quaojguawmdoo	jokuazwkej	f
439	qsazpbjbenaj	byzpsccjxlzitez	ebfhmbokexlcg	t
440	wwisu	newowsjfhrsf	zrkydkumkdcec	f
442	jslflgkaifokepe	rtglzy	eyraovehilzjelr	t
444	zlqygkoyyhsjm	rwsograyuhnosbx	hgislzmlixkgbc	t
445	ldlbimltu	cxkxuxidaoa	huuwl	f
414	jihdufidgbwv	kelyblgtsx	kcumjkpehldx	f
424	ayuavrvwgavv	yozysvpkkudk	eqcdxkrnypkqw	f
418	tmmbyw	hmvxt	tfzmib	f
394	bkgvyiskgdl	tsanicojr	cxkgvwdchdml	t
345	lqgsfsykjhb	ozsruepzgqakfoc	eekxnfwmy	f
375	yqruxzvlzl	rlgrnvswe	xuqdhvwihdmf	f
400	lwildbswr	lnaqjjfln	hlxwidudpzjngi	t
342	niozzajae	jpfaqcserfcvat	jpcxa	t
348	dlsvtsfys	nqmxwq	kahvxsu	t
399	ceuidmakzskpsjo	plwccbbzsignfyp	lyvfejsam	t
388	raklbd	xgrrrcwixnyn	lqecmgbxknzze	f
408	vxfvmg	jeddmmcph	xxryuj	t
427	orrqbvamfvy	zicsqrzatbku	cclgoxpizddup	f
404	xkgfdaoeseh	jluteaf	pywfcfvecjzedy	f
446	pmaoznrxzcofeq	lxahbjxfwojmtw	zwzjqrivcuxqye	f
448	iycsztvzhpo	ipudiuqsg	hjfec	f
397	pgnhejzbvx	cxqmim	sxfsyhvgwsietx	t
393	yzdofdbd	seingk	gfroid	t
355	svjhu	eyosezxhcicyav	pcsluhty	t
395	eqqzdrhuqlhvtz	ggtrnodbyt	tjurxj	t
365	gpckez	ksjphlcgdw	xzlyotanrhd	t
430	edyteyiyoyznr	odrji	yzzinoi	f
380	matthkuqkh	gbvmcvdwzaimh	jnrdayvc	f
165	ltuoobmswkrij	cbwpqhocu	vdbpvbejlyesf	t
429	vtebko	xqmuakctntsfhv	qamivbtdqtznwnd	t
405	wbkdq	fjmuhbzqitu	pzbmtenfpdmmlzq	f
346	wqogi	corurkq	czxcyzvozuvw	f
376	lrohj	cwtojllwh	yqvbmc	f
363	mhvvqnnhf	nvzzppausnv	mhratdiqbw	t
367	hcymep	dkftrkwugh	kytlpbctmgivlby	t
339	ekrhtfeks	njmmv	apqmidnf	f
373	ahnzoafup	xivsph	rdtmic	t
401	wevnrvcv	ekzhlxhrdhmnn	fituizullxj	t
274	twvdxhgkey	vzjijphzagwacz	upupvskrsquqw	t
412	zfafrchgbni	klrnah	sjgcuvinq	t
416	ngiltljaxki	ctvberypilxk	yhduce	t
383	vzwyua	jedaugkjvgfqwz	fykmfvlxtgttdk	f
402	xjqxipdazx	oakmtmc	dvnuypbijzjyj	t
403	qiccbmln	wmambbjuid	sufbo	f
415	fqauhahu	gyhjhyaidpql	cxrqoquonwrxcdf	t
447	towbqnshnq	tlspjbuzjwq	elvryallbuqi	f
378	cxdrxyygtgmzma	uxbhwyie	kvdrdoaqfjlckbe	t
431	tzhhvvxnwdbfcxv	ruoreupwqzt	lizqdoynuxfoj	t
441	iregzzl	vboojj	uffngqzhjkwfrdu	f
351	gzyzkgyyct	ocdmibrutxsmn	vzudohjivoaxapz	f
381	zihztgls	vxpcb	dgckuhvkwwntkzg	t
406	kmbpyjpedx	uttxiiixop	oxaishh	t
417	zjtbctjolh	zvmopzxnkx	znorxtosxa	t
366	oytuizuqquzfa	pxqvspajiaw	hybarr	f
426	xwodemfyweu	zxpmynndvlnd	onewztl	t
409	rttnqaf	ngzfqtqzhzxt	onizjnlqezjr	t
344	fqenqxb	zhyczpl	mcytaebsjadank	f
419	bxipswluye	xiogadcebc	bivemwjiigmqovc	f
443	fetxlmnmssn	fwafxyfhmgytr	eqdvknawdh	f
449	dyvpqzufkq	wmmtxdanbvlj	acgfjakfvrybjgm	t
452	gtanr	pfndizpmonp	dwfahhzmhlrdx	f
456	wdomhdhtahki	exxiwfwi	midqibj	t
457	xedsed	bczqmtbfh	ikxvyhnuq	t
459	qpuzsfrgufds	frcjqvytocg	isdlxoeqnrnc	t
151	agzycyoplbsgrd	cpfxfaefbid	oujytrlopmzlc	f
460	gxnjbgrt	gcltfvehr	jnbileesloz	f
462	uyjjuqmegh	tgtauvpadvyn	gliudrqm	f
454	xponvwxtgwyst	uxyfk	dmvgadclwjuyp	f
463	umxpeoclcinx	iggyjwmgchuep	xrxnhinduxcw	t
465	hhnoof	nuedn	adebbhn	t
467	gyofuzfamjryoo	akpfsjhiaciwalm	txiddlp	f
468	fjxwbq	dssfh	estdohugy	t
469	tacpk	nxbuvp	ytnymhmqlwnouod	t
474	ffrrljxcerq	agtyehwhupdnft	masthlvfw	f
476	cibvadrwb	zikzsmbmvcggim	tvcfypbdrmnue	f
471	ipojschcvojhb	nqtqdilvfos	ojjqhsioxmevxp	f
482	nufrpr	hpspvqilvywao	umqerrylxz	f
483	ckexyoy	qwvzusqgezkkml	woxbyfekkfllkdu	f
487	alvufikjyknaqjl	aszrw	frwbuwmzfmwqkxn	f
491	cvpiax	sanyexrw	cpbeehnnsquoz	t
492	taqsqqprsfg	hflow	dugujkfulufoj	t
497	ltnnwwfg	jtgcwf	ljzzxhwfwem	t
498	cvdzjtukmxwimj	xxmjlzmjzwfze	etxtf	f
499	btylpkvdupzu	pcafbhhdtcye	vsqbtpvrneyasx	f
500	rccndlnwkbw	baxvkpxlksqo	aclmwczgnzmnkp	t
506	gcwcuew	jwopmirxrlqk	ykjckyc	f
507	hnlzzbahenj	gdouqton	jruxxfzjwe	f
509	nqpbubqwxkfqbr	sagwdrm	lyaamiockrmbtt	f
510	ywnbngq	wzhsyk	wgjnqcorpdo	t
512	wwugovlivf	kkgxh	zlhycvsjslxah	t
488	gdejpdjns	qhwwe	ctuqmxonacu	f
514	ljmlhhgddtais	hnavallegpxdnog	wwvuzb	t
515	chnoejxeciagl	omfdbafollasrs	fpflexppoutb	f
516	kvybaomm	lmyfnjgjjyt	ojddp	t
385	xpicllrlrcr	ewrzlgdmftonc	ubatgwwqrqrng	f
517	qhxgprzxjuzhini	abtqj	gctwuajn	t
518	fbmct	zywjkjrtxov	iiuctbpcdv	t
554	mwtsvqlyuseyf	whlnbewphqt	opmnzcx	t
478	ltndivmiu	wgwhymlq	rxwxaxkrvawwage	t
524	uffromeeah	eicvqbwseifjn	kwivkntndb	f
527	gancz	qeugpol	spubdbynnge	t
528	fyozkxlshqfqjef	oexnsaov	vvjplxflap	f
531	vdhnesdce	knbxiwsaht	rjwyxg	t
532	aalndy	itqdjnsmkkwapvz	ocpgr	f
533	hrfafbkwz	xcdocmwgxnsqf	sgbbegwedmwqrq	t
534	xowwqhfcbpiyomk	xehuxgnnvhdj	eeuytdhtvyupp	f
535	gklpyfymm	iygpxgjydxjrz	xxtelbyw	t
481	bhwqa	fgfyw	vjjlwctg	f
538	xcppxzgs	mnxvhjbdaehww	tamskkqzkaumbs	t
541	jxypvqwamn	kwvveyddo	vgsojmmxk	t
542	nilkaetis	eqokaaxwpekolze	xftzpnqu	t
525	qxvxgintlgk	usumcbvj	weigwplngpng	f
501	fjysm	mbxsyitvr	hkjxvdqhvatumdg	f
550	tavnaoxs	kshfuheqf	kektiibclnoxpl	t
526	tlovhzq	csjjtligfcxl	zsedctru	t
485	elngtm	bvcseifwyip	mlnpu	f
558	pyolzgi	nrkvifb	crpwpxuard	f
477	degbxjprvphk	rwtkruccnpi	oadudog	t
490	ouqieafacj	qlnshjsgj	gzrbx	f
530	hriiiatbnjpk	ueeomynjeoa	nqkcmh	t
503	sgissndtbvda	yyajicxtqa	zmwrjcwko	f
489	hfowgiqi	ockpm	mciqjg	t
451	fmomsjsbyedyal	axfavc	yvjro	t
502	heixmxpyrbr	gadlurvqsvsd	rimjpgzun	t
547	rsuko	pnfupdfawa	ekzdf	t
555	aezkbvafrl	rpczetnagg	qowrnqwoj	f
540	gupjhjvkmoek	oxhvwdxpd	szotagomhxf	t
450	jmsgovpxbaxnscf	tnkppdbeag	etovoiyxtd	f
472	mpoegjpdpjlorfa	axtduler	mhuzqfkgm	t
546	dgvgbiurmqkfb	jqstvnwc	xgvogkl	t
455	ltiztjzupabczh	bdsotcabxvzrjzo	mlxnefxebaaqj	t
152	mmjzpqtyqzouop	htcocc	jctqobweftfym	t
504	ttrnqa	apkonbbiqhnop	ecqvufw	f
480	pxnmovqpimqlk	cvyqtzl	mngsombaxh	t
496	aaqco	vetljproy	iuqfwj	f
537	cbqfpucdb	rfqxpqnxwykuvy	xpsywschjww	t
545	dnlmyrviyb	ipbajvymkkyekj	xddxsbyyh	t
513	gaunpvyaoqb	ujfnabyzjp	qcyccfcfql	f
479	gahcemipnothba	ckqqcmqk	muypdbtqz	t
520	akdku	uzogg	uikixctvbk	t
519	vgrbymk	miofi	apjaetfwmet	t
523	mlaqejbbukxjkl	iccwmopx	xxaygdr	f
553	nwlsvraflobjr	ziileacdwjq	kuokczedmqprbbl	f
552	smekxffkyw	lqatuksar	zkenbqxrctbwpzp	f
536	juylzggtmdmnqp	lgkpyofwfs	givhtqsdgsx	t
494	svgeqbe	bkydouhpnkpom	qczjnyggpveitt	f
508	vhlecfaihx	vqhtlnuzimgc	mbjqu	t
473	rqtbb	fppgjxgqierpi	uueczd	t
556	tkimw	qbidjymxdvduy	ldtrgszbutqjsih	f
521	rrbasjydrpufhtq	qqttqnozrhcnf	jkelrhan	t
544	djwcpilalhrvxsp	quxnu	viikiwdrlob	f
493	jtfbqaus	jdtvy	chcectbulnmb	t
557	niewflzqh	xufubxkxaggtvol	zkbgw	f
543	ricjwzirjcrn	icjmwrvbgizdlxh	qyuczfws	f
511	yfgnpajscizybg	ovtkhk	jbesiadcaf	t
484	wfutsczoczn	cpdnvw	vhioeeuppxsub	t
548	ykeqdvowsezmwz	ewlyyxixkfomutu	aguaovdok	f
458	xgsxrz	burhnwaj	kqrflziibjhs	f
529	jsdfgjrzyhvcwbe	suhjcuasi	sxpjbnpqrwiz	f
453	likczmrlmxxmuhf	uszfuxrojiqx	ohvjrslzednw	f
539	fxanhufg	abyrjbxoc	ydruy	f
559	ikchdeiwpi	zgroebuoettp	exwojctyciyepeb	t
466	ghgcxqwwtnpuxs	sgddzkjxrdhfqnj	bfyhrwszdoim	t
330	yknkbabab	lbupaetzxpkgh	rhswwadhyxuhznr	f
549	ngzwzbf	ygzzofyfy	tftrn	t
486	wyiwv	ddwbvtmdeweftbb	zaavgnbp	t
495	pbvsj	cyiagquqhwmz	mrkkv	f
461	cmplyuoiemqw	wicxbsuwhdwcfm	wgpyhrkgvlxjoq	t
470	pwtjxtizhjxktqb	kmrtgewadmdbig	slyrdfdin	f
551	kmnrv	uklqjrykvuimxb	rcibepjvfer	t
560	xwzsfrvazrp	xnwjuopdexgttda	anslhbgjndog	f
662	gnbypsot	nhrdbee	vuvjg	f
571	seltghkviqbjmfj	ecunmunegsn	wprszp	t
573	ruynisvugnsni	fdzeasoyi	nlwpmzdytwpd	f
574	ksfzdhw	jliyrn	fhtsrgrf	t
575	sgvabeycvk	csdooq	kzqhbwlmkrblv	f
577	ylqeeqgni	kgrhbtkq	xigdzbavox	f
580	qlfvvhfta	bcylahrqtaisju	usecehxep	t
582	cmfqgtmyhbjhlcd	gfdsrgge	godbhbuzij	t
583	htbhazka	dpubz	cypinwe	f
584	yvlci	yxfzw	sykoivnommzdp	f
587	uytecfptoiemc	jlzhux	hverzduymilfd	t
589	nrcnbug	kckarvtlcwi	lgqqvti	t
591	pobwqsad	ccbmsdjusa	uhexkthlhxp	t
592	bbltvetvgskeyp	xwassbnxdkgxd	zedaedxomvrjxoj	t
595	lgqckffhjoshygw	hdsxofpquzrqinl	slgtz	t
596	snkwl	byqxv	uyzqxqmmwxsq	f
597	aijwflfhdysmq	xmbcspi	faaln	f
598	acwmwuhajuyef	bsghzauopr	fcfukq	t
601	ihecvdlmvrz	vcosyctdqco	jgtfgiflz	t
605	nekffzdacfsa	jpfghim	kvslxqf	f
606	fcogvjevpareub	iqcxr	owirbuh	f
611	ndwwpxsjp	xyxbc	vdxnmmpjauzet	t
612	uaozk	nfiyjjrwgxfa	syqekzdzyf	f
614	iyigvu	jpmeyloyxjoyq	sqwhayepoxkh	f
615	brsms	uijqjpabpeofu	kaemnpngia	f
616	gqcduc	funncrgrjjeadp	mozbxie	t
617	suiivrpium	ofgassf	eklgkvwazdrmf	t
618	cjbderdpvk	tofksyl	rguqwigdoeratu	f
619	tzmhacpulvnhmy	ktxpn	yvkxaywbocj	f
475	qrkoyjenzdzf	evhnijkuthpoy	eclmahwegdf	f
620	emvajwxyrj	zlyuybwwxq	iyvwnyx	f
621	phfkfr	qcllwmouwdpfkp	cbrbzbpyd	f
622	ugverlzqbfq	ojbbkukkfv	qzgbxnzvecznkds	f
623	tshnplmbofvlbm	kqlaxpnblzfw	rkhfvj	t
624	gsxdih	recewrwgatc	ijuzb	f
626	dqfedzkyvhsh	unevfkmpraeuf	etnkwvnbtfk	f
628	rhwwbvllo	ccwgsyzabbzfr	kenadk	t
629	vzgltlag	xryxys	jkcnklgs	f
631	sqlfym	xobltybehno	kvzljvhbu	f
632	cboqubjs	rkfourvnvmtg	hwrtpgmf	t
633	jwddghhd	mcfgdgqx	bujuluoybxfy	f
634	ffultiu	uuxvhd	hnavquktevaiy	f
585	dxuhk	duzsftjhjueb	iywiqobnxazqxk	f
636	vqbbfh	jzzowc	kjgkojzz	f
639	tegrsc	ajdnsswbgtqml	tvsgnsta	f
641	gvrovzdswwul	jpacplzjycspvw	jpcdxgr	f
643	xvruyjpuqwb	kpgctnsrn	virwhdwzpt	t
627	boqiutpipzq	xxoyfmlvs	gzwckd	f
647	bohfhehqi	syurajcycw	bmleckvybuhzd	f
562	tpdoqhkhpnwtcc	ejsonhsnvkqvgzn	cjzvqfhgahmzk	t
651	xcigtj	ahdovccrtpifg	jiurvqd	f
654	kfyvrtooctvggdg	clobdjcto	atrkv	t
656	wbpihybwlsfwrvn	vfwwoqljugbq	ziyudbt	f
649	zzwhm	kdlxxh	uownpctficg	f
659	opmkzzruunsabg	heunfxkysktyv	ucxrylm	t
661	bsjewblbf	zjntvx	laezawsesraxg	f
663	olykxjs	odakdmghy	neikfuyv	f
664	fdcmphfxgihvlz	rldjjuzockr	pogrvkwggiee	t
665	bavnybefjzi	blefvci	yilmeuyyeafmo	t
667	xbtveyxzqgef	bruyfr	weuufwzypz	t
668	jpbkdgqnrlyttte	mqrnudzeyvpss	zcyqmwj	t
669	vhtvrrn	ihrwont	onosfgc	t
670	xyaziszrmx	vhghcpgvnh	hnrcxjtbwakk	t
671	vvwckbntgf	bpwcx	bgplplbim	t
672	fvmxfyuyrlw	ivjihhjacvgl	dbnyex	f
674	iastduvzcncona	qyuwjofl	mdiepeeyagyik	t
600	bkvxcvzdv	oeoypyrdmbzwedu	jqokgmwwxntkm	t
676	zqhjvyx	lvtixkss	qvrptesaq	f
607	jldnlt	qsemgiswmfjsqke	xzkkvxyxbzo	t
653	vcibaquiprpziu	ennrhym	xeinh	t
561	hrwjlieyxednc	xfzpcju	uevcmmpg	f
610	fowwvcbc	eoyogmhbnky	xphlcxkdto	f
635	jyxmmw	ynhibq	cezueywl	f
642	hnlnnyospdd	tujtlivfmimlhki	hnqfuxgsbvxusi	f
594	takvny	ldhvjcf	sbttenzvkeunl	f
608	omboentq	jqbfl	pyljwewbi	t
590	yqkqvqfqedoziz	gfcsxbayulyg	xquldmooel	f
658	kdybho	uhywcvrs	epsivw	f
673	jzuqjldhbbtot	zvwjkcnmiu	pqxqaavvklhcd	t
666	qrqaqlwznxm	cgjccwpcesid	xhvqyvis	f
567	zryjlgog	xdinhrl	lgshuxgl	t
581	ycwictxapwdmxnf	duuddzdbft	nkqzean	f
578	hobfffxbiank	ihgcty	byzaorhgofw	f
609	uydazo	jynzsbiikn	ezpekjwdo	f
602	wnqeo	wxruqiwgdwx	szfcdfadrlgbxnd	f
648	hmasimfqzpb	mobijqm	qlqhtd	f
603	vaupcyj	tyxxcjdux	mxfpt	f
613	aknzyxfbmtfg	rjpsbxvnza	znhjyiuysepz	t
604	mgqvizqxqipb	buiwqaoynsg	zjuesqafgypki	t
630	mtgeitugaoqr	guclvbnjmxrtbr	xhggnvs	f
650	cjdatjcycgg	inzpvuholaydji	fhzehqt	t
579	deqpcr	mlydxck	rsloqxad	f
646	tlqzgrbhdbo	sqvjsuvdmxh	wvkczxv	f
568	soehjylzi	xmsxdjbazrkcm	stxvyzuxeahaur	f
572	kzblotok	tzuzldykpox	ammknbllpkyu	t
637	rfrxnfs	pwgiyk	cthgiru	f
638	bsssawrvex	hwcmjvgmbyijto	blgthohxmtvyadl	t
625	zkslpacg	vflkpdb	jowfqpwuwgtk	f
564	iswohahs	camukeuzbgz	mjbxg	t
563	qgtqfucfve	alipwn	zzbzaxoznoqkhql	t
588	wdtdjttfl	xqjrc	yjrybep	t
655	kooknprdemt	kkkumkrvwyjutjl	rqaji	f
464	hetdlhlgdskvkp	mtmmsuqsk	zemsvpfqjuoaact	f
576	oglkyvpdzqr	irhlhmemb	ayyjjo	t
644	anhcpfcekt	lhjosiityhrpts	fguhcgcj	f
660	otducisth	drnyv	crbgsldhufw	t
599	opbdqjllkdzy	mamwpintvt	bxujye	f
565	qtgqsgqjevi	wkwbaoqwgqs	syqhsthm	f
652	ltvvjnxjht	vsbiopodqmjsou	jitlgfetodzzi	f
640	lmakz	tqfhxo	wgybbjykt	t
586	wjbaqwprrshjn	ivotcnmxg	ydnxmmactrxvh	t
657	eqqzb	gmystqo	mwvgm	f
645	rnukmxr	raofjasyv	ifbhhatnfkdub	f
593	kwkfypn	nsolwrjckjpimgm	fjkfzyz	t
677	xomdophaboeue	vibzhvmtcdt	fkbuuuxwgzdl	t
680	rrzmmqtwyt	azktl	stoauefaxlbiu	t
681	onlquufiihy	rujmjc	efgwwee	t
682	addfwyanfjqidp	bjutoqqzi	fkidcqpsldvuuph	f
301	smfwywwuacofdn	sajuhzneqvn	clmlpbscbkr	f
688	izrmaip	axylwgrdokb	wkrjsnnvydzy	t
690	fhzomonp	lzlyhokqmxvdcol	lrmazezwjxonhy	t
692	howpyjw	pkwuy	zlvfgwz	f
693	tzpwqvheifvpi	nqhvzwwqwbfwo	aeumn	t
694	qwdhafrpeb	kipjajjwewl	trclrjwgphb	f
695	gdgikbtc	iozzeawdqfq	fmfzoaepfu	f
698	gjjqaglw	gsncsurpgy	byssok	t
699	akona	sykpwhfuq	sfobwjyadrvu	f
700	ltlipaqdl	smeddkkzypdhj	oaozslpvylp	t
701	kcjbqmtwcf	abfbeohddmk	tbuciv	t
702	rrfcyysqmgavwxr	hnhuxsgm	fwhewn	f
706	raocwmvaam	igdrujnitms	cbfrworik	t
707	pamnhcph	vmptxscq	cggxno	f
708	gmxro	wsnvdxhk	xwnqyghtldmiok	f
709	ampnsmxzrylbkwj	fnjmzvxbglqoih	qcwmcidg	t
710	tftdzu	fqsvwkssvnu	zntclwkc	t
566	dwexin	ysyyjidnopgwjl	qrblvqbqtet	f
711	kfrlihpbsckt	hyrvkvdircf	jtnenoqudougjwk	f
712	pqmgadf	msuhpedhlv	wgwqgwkqjhl	t
714	sypagvrng	ejexpjfgr	foutokshm	f
715	rfucjwgrf	inqhqfbkjghqww	yrbravg	t
720	vsptbmc	mmbxjb	vydyfgsuievwyp	f
721	fbtyvfmbtvcqs	ozmiwqvihzpx	czfvnjpyvc	f
723	jjpux	cxkcqhsphmcigz	zzbsbmcyaora	t
724	bgsksgsznvwu	nlxgzgonypwn	robnrd	t
725	xaxtsi	vafssyyvbg	lcodgfsq	t
726	kdgvxjqto	fvrlwu	qjmrhew	t
728	vyxmzmirtmctm	npxyaxzdfe	lcmurnfbkczrzgc	t
704	qhtmptdouqljfc	xwsurdorxzrwgqk	atwummlwlnadog	t
731	grfgn	ibhrj	kndtdgh	f
732	numjbeknglzdlzk	wucbahechfhogt	evdnfp	f
733	rqtkskslz	xbpxa	dgsolwjgrbuc	f
734	uxvrq	yrhgpt	xznkmldoklec	f
735	ovbnw	watryl	xezruscteoblnub	t
737	dovrjsn	oyuimzwa	hshxakaxi	t
716	wmocexyefjzkj	rzprli	xdxoq	t
739	mcijsljx	qcecuiw	jmetxo	f
741	ttfqnq	dxekfiqo	gkghe	f
742	jiodpmdabx	htieqjezaepxx	dseriimmzgy	t
743	bgmoukutvgpbhwu	mnyyypmnzsigac	qudynjibmtlgqu	t
730	michuwgxfely	vopvxjlgmwji	vsllfgvdmffcp	f
744	wlnlctakborkh	zyhbz	viypzjvi	f
745	jebksvlgsyzd	crjjjq	gkvpp	f
748	tmwnezrcfkhak	lpfxnvrmcn	vpffqlu	t
756	yjghwitzom	lyiej	jhayvr	t
757	ipmwmvobmj	yfaivknsqmv	xnkkjdjyl	f
758	jqjxtpxpkcpuvuu	fddur	vsykq	f
761	dduckoyeoyucgbl	fzgyamb	nitpjfrahwjp	t
705	ehlyjtsslpma	juabunenjjalcqv	zzkzflusbv	f
762	tpyhzriv	faydohuzb	uxlubclxckx	t
679	dvqiqil	yehbvyhxuytb	podsoyhcb	f
765	pxtwjqng	iesqwyyruwfztaz	bixcqmhfk	f
768	thgxcxy	ghgroxesdlxvji	cibxyardqi	f
769	uzcjsxbhybcw	lbtaixomkcwjt	govvz	t
770	xxzjdtgtaqzt	qoucotbjnrj	seltwajkqjtrfei	t
771	vylsxlxljfoizvn	ueewzylzogiamvk	ugycolg	f
772	jpevuwcefe	wairk	ajhcxxtfjilxgb	f
678	odejmytuf	ljocjexqqqvtbi	xcsiukdbwzryzaw	t
776	pyslpeqvezh	mfgzugm	poymsp	t
777	ajlxtc	nkrxlvezjs	dtebpit	t
718	yzuvbqjc	xqebcmea	ppcgxjdfggtx	t
781	fyqpy	sxcezhw	pmfrjqydr	f
773	zkqwkfebkcn	ugjuqrwvke	megapprvvasv	t
785	lwywjfo	cvemtawbwuoqp	dbxfdplrjqckafx	f
787	mynjkffgu	bogvulmsb	xxlpo	f
788	ghrvmy	jvhwotekuhvxubp	jmynoowtnb	t
689	uvfdyb	xsozerhjhugvo	mqyvddxr	t
703	wvbmkxlx	glvwjvp	svdkefquhcox	t
722	kqmxiu	cedbfev	izczivedg	f
780	dgbxqepghhlmm	lufbpfkmuuoc	nqvxzsvqk	t
357	qagsryjoicvwp	jhnxgehtsrlw	vaipoeahyys	f
683	zllyaot	amntseiwmh	jbgsuowwv	f
764	oxdumcqmjmgprj	bbxlonlthh	tjeoe	t
752	klyjxsczrpfzv	aqztnghqxegdjj	optcmt	t
763	uqpca	cihevhozbnyh	nkxnoen	f
749	kyehuwufldofpw	lwrelzfizzoqjc	kyoeqcsshbue	t
784	ncwbd	yjvcvb	seitqhlaywtrf	t
684	naavls	yuqnlxqsods	qagxmpwtkw	f
775	lvqrroc	jsvcmawswerbbm	ijompir	t
697	bzinixamhocen	jwovurqdjimqcmq	jyatcfzzklhare	t
685	snhxeborcmtxud	ltkdunvohcwk	qyggllaceigsnhu	f
754	mbfqdlti	pnebd	atzacrxrxi	t
783	tzccscbjodizoo	pzaestgohaa	jwvlabdzju	f
750	xdrxryutlws	ydmeoog	wkilb	t
753	cflordohae	fpldeznliuuav	glljkvhme	t
729	edzsgfcgcy	eqfdueledcpqgj	svaypejcwxzzxdu	f
570	ppopjujshmztbn	ocuggsxtlnohgm	ajilhthyb	t
759	lhplvcu	othsrkzjertta	zxyncpuqfwmeut	f
779	owqjiyulq	bhqrmpgjkiylxx	fsukyowmnya	f
778	dbdvapuawqhmdpy	yxrtitkjviooy	unawmbfkws	t
719	njzoeqiie	rduho	khcsnxbnnnj	t
755	xhmiefcmemxvizb	bbxuvoxmx	udqvhbgm	f
766	uypvnl	nlochzoivcy	ebeebqfd	f
747	mhqkrhd	jfiuly	zxdehlaksmo	t
740	edgsthhno	pjgfk	azkeujahnmfgnv	f
751	bsnvkz	jsbvesp	duprapyvzsk	t
760	phwutln	nbzqin	mgdvzpdk	t
736	yrcgmxqvmpua	fzvltdqvgfjpcx	sshkpfddg	f
505	cuukltvjkip	kfixtekvtp	cxasugmnxeub	f
738	bkdyec	nskphet	zaqjtykkj	t
691	unynvlxxujvakcr	dygnmnsnns	uazisnklpqwruxb	t
767	nxjrepvcwv	sviihjialkhole	ejbbxebbouwivdm	t
786	liclbf	wblaelbeuma	xcpjxrwjtn	t
717	vuvswfvbqpjsj	mmeupkowhnzt	ewjfljlwccnj	f
687	olqhhgfu	gbnxs	viptqhce	t
713	trtivsnzbdlli	mjsclzwxxpnoldo	fkdlwcmbiaas	t
686	kqzsxrthfpfkqbm	xghzyxjncpuqijt	mwfxgyrmk	t
782	vzcdf	kixwajhtruaiit	jehxtqxgx	t
727	txuphclfh	geehiqhhnj	mxchw	t
789	gznphljafpdtpa	tqjgbjchpl	ezpqkmmrwsd	f
792	pzhvwdwso	fpvmmsyuvojmaly	bybrosxmum	f
793	loelqzley	cpwrphkbb	erdnbus	f
794	mkmeslcfpr	rockl	tjozzcrbiqof	f
795	rzydpvqsjkees	jwiidvfdjsausdb	htjtsmzqxuox	f
796	easeozxlinainhl	gebhmzqjalqcshx	vvmahdbumz	f
797	uwgqydqj	goeozm	amrlvteqzvdfcgc	f
798	xrdknmekw	aoonojjzap	gbroknxpglkss	t
799	rukxdwnxailp	ubsczv	yrreoclz	t
800	phkyacbpaqh	josphhpqfsxwfo	rmshcpbcfgqv	f
802	zbmxwkt	izqrvpg	zevtzmbk	t
804	eycpfczayvgie	xkpxufgbcgadm	gegqokzynzoaqfo	f
805	kbrscxjbqogvlt	kqhmdel	hsfbppnaidmseo	f
806	dfdfebediwlhz	givkikjj	mdkazlx	t
807	kcdrobhvalxuc	ddihq	msadymleknwr	f
808	sfdixpsgx	fxakfeqjqrhkcm	gcxeqqi	f
809	abojdu	ahqxchgm	szcberooqabgj	f
810	pugghjuoooi	tgfcgvqj	fkspfgjeslvt	t
812	wxfccceifv	ncnfwxym	bxomxar	t
813	rfptdxybfkhdmnm	byohfzubbltpm	yuhvawowotgg	f
815	nizni	ljkgbu	fdycv	t
816	ytvkf	bebtxe	dbkiwmrkuo	t
817	trltgqfhubrq	ppttntyh	tqyvlpmgwmsf	t
822	zyutwworbjssbh	lqtyoq	ipdvmwdaceteag	f
823	jrslyokvmiy	tyivqqwfibqz	jauwwn	f
824	zqhsgwdmne	dcsnudkgktiezfu	inkgiycukkeusz	f
819	sczkxrgwvrkgdpe	rhxwlbtupc	sdzgekrqx	f
825	fantwwjhrvin	mnskbqfchemdd	hudbmoy	f
827	gzbmpvkcvnr	zsomuul	hokqetsuctqacr	f
828	laiiiyi	dgfopkpobjz	uwqjoeuui	t
829	nbnfplcrpt	jgykvevt	tkeaqwwuzpn	t
830	xxewxipec	hwmdvvebq	llmeuivdtvmb	t
833	rcsfsrgvnxua	sxfrkbimv	ruwdvri	t
835	wkafuxm	cvdznmcfe	qfjunf	t
837	aiktgd	rfznmtsq	dnwwotmsccfgeb	t
838	jpvcl	katqwldvs	pdunzlxwtsfxeiu	t
839	xkbfgszhodxg	vxrjllefo	ulzxinzdtqbchi	t
675	apxfxs	jsphhvgprkdbbmh	nnkqse	t
811	fsasrefsjgozs	chmjdhqlgrciva	afviykg	t
841	flpadiziwwdybz	qkgpbdr	ungmmp	f
842	xigclehhpm	ejhpkmfugdbgvul	klellpxqtlqaj	t
843	thbgilvkgqex	yiljjeh	mjiwkiz	t
844	lspqcul	cvldalsws	vbnrnhpfxdbsy	f
847	znwvkb	riwitxg	otmcg	t
848	bzqmuoepmpggx	ihhiil	uvbxavlehvayh	f
849	uzkbse	fzwui	tymhvdqoji	f
850	cjmvsq	uvfhusxwzti	fibxszmedno	f
851	sfakstnykxw	fsyslzvhjfuqshk	wwngkdqc	f
853	uarpsh	apgfjyvbqjeptsq	noclzkfn	t
854	ihvwekpkcuws	hfcla	hurzbpqessao	f
855	hmkrcnv	azdigxahexuxql	ppnqvdrwa	t
857	rlrbzbpdprfk	megnpclrn	zmgkd	t
858	jmsfarxzog	fyvvfhajgy	asrovshes	f
859	aopxuxstzkf	gunqxkhoeqb	lgbsmzst	t
791	wtqwdlyemmsxxqa	fzzzosq	uerudoqcaawpn	t
860	jmgiljpbtvm	nbaiviacxjwiq	yvsrmuyjkkf	t
862	yinespgaehkcm	pyrjmdxckaup	avphofhosxgpi	t
863	rohictf	lopsupzvlwybsg	agxqcgil	f
864	ioqtb	lfjubiahcwdomj	ftabvloqxh	t
866	klmddbnrb	dxlgcqvyek	lqgvb	f
790	jtrkvbyp	piphorvajbqsttu	erpeymwddb	f
869	jgbshpwwrnsu	veqyqrqjkao	rjbhujwzkdko	f
870	frdtgpbjd	dxjeq	mjxxzhbrr	f
871	gzaqrsstvbrzg	frejqjlygcwjx	khndtiiottqfbq	t
872	yinqqwhsdyofs	knojdyxqz	zuwbaxqo	f
873	vuppx	oonstmdjjtjx	nhjkpfpk	f
874	ayekohmnlmvmvur	ctscypfanh	vjahgkayx	t
875	grqpjvw	tjzeyjvhyl	zmmxqsfhveke	f
876	nzexqlebgbo	aplcfdavsopysg	mmodzk	t
878	hakksjantebzupe	vdcmc	cwlfswlf	f
879	hqluglu	fslabcqeminoy	fcuhwxmaklsczap	f
881	vyaugmxkrrpi	cbwjzm	vjqjvrvpcfwjjm	f
696	ovbmdwxkqjbqc	nnysheqpfiglfh	dzlrhfagx	f
831	sctrxc	mkkyuuflfpdzda	arpgtxznutm	t
885	nkbxju	suyofae	isyxvmqjclkkvn	t
886	gpkygy	kvkwpshb	adfquotkjpc	t
889	aaoytcokjdf	bouqtemxtvf	qoagn	t
890	jpgvimflh	ivsihyuupw	oltzhlkvbr	t
891	auikp	waqkyvpdowx	svgcxjkittrvjlb	t
892	czrmjxp	cfrdawuun	mjwyyjakxbct	t
893	jueheoprfcjmfrr	qhmydrtzz	vkqauugsv	t
895	spmdedd	ntpknsdxxjsg	vnoxbwicabylfau	f
897	mnhdjxwcvz	scflgrifpjeztap	rtszjcynn	t
898	lkkcetrb	qwzgunlbowv	fhpslekxf	f
900	qpzwjqtpxdsgapf	abyxaiunw	cdsypqllrrghiha	t
901	wiuykcqzmdjlycg	yonewpjkqvl	nsawcym	t
888	amnaeevuat	dskedirsfoce	tvcfsbgde	t
884	vthwlngaanvyqhd	tgwiw	axpodqgojekv	t
845	xctahmxtkg	ciwan	jgybwdcnksq	t
882	kxzxhyjit	zdqyqcdgzs	beiitu	t
894	xxmhvxv	umyrkiubzyzbxw	thijkpxsp	f
880	orimijse	qgytixpypks	lunldfju	f
821	hriqfnltk	mtohgsbrnwdxw	puueswbsmsns	t
801	gcueoaluifvvji	binzqmqspwutbya	agimctyidr	t
803	qfwkqcpfzcdtga	rqlevzjsaeq	yxilofsapswbtc	f
883	bzktkackqrevdt	tevojwmv	eaivoumdpvbuj	t
865	mcuvs	uphhwawyud	qnfxbchr	t
818	dcngeh	hciuhazdtx	veecni	f
887	klrxbvtborng	nzzvzezfeqlh	zvtdykvnbwappu	f
899	wbnhajx	rjxjjtsexcl	wosqd	t
868	rsushuzosx	zlsptbpnqofusfp	ziiypi	t
832	ggieziihadbkt	ojtdcvq	ckcriepqisu	f
877	vuicpe	zdjrhisw	mbppyebdu	t
834	tbzoxt	xpyiufhnzwx	gwcqowun	f
826	lmgaczbafoq	xfupphcpgrqv	okymhhtltwtav	f
852	wcysygyzirs	gzcsgbjiqpk	dzfsgbinjk	t
814	lhnhsxeat	silotyptoym	mrckodylp	t
867	ldbtisasaoxf	tsxrjvhj	caajvcznnsgr	t
846	abuikojttfy	zfqnqusdfqqiz	xgcdsrltcnplx	t
774	pgkixdmpdm	ewqlnxxkdv	ijmjwnbsgcy	t
820	xuukkvcqwrxw	aoojncmgguk	zuslmmdlc	f
896	eeqkrdlt	nysukvksd	nvqrngseyf	t
861	qleofas	tfayebtelepxutj	asfqiujsjyqhuu	t
856	gluhtqjqjp	ufjgdajmjkunwzs	apidlhb	t
902	hcqtvihpzt	ryohvh	htlvscmiguhusb	f
904	cukrkq	isucn	jlsqmcrgrgocqyq	f
358	ewryawcjdxhwpah	lvxoxafqyqkivw	dwmzqij	f
907	ypqncr	tefzlp	vetqucsrmujuguj	t
836	iomslcmyl	cyvizvejfvld	kskqs	t
909	yrhyfgzcffpmkoe	nnycngmdsr	zybjcliybqylxb	t
910	nchixwrcr	vyzouwcfonhqkb	gducmbxfzpb	t
912	zqnxjeozevt	edverqyga	vxgueldujqx	t
913	nkzlavmsnuxjeqx	ksqcnmsws	xfopw	f
914	nsxmtkthdzx	mdlenjpqymkud	fxqmebcysyrsej	t
915	wymutrzt	fcgmzlsue	ashfgantecn	f
916	etlklnjjnzq	xsgxmitvy	fofmo	f
917	lvdtzgdaaq	bnbzbrbviljg	nhqayezlttkb	t
918	bvxvoqkzvbjnzyx	nywzm	iqgfdnqbdo	f
911	ctoksampmjbb	gcoocy	tdmqpsmwz	t
919	eughkfsrakyidgk	rgbcjm	rujuqz	f
921	jcxzps	fnggyhldqpke	jgmjmquqd	t
922	axaymx	qlkvorlswfrrgdw	tujchsiwxnt	t
923	cebcdvbkphqln	jxtdysitimvsgt	cwfmkpcfir	f
924	iyxrnvhfci	znhximeiwk	ccktmtbkueaicy	f
927	pvzthhqgaxyxb	sdqczphgymj	zbohmya	f
928	uleayxhvnmcuhmq	qsjsz	oxhwsqwza	f
930	akxdjsmjcyaojo	jqmiljq	kignofw	t
931	kxkcxd	xvyeghskuwto	idekdgnomlbvfsb	t
933	nldaarhyd	tndxjqu	lnadozxuqm	t
934	wtzcros	awqokftswprng	hmielxsci	f
935	wgmezccfoe	ysgbhsel	wouimhqzosi	f
936	gfthil	ioqrzshhnwfcc	cfuxpqofilnypnv	f
937	scpanbncsumoql	pdihzynmm	sdexbuy	t
938	dkbudf	soxczowksbqui	ejyhc	f
940	hpcspqqwhwvepbw	flpubofngumx	wbucvrvwke	t
941	jikulqvom	ydvpiwdgh	yjzvoam	f
942	uxdlbbacidfr	ggcmumpi	snsmmthdfkdn	t
946	izmdzxrywrwsgvu	zjtpdshgkm	catcnefqrgr	t
947	hvyoiqjmkvacnb	kjxmiwiui	lqmyqlvctwzuzi	t
948	cogodebbmsejwk	wbypgq	fzzjxum	f
949	kmaxmx	xidzzopfngo	bfahnb	f
950	uvtooovywk	wwodxxlvu	twclfriypmwbfqz	t
952	ymdsrzkwvskcwq	ufneoyqn	jhlxgkhrshxnk	f
953	ohufs	lepuhnkwhb	kvaptvr	f
954	wfjbqbdqrtoukl	vrkpfqacwx	awrntygetx	t
955	nlamwtufxeurzv	iiirnactuwltcfz	yltkeqwhccb	f
957	wtcnzugagnre	tibktfuiixh	nhusiwubdawpey	f
958	avntifryodel	irgoqofmqozyw	zsdmcq	f
960	chzdib	mpcnp	sghuhlxftnmb	t
961	rkbesqdkbvvwprd	dihjzecykmufj	hkytxyz	f
964	fmrsgiphgiap	knxdmbxzainzs	hhdshzjje	f
965	fbpyepmqeujv	ieozykxmykm	omgozqifykvbs	t
966	jprjalkmtjrwsr	ftxcgwh	kedehv	f
968	cjxqlrofdxpmgn	aelsh	avhuivgev	t
970	nvwbuyeqpsv	yjkpydtldegum	hiatfsbzjn	t
908	emhhsaffs	iwpdrerm	kmzjjmcavqefjjs	f
971	exlanot	ugelz	oszyqdu	f
972	sixepzemillks	fqjurapv	qhfnzdxdjokjsz	f
973	zqivoesutv	cxjogalditro	epehpm	t
974	lvvbvmix	ozwqclospwumlnq	nyanrtublvp	f
977	dzvfvlydzpdon	cxegvicx	tbwke	t
978	nqwymimq	czconzhcyyd	gcixgybhlz	f
979	flukcpwvgdsddp	edvusznesqhp	aqcdcrqzec	t
980	cgygdidi	vdfqphp	raichwg	f
981	twmeqnkse	bqaxjlqib	unesnfnxtodbyip	t
982	occzzsssf	qfwtsaiddri	mgmlru	t
984	uxbhpbglbufxvh	uvbmceudxcrrpq	ctqplafehtqzf	f
985	prcbwr	hojpvanlvgd	jycmggch	t
986	jxosinyojw	orewsvkxnmr	trrisgfsmztqsl	f
967	ahmflmozrbmwk	tvzjynww	zywjd	t
987	hcxrz	szyabhvge	fomocnicg	f
962	lvfmfeqyiqygtzv	fqwtpktmmkqnq	bffmyyzj	t
988	pvcci	rjvoznxmenymyed	zpgirj	f
943	stnlbwi	jkazsmanuswv	fpbruitaltble	f
989	glkykfehdkx	kbitd	wawwmuzl	f
990	tqibv	rgzfi	zlsajehsufhsdsx	t
991	huwxxn	vhvhx	dguvzcwsxdecng	t
992	scplnwp	nhqhmckhflx	lhiawgouertq	t
993	ratqctwadaqighv	kzkicths	ibmfdpcetkqdg	f
1007	xohal	bwmko	lphbcsptnk	f
995	cbapu	zgcyyzrobu	pbugvqxk	t
996	orlghltvulyzg	jsvxiefwm	uhkhcjbgmevbfic	f
998	szuiyg	urviywgq	gxoyabdxtgrid	t
999	dwzes	ifcbaopvkpb	rmcmpsacwwwgbtk	t
1000	hrxabcevf	iopcmedljayph	eixsl	t
1001	sgoifgeqtdjpp	bhycy	uwqub	f
1004	opivxs	pwfvbsnqbh	eqikzh	f
1006	rodkhduafrtv	jrylvaf	tcvoigdrxk	f
1008	fatfxeoloobfnkn	dreuivczecjuu	hpqatomeijzvjwp	f
1009	kjktrk	zourfiu	jgbfoxrpvto	f
1010	kigpqmwupohuy	mzqkaqf	twvlojndds	f
1011	jobxdihjzodh	ukpugzonrm	pidsp	t
1012	udxvikzn	tthmkkfuno	lrzttdrxuqewbh	t
1013	bjymtzbajodl	vfshpuucz	rgxih	t
1014	uzdfrhgxvind	wacfhmyixt	mezkluhxpxenxs	f
1015	vxljncqkvg	wchebvih	cbmtmpsh	f
975	pjdeebkojltjz	zulfykvdrzsattr	drqpbrfol	f
944	mdnckcylykjvjew	svjfnstv	wuvnamzpfd	t
983	msdtag	voqhrxfqbkqbfnb	zvvonnkmqnvuyu	t
997	meqwvuyx	qjxrahebcmyeqim	lwbtbejvl	f
906	wfhkfyiwxofqus	bbjhbvwnwc	dgzpizckmwmxtl	f
956	dekage	wbbskwnpmvlxcb	pykvv	t
925	afthbggkfrz	cwsoy	ppxmdoxspafezt	f
932	zoiruvcgdfquvob	gskdng	ikrirduesix	f
1002	ufimnqt	pnginrvbytf	iszcr	f
920	pfnby	oercbk	weghajlkxxxmtgy	f
926	spmhieyqablh	inmfihiuzarqql	kmabxy	f
945	upfvplmw	xpqguctvcuurk	saljn	f
929	wujfziadtjhgz	pbuft	sgpfymhcbdiuc	t
959	lhijeiwnndrclh	bhpyzewx	kkzaosqbyomi	t
905	fkwzcd	rxnhgsg	lwttcyckfxtpejd	f
1003	ipjxdtthqqdeiq	ihcbei	glcfxz	t
976	cfhlnbl	phbbcmhpafn	hgvhrfzhunpnsfy	f
951	thgmxkgmzghtimi	srtnlvifzvoycdz	gbmuagcsyavqxd	t
963	wwlmwsfxlui	luawhc	boqfhgxfp	f
939	biikvcutaygdrl	shbvmqko	ybsuepxg	t
1005	jmzaagrup	bssmzzkmmn	cnvxkqg	f
994	okpoudr	jczphtlj	mmhlpl	t
1016	wxkxivwdqwfyxkz	xmsaozdlpb	btdbadrhhrx	t
1017	ronbtnuvskd	kkdzujr	vfksrziqsxps	t
1018	vsvwqr	yjlgnkgw	gnntexamj	f
1019	hhpfre	qnydtsgqk	ofkknromdlf	f
1020	kkvjdz	zfoykzrxj	dcbennpkynqep	f
1021	ixpzuoxcyzyzg	sxiflsh	ptkjn	f
1023	ztrohxhgwh	jzhtk	pkzetfmded	f
903	genttjhamqsrny	hhfnssqwelphxsj	qepklgbf	f
1024	rheoekdovtic	ghsdlzvurpav	afddjerrhqb	f
1025	dqreomskdinaft	riwaldtvzgswgu	aprrbnujpezl	t
1026	shhbtbrfml	tcgtms	xvqoefvrgf	t
1027	eexcfvnah	rxlixihnziq	jwzkbwipv	f
1028	osrobvxgpwneou	tinecsketrezq	tzkinkohy	f
1030	ctnfonz	kehkmfczv	eilonbmkszg	t
1031	marglyelokn	fzahmgagriy	yawykyp	f
1032	virwy	onyergfoljcgdr	znkphfs	t
1033	dmhhwcyhaeyav	xcemochsnpvstkt	qqvefdaozhc	f
1034	pscdnntelgqnh	qddyvoeeo	uuwkiyin	t
746	rvtfebcxmwxpgab	wawvpinorsuu	nhfybhyziuazhdq	f
1036	lnvgvkspxfse	sztyhylahkdvzd	cgmss	t
1037	otutykxldeonr	fnajg	dvhbtkbr	t
1038	rzqdjqikqyde	jzcrhniahpr	edjpvnvf	f
1039	unhteijnob	nlbmmt	qzqbn	f
1040	duhkhg	ryvvjvhbqau	egseoidonfrdcm	f
522	ofaakvyc	vvcgchoxthidxm	bqzwoyeq	t
1041	bywuzoytcvdrlzo	ltbmepte	gkngiqsqpmauazb	t
1042	usndncyxq	rtxisjdqp	josmhcsh	t
1043	hwgwywr	wjggpdcztzi	rryjgfhmqnm	t
1045	wzaefigidvadpvl	ktrpvqejdq	gqduwvsyarw	f
1046	fxbvlihai	qadxtg	vnnysxdut	t
1047	xuwcbuz	focxwkzktvuqgow	weamrpnj	f
1048	mhobnqzzwgopl	kknzjtllaxauvp	tglgekmvnwvjx	f
1049	qjqffplzpmjwp	qqhzromtyst	hyvjhhlfibx	t
1050	hmqekngq	akcionbwwkmfft	gvrvcjbdgiap	f
1052	hropyaasfooce	fbsohr	qnjplizuz	t
969	zdebhczmpijd	mozwfrwps	zrqzxgxqzlxfqy	f
1053	rwsfbpzziqy	dnprrzwwadjs	oeudrellkizvb	f
1056	ksoohjbrdt	xphee	dwrowjitpfqr	t
1057	aaoqrsjfsnt	tsbakuqqmngxal	adnla	t
1058	cohyd	hmgdnv	fqmqdxyesquhn	t
1059	gcrrfzmrhr	hhqckynicfxiyw	gxcptj	f
1061	ccbgamgm	jcwehggzsduc	zboywpoiwp	t
1062	sexnszm	bwpye	ltldntpckpumf	t
1063	hillenncbndx	ahcbvbbm	zfbtcyrdt	f
1064	nrtykhqlbhdxhj	pjdbbtbc	metlsk	f
1065	nizpczblnt	mjwnhhthv	ldzajjjg	f
1066	dpmwzbywo	xefmtjbivuvqu	csdgafu	t
1067	xgdonsibjwebq	lpjavgywv	zyoquqekcnkfl	f
1068	bixkwr	gswua	unglfcdedp	f
840	cxppbvqpfrziw	ztniivlqiudkiki	yuiesop	t
1069	ctfikt	czcydbkanc	nzeil	f
1070	uwjtgclv	ithggwaday	dqlvg	t
1071	bihvton	sfczsgcud	uddsmil	f
1072	nzqrwnvplvb	lvyfztlaxbtwadv	xqvda	t
1073	sgbqv	zcsdlnirj	lestczhybqyvu	t
569	ndadjgmkhhsye	ddzdoljppqwbfq	cptaciziolhyf	f
1074	lmnpffkhkyoba	fbuamqhtkfpr	rgpmtecu	f
1075	itbztmbydiz	jmmvsmkfvw	kgttzzvahb	t
1076	ivgxvzgfgxzyxv	takotklnjssa	bcbwocpeb	t
1077	onkmkfxc	rpzibujaaolgyns	rcdgvo	f
1078	mjxpfwsoqjok	qtjtfsgevmhyhfa	apjxhjlgsrshdlr	t
1079	dmbng	dzdtqbn	xpyxqeohmuaogue	f
1080	vebmyz	ggorslsno	rbzlpk	f
1082	rdirubxqfgnmh	kwmlg	kkboaqnjlwe	t
1083	txrnvdsbzqxvofz	cujqkj	izqmfqkf	f
1084	xnkqykumwr	leqvo	kbndzf	t
1085	twdwoiicaqd	lhycno	ydpoxifedftvcu	t
1086	ijdkiiigxigoi	vlfbasg	wamwtdgssoryw	f
1087	dvhxfqsssvtjruj	nvdrlosgzm	ljjii	f
1088	alitsa	nlkgrbpiqqfafkc	nbfvikibrzpo	t
1089	xhfhydtthhj	vuqetrydiuijuz	moiyrbpoevzjjv	f
1090	jqlctvggwiy	dtgpvicpzb	ciwayhzr	t
1091	nmhnqgih	yalnngroxg	ixdguwgswu	t
1092	xwvtlazinivbv	ezzak	mpnveqqwgmrw	f
1093	jfbfnmu	qabugugtxzsrnsm	nitiwkqmc	f
1094	niksjuywimynvn	fempvw	xyqqikdkphfp	f
1095	bbefkdj	ujqqgtblsjun	mikllwcxfgc	f
1096	wiyfksplj	knrdaspsve	asbfedkqmxosnpu	f
1097	vtcbczpbduclc	pebgrat	sqlcawntct	t
1098	rrlknwt	fbddxdthuqpdlf	aqzaio	f
1099	vxtkvj	ukxkt	ffxluflmkit	t
1100	pxtcwvnpnqrp	leejlwmybj	gsyfubynx	f
1101	yghvtpqw	oezne	rknkzus	f
1102	voiftcvs	fzfsx	zkohg	f
1103	ugjebekxeemgqc	cqhqupn	ivouwmqzlfyv	f
1104	zhwytmrwb	otadix	kuhqoxs	t
1105	uctrh	perowiclbuhz	looop	t
1106	iffszcefws	kwyfqqpnxx	npusumrpbj	t
1107	oqjjbwosi	ataon	yebaieaylfwoz	f
1108	kzwyhadf	edgehaxei	fycjmxilm	f
1109	ezvhexkbntug	mycnrzu	xeqogki	t
1110	nhzdwkvaxka	omxiui	znsdfzayzy	f
1111	llxkqbxwtx	sbikuz	cmfph	f
1112	jnxzsnxypqslf	djwcwnzn	sajbqbwvk	f
1115	lkngrmkmbpuxnu	weceibdtsiecyh	kexzwkk	f
1116	nvzgbli	tchjitac	yxtxtmoxtjtjwxj	t
1117	ddrglnkdkxax	roittqskh	mtspacwdqyzw	t
1118	uydagkbztjce	msdmfyrtg	akskchez	f
1119	yecugar	cnfrlngkdanwqr	hofnbwudrrnisc	f
1120	cvctnbmbxq	ghbbzc	dhpoc	f
1121	rvtnvmc	zoxzjhxilvpjeyt	gftuatuhwilt	f
1122	hcdpcytocrfayb	rsvrs	kxncwjukcsun	f
1123	mhvzbjidwzy	icniqwj	zxawcqk	t
1124	xmksdtcwzzywlyl	roagvmp	ctixqnmxdgyxtsr	f
1125	cqfdhtp	nmntkesll	yaqdclvqqwe	t
1126	lgzjnpe	dqkmplqzkzdids	wwxnkofkfxs	f
1127	qajmi	qlaqensx	xmpwdngghm	t
1114	espejpsay	loxvlcmmsnlde	azzsz	t
1113	aumulnbcl	nxbtxgw	dgojycjvdjc	t
1044	hkgluly	ehuqbeeyk	jizrwr	t
1081	rlreokmwwduy	iljxchjgcwkm	vesfyyttawo	f
1029	mtaxtvlzga	ljauljba	kcgyfju	f
1035	xvszkoghhz	tvjcwnxpsspwhzq	rapmnxcvzepp	f
1060	wqoaxvfkox	rhyhsfrdnakpwhs	asqbj	f
1054	omzpqtvbqh	iqldrvpkclykbj	eyiwyu	t
1022	xfisyxjc	jeaki	yqlqiyxh	t
1128	jfuuqgap	dydkme	ugoxjygntyakej	f
1129	cqdxiodnmzopyyk	vuycxhtybk	rsubevxpy	f
1130	uuwnmvekrsh	lpnpj	clvnnj	f
1055	runlut	pesryoevz	jjuhk	f
1131	eypzpgamfgedrnk	uxkaduorakrhpg	rbayuazai	f
1132	qlmki	ossfhv	ylbkfm	f
1133	wzogq	ttyixcmpty	ntvsbhkfuzwstf	t
1134	eaxfbrf	wxmcyegrxgqh	dmuypnykxc	t
1135	efttlhpvjldqbc	abrromngfs	cflkydjhw	f
1136	dtqsejgddmzbq	xigqpvgfqeb	zlfhelyxjatxfu	f
1137	urnatmghfhk	rmtcsn	otlyfagsvchyrr	f
1138	htyhlafnzwcmk	qhqwmpyj	mlscoxrvb	t
1139	pqrbicuikbgccn	iwoat	rgfjfh	t
1140	flczt	iymmbtamiif	bzyqixltvfex	t
1141	vjdiz	juwbydv	fricfhit	f
1142	bncedezhuy	vybcteqnk	bwofuotvyfm	f
1143	aoujqsifsgtcyp	tucsrgm	sddwdhxqba	f
1144	cuilqcmibiyfwaa	kzyjsqjfmpaei	bdllgdyrjbd	f
1145	jfynoi	wnrwjbszkyink	zdvdxtmbgqsrn	t
1146	ybtlyb	qvbxydjm	swbutwablqpfzq	t
1147	jvhckn	vulwgi	jgmfjrsbde	t
1148	nkwhlevz	osmmhrxvwgwty	oxcvoyhsmfxjql	t
1149	dzkqqhcdekhp	fronzzsxejwo	jyawaw	t
1150	foaemfzweatmr	hmmpwdhuqwmnr	srvxg	t
1151	guehzfhe	qxxejqel	kyfnsex	f
1152	uvhudshuryob	bviiif	fjtnrmgrm	t
1154	zspetztzz	ypscmb	jwujogldruyotqv	t
1155	jtpgrxobefcxtns	ygdpahdkdt	zwsoedmfpmeae	t
1156	eluoymgaefjfpu	axhowadt	nixygmkpkafdmk	t
1157	hhyeofslcsfjpzv	lxegtezdwx	ebkugvqijidh	f
1158	yyjxxqgoovoseen	wsoaepexno	ylexgxfqifvm	t
1159	akmeri	vggnhhu	uqxmvmnpggfjzl	t
1160	advalmbltg	poaqcaycbg	cegihpgbacndt	t
1161	zjwemqzlcippi	vgrgwdjeqefm	xmoyseby	t
1162	pemlxnba	jrgrjnqw	tqkdprvgjldurc	f
1163	voiaeyclzw	vubccfpthw	giregoornoatmp	f
1164	dmhojsvufqtw	nrnray	seuzzgbsyxkv	t
1165	cmtkpbafdhvt	unlyyusuycnton	grloihdnns	t
1166	xtnxsmk	jglmyosujnap	ixltjkodnxp	t
1167	pksbavagaov	rgdlnbek	oqmrmehfhffba	f
1168	pybtwwykswnl	lzcaosh	mgeekcjrwtpz	t
1169	lxllwqpxptij	qqfvt	haoftpa	f
1170	jrhuzknvma	trozlen	gtylzbiqsggupd	t
1171	cwtlycsatkstpgz	qxwuoduo	vcgqoringaflj	f
1173	sdqhqeul	pwwxwk	hnxaxke	f
1174	vhqwglgdfrdgcqp	eiock	xhiarzycdinpf	f
1175	xkluwtfs	mtyvqzme	kxlsxizguizsgk	t
1176	uhulmiu	ngjwamgmt	zmfsi	f
1177	gnreb	lgujqcqwzunuhf	nkgcx	t
1178	hbktmobelthz	pzyqoio	xxfxildqhnnxpi	f
1179	bruysykgybmiv	nkqlyrf	aidsbwx	t
1180	jqjkqcdtwfxim	wqjlo	cqgnvhikjyqbb	t
1181	uphhdcirjzonthd	boulwqvgvfg	fedgyqcbn	f
1182	onxacgxdrc	sbestqdtnkvymy	vjgccpm	f
1183	bzrtqhesxihcvnp	dbrljqeha	pdhufpbn	t
1184	iddrzsiwcmap	otilhvgbl	dbiorjcjxk	f
1185	wdzlrsq	fqopfufzfpy	rnumuegnzj	f
1186	ewwtw	ipokzxh	gunen	f
1187	oqfftn	egwwfrebce	howqpxdgafata	f
1188	wzohn	qrvrghaeyosee	ajzhgistoci	f
1189	mnzshnq	jrvipiij	lxmrn	t
1190	jiocbcrgb	jxpklkiwrm	bgmbjqgfgbqqlw	t
1191	lspruuzjjlblf	jfntfjtnskwc	ltlcbquop	t
1192	obyeut	ibyzp	uahjmonmscvmv	f
1193	zlmoagvq	ojbluznredj	fudaysolff	f
1194	qhzdsebqaxn	owhwnrcalbllgm	nqmqkhipmzfkk	t
1195	qobxdwmnn	laybai	ntngyvkqqczvdom	t
1196	kqqoyqq	pbibhvgmj	ptyioeeojzqnlw	t
1197	wdufpxjrqav	wxdeym	lundpaqgja	t
1198	aaczpyedknhsnz	szrmxbjfbtl	dcazhxxqzipnazh	t
1199	ipauf	maxjomhokg	bzykz	f
1200	ljxlzee	fwozkk	jjtansnmcpyo	f
1201	vmoshsdhrblehe	vpycvsa	zbwxfqcrodmhgy	f
1202	uaxpicqmegzl	skpwoqc	voppmzpuswkazcb	t
1203	ucvuysweykdqsf	nnhndbegfiywwkx	ulsgsuvomle	t
1204	xcvftwjmsnjrr	drjzsypsg	udtetwy	t
1205	nbujc	ybzstatlnzah	pdglvhbxqc	f
1206	vruqjmuw	jkbvvjawjyddr	yupfbfzdjha	t
1207	yydbfqanpcviwtl	xmjzubxajxp	vgajlarlmauynsh	t
1208	iwggpnrveizblq	cpwikj	yzeqb	f
1209	hjsbuqjxkuon	mbnmudet	jxfnbldck	t
1210	hivgeafxroq	tlqdqerkkznkjt	agwxfxnamsupj	f
1211	zjtzpvkjld	jhaiyb	jerjxyfbkkagqyw	f
1212	miqnaudqegfqwdj	bnprme	ycwco	t
1213	riobfiklwc	ydraftlyyw	pguvar	f
1172	ykdge	ulmegexag	qglnhbajhr	t
1214	rolemd	kaccprxihptdc	jkffxsarovfdrcf	t
1215	tlrfevnckrh	dkxygbxh	qowsrwpptqj	f
1216	qrmphsvum	himhlyxh	fqngfb	t
1217	wufoarpoyouyvov	kginybtsyaybxyw	pflepnw	t
1218	bxaugfwslx	ajwitqxtzkxor	lwlycjg	f
1219	qxecbw	hyacwqhcw	fswxszyi	f
1220	cnwpdpq	umabdgywky	gvxldfxifyx	t
1221	yunhrrpq	tnowhcl	umrkaqfx	f
1222	uebztizatjua	ebzljfgmgjkasxu	lpawwrnorsl	t
1223	ahffetokjetp	evafgwnjisfgk	yesmf	t
1224	esyfci	puineqx	udrnhkqehxqddar	f
1225	swktmozhtuct	ptwzzdboi	omwfprerhzxmu	f
1226	uklsiacaajiisa	winbhmtmlgmsd	wsnuu	f
1227	eqgmezafzvzqs	qwzkqntkbfv	bxwmoaaapqrwo	f
1228	tujtoasycckjabu	gjgtfzwtc	murwmiwwokms	t
1229	ilwwo	umlgbxpu	veuosxjdpz	t
1230	ublkhk	ujjwlu	qduhxo	f
1231	zcqllbrgvtovpr	cxpeuhoduidd	msmlnprzlrfrwx	t
1232	eljufavuzmqgky	rerlpftlltga	uolfidgspbwmyfv	t
1233	jwosbcjazjikso	iqtjjsbifbhgni	rxoehvfwpj	f
1234	bucay	wmnijpsxakjr	gtmkunmndd	f
1235	pyurpzuifqsdc	czkmyu	zirvutiethwu	f
1236	mltucvkf	rvisdobkil	vdmjqxmmiitubo	t
1237	orqplosrhsnyer	auyzizjbbgplnh	izjhl	f
1238	eltucbfsdomhs	sanqzwweyjin	oelgmhqvtlepat	t
1239	tbogmeap	llysgnfyatwlt	mfrllbziegydsdo	t
1240	zlgakyynqfkw	gvzub	tflfi	f
1241	hldfhhxkbylfw	eblwxqkevegjv	twtdhnm	t
1242	tzxuqmjwuocbkdg	eefwxjaiuxa	freugjpxrtwtcig	f
1243	xnezgryjofr	xenzpxeybdgxa	cljoxoyvrdjocjy	t
1244	afhqkygojktzaq	kebsa	wmuup	f
1245	dtsznszrzzaue	ikbvcgp	daowlpjj	t
1246	biuxacnedsvrljn	xawiaudrwrymdhx	edxgfapb	f
1247	kkwuaxfhplzl	bndlbtztc	bptufifp	t
1248	xngvbwuk	meuuyupkk	lbbhcytqabaq	f
1249	wmjbrjyg	lfxdg	dfiknlbtopjay	f
1250	kavaxlxmyg	opzhd	akdfwvwburewf	t
1251	tfxyystzrw	klptkgagvqdn	vnojavlptda	t
1252	trcnr	mixasn	gnktabot	f
1253	bpawcpahzskqque	uamoagjknnnvn	jhbmri	t
1254	pbusdho	gootyfxy	mdyqgvrap	f
1255	uvxbdkyagpdofn	gbtvee	jeoymjjluzbffe	t
1256	gzxzpjzpwkjnqnr	mhmbrwhklgvme	umkfnmjosp	t
1257	peuysetyb	asjntsb	tzwjdoerissfi	f
1258	umcgbtmqkpshevf	ziyyikwtnb	fzweiuioky	f
1051	zqgkahqcoqb	nkgouvmzarqz	hejqlau	t
1259	hdwipit	ytniyhwboseqrvz	nxxjmgklyy	f
1260	vrtzitkwwvwkqus	fwdyvghxs	mscstlklqtli	t
1261	ypizqtdmqphfdv	nkwmokw	hukgk	f
1262	zvyxyg	vdlnppzaqru	cngjoin	f
1263	djoomxiu	aguqqydkiet	kytwlnwgqzjgvi	t
1264	njnhrflwsgrz	pqthueg	ydbqq	f
1265	pbdazvoclalzpfw	mlrddrpfopgcim	pqbaaya	f
1266	pcabe	waunlsznvwx	moecdgwbld	t
1267	pxqglghi	bqcsmzyldar	qeqsbjlmo	t
1153	ilrhebklq	ksfzzjjzljc	wtvrullilgmlqwi	f
1268	ljfvrcjbimkljsj	cucaxcs	irlresfoipgkkp	t
\.


--
-- Name: customer_id_seq; Type: SEQUENCE SET; Schema: public; Owner: testuser
--

SELECT pg_catalog.setval('public.customer_id_seq', 1268, true);


--
-- Data for Name: product; Type: TABLE DATA; Schema: public; Owner: testuser
--

COPY public.product (id, name, cost, amount) FROM stdin;
26	lgkcxaaf	705	538
85	lthetepnty	351	5882
39	gsrssbcubj	398	6374
60	afnndanahscma	215	8162
38	ujmmf	646	9975
102	tvzgtuwnbwccofw	906	6991
134	cxyvmmoavd	346	7683
34	sdlpswsampexh	14	3278
88	quyod	611	6174
51	lzkumb	533	5063
119	gcpdsxfeix	828	6888
131	ihapnlfscoz	204	1107
70	wljresiga	647	1478
106	hzzzfqebtrdjd	959	1485
4	jbzdncoqkph	418	7444
96	kemsfbodfffsqqm	452	2708
107	wdncs	483	7347
77	dikbhtnkgxwi	380	9112
25	wokuhedocjqg	885	9579
1	zmpol	363	118
109	kwmbahkiywbtc	74	2297
37	xqycmdonoqr	23	1659
141	mweruiqzzcfffl	219	8979
62	wbnjaihu	292	5615
13	zfflpjorjox	812	991
66	uumazmogbpsuwkt	59	266
101	whguqvgp	740	5671
12	uzsdoypentqd	754	5115
69	orxdq	43	2858
50	btmed	499	1433
72	lelligdoo	611	4128
67	slhpdfq	840	6974
74	mykve	498	7261
65	tnijklgufs	518	1272
111	qftlfa	724	7402
33	hvlvtvuqlbml	399	452
82	bvzxhsmjuuawqi	361	9282
121	vvxkbyodszdhhm	545	3285
49	qimjecgs	304	547
87	gdglmwhp	834	5190
140	toprvqglo	77	7981
5	hegsrhkyjvhu	147	8742
137	orqohj	5	2045
14	enixqkqmebjolm	166	3637
92	babvhlybucfmiys	33	6813
20	fvrnkxenfeqlc	66	9868
36	ciyehsynaap	987	1907
95	ziyirgmp	386	7441
53	hossuq	986	3028
136	cpuunmvlcrifeh	766	7029
57	qrtebthak	378	5105
100	ssfoke	289	399
42	ssedykaoqtf	271	5173
98	mwyalmysusbs	525	8760
71	udpilyluoou	523	807
63	blnahj	582	6299
47	gcltlaanklcnc	783	9077
54	passsyqdmv	876	3154
114	hmsnjozhg	642	7375
68	gebyywytag	355	5422
123	nhrplzmj	305	5014
135	ghaufvcdfwwtu	352	9737
9	zpicuw	314	8311
10	lyqnaiyuvf	709	435
124	vuitoif	296	4959
84	lnuhjow	424	8405
94	cdqopykdzizf	486	5521
112	jwwrvbzixk	978	1683
93	opxqde	579	9196
8	wxakezvg	311	8663
30	teborowxjnqftbv	567	6137
31	kouqjgaahssztpy	299	758
122	dpoxnwnplu	621	1057
130	bdzcvcmt	487	6523
46	hhruebep	868	859
133	swlmlmlqqzsnxe	937	618
78	amvasvk	179	2242
120	bsjpneluqyjajts	486	4767
103	ttbpgfcscdcz	863	6272
44	oucucewwxwn	992	5319
64	mjeikecftbaz	885	4609
132	bxhmddsfl	686	5027
143	gdchthau	571	3112
115	quqcutssheaux	417	5743
27	nklmcecvwk	862	7627
58	nexrgeuduzjfngr	174	9063
45	skrvejmqxswffq	75	9536
90	mflxtaeurwgaxl	225	9824
110	kkzvhxfbxlmp	530	2214
129	smacnztt	291	2344
28	zvrbfr	230	9718
24	mfgifuedpti	635	5409
73	spbzxle	873	9987
18	rjwwqxubva	659	2456
126	fvvxghfrih	413	7285
105	htvkvzg	607	6564
22	cmxqay	963	7713
128	axsmguz	812	6931
56	hpfycvswjhj	750	4285
125	gnvyvutwwyhky	797	3934
2	xzhpwj	111	4545
86	dtrenkpgxjivgx	319	378
99	hcpng	339	1265
7	wuexdqcv	994	1840
138	prwyba	318	5239
91	flkoomemzgbannn	658	1861
81	rfyhb	174	3847
127	bttrbmwbgxygcpy	382	1141
52	qmyozi	533	4117
29	vrqksfsetw	499	5020
61	qeqpihznmtc	623	269
89	jpfelz	249	924
118	hwpxvvcl	703	9016
6	tgkltdtbnkas	829	6094
142	tcssbzdzca	129	6517
23	qgurv	102	692
21	uihajjjyha	380	6065
104	poiljdxlynujv	121	1027
80	cvocsegtyr	263	5291
97	qxfhhb	187	7188
113	kbkpvjil	166	2201
117	dqqafqxiyqst	902	9592
19	viugf	738	9949
3	pqtviebhuaghg	339	4660
139	dxtavkuohuhzxob	756	8561
76	capiibclkzr	641	7393
35	jnretrgfzszw	963	9436
41	vkfot	994	7266
83	hsbcnsd	324	3472
15	oyrfv	220	5417
79	reaxsc	761	2619
16	wijkszgd	651	5565
59	zszyvfvkbo	50	4604
32	nakbb	340	7729
43	tylosoyh	807	9579
75	fwgmtnvorjlhp	571	3891
40	duriwmaxdayrw	947	3564
116	czgzfmrx	9	4064
108	xqfpgdfboakjb	309	9546
149	qirrstjhhv	557	4397
273	nzfmpkdn	247	7457
156	qzmiutdhuze	412	4478
159	qxpxyo	27	4709
168	itrnckfkuplee	415	4755
170	nsyfa	167	3355
193	vwntpzaptdpaj	884	9103
176	olivfsgluwbm	77	9237
179	dumiy	140	1738
184	ymyomilrowzvuev	312	3244
214	kvmndabqr	417	6593
192	yvnkxxqzpiet	510	1768
249	qtmbec	455	3674
198	tlljapaxqz	539	6348
201	lfwnlosggtj	122	8560
180	twghhnrvi	900	6639
268	dphynolckrykm	955	5645
244	nbscftglu	971	5162
190	gtvbchk	614	2164
253	rcnojbwgtni	59	5310
211	jvcwpddcaevfah	650	9037
284	jsgvxzofuncz	318	3117
212	suduiuc	104	9253
216	jmuloisgb	300	9202
277	frvixdcjseq	711	8511
157	shozsgbcwtgusx	481	2264
163	pgmyiyxehry	489	2324
220	cckulwvlre	268	51
152	ifsgiq	21	2451
155	iavvtyuntqwq	470	8709
215	uuskskt	738	9592
231	rhmpq	109	2627
283	gxbdborsrzlbtwf	977	7714
251	diixynm	177	9856
234	pjsngkegmqezjnh	239	4511
235	dlvcmznjscgsoi	843	9341
237	ltldrmfiqozadaw	930	42
188	jzuavrwish	618	3091
238	lzrpszrmn	33	8259
227	grvgwmqcbbo	581	3970
209	ovfgx	523	7062
145	iitxwfuusbd	315	4447
252	kkxdghpo	384	855
256	naaghytugvqw	965	1256
194	fsxjsfujm	745	8973
258	nwwxfh	619	8729
259	gcqoo	72	1413
174	amzvtrboph	85	1557
262	vsvzkok	523	8767
171	tioazkaqzqh	356	5561
17	qsnkjpygpnzrtq	141	3077
267	erlyzogllatsns	217	2378
270	vugrljobvwm	364	6077
185	jhbqjhkq	663	83
189	vytrkjonmqtxriv	347	5164
228	eizvmr	751	8241
213	ztvigwzjoy	429	411
276	csevqgcqgrw	538	1469
217	cedtvdtbi	925	645
167	dbzfzwdsplz	704	325
186	qkjsfac	563	1463
260	lifyjaamdgekqs	338	340
266	zknvypkjizm	857	3425
182	yxuipqhplniin	461	4933
261	fdmbvfvqcmqb	204	2314
196	okzqidqtwiunl	743	7463
221	otjmbthh	207	8890
246	dkgvwv	939	9624
55	rptzsbrmmpromys	295	752
274	fioaonasrqkdf	449	7457
222	onibl	119	7094
177	ardnwmg	39	2700
173	jyaofqmapjew	43	4469
254	rcmuqzbdmj	439	8588
265	viejzanmiqysawr	823	3323
225	qvqckuujdgq	560	5857
285	feefmrgljtgfsy	741	144
229	klgbeddub	937	831
165	wadbwy	982	8789
269	mncylmbtiqbd	271	6454
205	vbxxmrawgqbrv	861	8477
199	twcyztwtcydavx	459	7192
271	enzarctiruvjgba	597	1309
153	bprkvmns	450	8112
255	sbvrbqwplpawr	198	6114
172	inbkqltqlg	901	1502
195	ihiujp	852	3620
204	twjeotr	627	3562
181	alifbyxdroy	885	5068
166	gdzorgeahnwrjbh	659	6668
248	gdgghdsskipcjsw	429	3933
279	pqhvodyzdgoeugq	847	1079
206	zlidea	586	3001
147	whxqlfowt	605	8666
236	hhvmigbrboimn	375	8298
208	nmchwcqioh	185	978
162	aelnclcsyijsy	994	2288
169	ctjzyxtnod	763	8190
144	obymbyojddusq	805	6074
240	tivgn	63	2584
264	kglolfcehpqhag	420	4884
150	npibyiztvaan	564	2707
275	ambmgqwk	366	7959
233	vuimy	690	1108
230	hwtrmxiuqm	326	6080
183	ealwxjwpiasgtr	76	3231
164	fyclnqvjt	841	9731
203	qvtlhqqrqzl	456	1002
223	pmiymlnoxurido	400	1373
272	ifzvdndnb	579	5264
151	wrcoghwkfmqph	207	9408
280	hrlsrhayiniyawt	888	6818
197	cshmngkdtod	51	4109
200	alcmzkuh	74	4101
224	cpgsejthabpw	810	851
226	syfidyida	928	2449
187	wbqph	41	1965
154	ellwamgsa	558	1186
175	esapwjfsdg	409	7194
242	swtnctwfw	326	9718
219	joqerfydmbi	318	454
278	gkjasautrk	780	7774
282	pdogqfcooicj	951	9868
247	udpjkcizvcoyep	928	9464
241	cmaihmj	374	9992
245	tkiczcmfemxmds	415	1035
210	ggusfchkbejjbav	650	1407
161	yloiktqpcztx	810	5385
281	heeexlpsk	612	5213
160	wvxpzmvtfpynu	673	1417
158	vyffbyciraiqul	865	5975
243	bgkudrvroisdv	95	3586
257	nqtzazdgdv	974	9583
191	dvxee	811	2214
250	dvcyevbpnefd	513	1114
232	dofihmpxiqoiqja	115	5817
239	rosjkcoprxugyn	681	5311
207	rblrxukj	657	703
287	yobfzrjsnvvm	505	4363
293	aiyle	678	3971
300	dvuie	634	7459
307	nkgsez	98	885
413	yxcnxx	928	2397
313	hpyelxqxbsgt	307	2242
317	nqubcwm	313	3770
321	uottphfawwdnq	57	3556
322	tqzkckcye	260	7937
320	vjnkwuvaorlfux	285	2274
327	xwelm	767	305
333	sngabcsewgucvi	716	9068
309	djjrvotef	354	8858
335	lvcsffrb	703	3716
336	xvcvabmoq	26	4284
337	ixntxkingae	67	8042
325	vqahvltjjnde	888	9853
338	cajnpqyyvicijw	107	9166
297	fnrith	781	612
343	ikybfgqjvbrr	107	227
345	iwxgyahml	781	6355
351	nzjlneakmytdfot	231	2709
354	viklnxmteg	58	139
355	hegjm	359	7068
356	rvjnzxzowmadd	775	6182
328	uxhctmkmmslcnrp	381	2162
361	kdmhdibk	646	1567
363	hvmoolqmweahpg	546	4906
364	sqlrtgydxvk	950	2431
366	ixigtrsy	932	4035
298	tgmtzcsuwpyhrb	810	1526
368	pjing	251	6549
369	hbpfdcrr	837	5327
303	mfiqskvbxfqz	994	9024
372	dusoxbjxuly	219	4048
323	akgzkszfszyqha	592	721
373	ebking	1	9750
380	eggjfcvwtfbng	442	1427
412	tbokjphet	323	121
347	iioxw	618	9029
391	dgjgs	224	9979
408	uwksmkrozgyafmn	985	4822
398	stfhfz	784	4260
399	xkcjdvn	568	7205
352	qwcokuidabqb	628	274
331	givdhn	698	2983
401	fgxrpyblncrkdpw	514	3697
377	etaoaecp	987	8073
334	lkkgkplrheqnf	354	6850
376	dzltaidnxxfx	689	1061
342	zvihv	589	4769
397	fzmtojwp	189	8646
396	puikgkwpkycej	450	8049
404	fotgqovyv	981	5677
344	nerlbfabtwyfc	598	6238
406	ocfcstzgzymyyh	537	8029
407	cvhywuqwej	585	3676
409	xdeis	320	1630
324	qrqfvmau	937	5061
388	pdlcuwdcei	397	9719
423	iqaurtsiznnl	128	2058
418	gxvhqysuevh	672	8562
383	drauqwcm	729	3128
419	ofzuuxtynhqpyz	98	5663
292	taqirmisybves	137	8841
424	eeiogtue	728	9617
302	xkeslg	307	2727
290	qtzvivmi	793	430
416	uvdpkcqy	920	9113
382	zxmnhgxc	958	7593
330	rajoflxrplrlims	347	2825
381	ttcllrakikkp	108	4913
299	mzhkvzemvs	140	2404
319	mhnss	32	9837
365	kutlvg	661	8344
367	mmancnchaxv	178	3419
318	ywrcj	578	8477
389	rofhyuuxmadqql	90	6531
410	nzivm	790	6233
315	cctmxk	288	5238
306	ismstosxuv	785	6056
311	gqrgmvbvynzh	102	5722
357	vghvmgzud	278	7670
202	jgfuwp	771	5408
294	pqgnmom	333	8333
400	qmfqsf	773	1448
340	znshp	584	5744
362	cpfzdjwxq	711	9751
385	xwppneesdtrhkvh	654	6376
301	afmnrtu	543	4165
349	rcpscb	927	9745
371	fzwenqnmvuckxmp	287	1150
286	hhngeoitmwrh	359	6310
411	ecjrddf	734	6008
218	vmidmeembo	330	2428
316	nhngpoxlsd	213	9776
374	juzpf	876	7077
425	zqqktsddgneb	264	53
288	wrkcvhwym	177	8547
291	eepdvprpau	378	8184
346	hoyuq	942	7230
405	brdaresrtgputmg	38	4918
341	ctcztkwtwsdtd	250	1447
296	esrvbs	69	5937
314	ubnsenosd	649	4196
384	tusvvyzn	772	318
417	ahsgf	734	7546
370	gtyeslp	757	6071
289	nkehnohlqymi	279	441
415	lezgodbwguqgjct	801	6175
402	ptmkppjvwcmtu	964	9917
332	rcvrjn	31	504
48	tdmmgmictpswpk	244	8434
353	offrjzxfiz	809	769
359	ipspjccsjqceok	991	6436
308	eotqvfnadnkg	624	6030
395	qpoghpohar	376	976
422	rsghwfcrsye	401	7983
421	zqfadaa	955	465
360	hgsmxhz	889	4034
403	qyjztctbbz	39	4401
378	jeivnlzrbh	727	9248
305	qhcjcydwpghiwug	241	5328
295	zjhtqmczumfcte	630	7767
312	zddljqlvusqowkq	256	8106
390	pcfdsycjwunv	180	3803
310	mankgplknljtumk	290	9854
304	aallbbgwdano	433	5214
414	egieootwkrynzec	535	4393
348	kkwnjfhucluqzlz	785	6177
375	kafjidjgmugzx	299	7968
329	gwznltsv	32	4757
392	yyvpke	651	1493
393	dpluttu	495	2052
326	bfxjrmdkmlg	336	6511
339	woozqvquu	539	824
350	ajyifwqsd	645	4650
386	yqspnsos	923	3590
379	huvjlmz	120	1392
428	tlxqzqzwcpd	518	8668
430	hjhssok	170	9266
432	aiqfcojzeb	619	7944
436	birqywwy	823	995
394	kpgdibwvyzrkmhk	147	5154
439	zkscvvynt	870	7749
441	xmtpfs	879	8923
445	ppmvjnglfkcfyhz	872	9119
447	evwxh	250	6218
454	ojkxozype	134	459
455	hcdjhv	222	4840
460	qqmyftakxptxh	381	646
462	bapbfyid	163	9736
464	bixbz	665	3031
465	ildxvmdilotu	212	3230
466	zbtbksmhto	80	1000
469	jyokx	526	4343
178	qttaewejiytp	210	8696
458	nlbwxsfkdm	140	707
475	vfevadktyfddvyz	720	6458
476	ztororflagbgwvy	329	7008
479	cizbdhvwm	414	5829
483	zbckc	77	6989
484	gjzaukfnv	842	2678
485	xfyxqggbhqrf	992	3680
489	jtrwcd	969	1353
561	xuymbwc	513	2927
494	aqusefaikiav	869	9364
440	fyehbdmbf	35	8759
498	gyclxvva	145	2680
471	jmbwtpjxz	780	8822
499	ygkhhigcifvzkw	453	432
503	xtemxevo	544	9429
505	dkopupbgdcyb	510	3367
531	wqtzfbnmo	192	6410
510	lkhwxds	755	6473
512	hpvenmny	482	7192
514	wkqfiede	224	1652
553	kuwloyngsrx	258	1577
516	zjnwnlkucmzpnyp	171	8390
450	kydcuautctbptz	638	5020
517	pcteefz	535	511
519	rfjknyzxmlptmd	665	7837
522	xlfbsqujasridyc	552	7535
556	koozfj	279	9263
523	bvjdgib	285	6251
527	ritfoacbskjvavk	728	4145
528	inkquvffkciewgj	790	2971
459	gihvyxjzur	729	6713
530	vewpqiipihayxgz	10	8750
456	afozxn	725	6719
453	ohdowzcsplbg	303	4409
507	giazjuhsdoemeh	865	8336
541	pgqebjjjvbsanso	176	8123
542	qzzbmwr	99	59
446	ykhuw	608	6974
544	hbhzvle	543	4894
532	oiguwhsvqwdtim	839	2055
546	lojzipkd	271	7885
547	lfjkult	893	9980
548	mznzpxcpz	192	5424
521	osorptxltkaeh	848	5294
550	grvusidbcgtvn	515	3633
552	gjlbn	459	1811
555	zzdatusqsmod	866	6869
534	ixogrdnnncjbqf	521	4755
558	hhghpftux	324	3486
480	gaceig	211	1663
481	cowiscl	545	8139
562	msoirejqosxbbvi	736	4208
564	idcxl	977	4507
497	bymkvnwbrb	546	5752
566	ahgzsmsrvc	560	1265
509	uucynx	809	4407
431	qtkbyfiqzmedui	662	5227
487	nyeonohta	737	712
559	doikpzkxzwx	730	5384
529	xcciohhxd	808	3003
438	yfxrgsfwheped	153	6332
537	ifzarxobgxebl	189	7727
535	ibgvp	461	5540
525	vprirya	47	3641
433	wvrilnjvsvb	945	8948
551	muyzfwjbpmam	870	4464
513	tnmnjr	378	6972
443	vusljqj	527	3783
449	ixqsmrzwhlb	342	6926
461	bhgbvznc	559	169
429	hqwhnsujgqi	466	7412
501	ypabszvzo	294	7161
526	tqalkedvcz	417	1538
500	otiejeyxyl	505	8691
536	pumss	582	7440
502	byldsrwdzugwqd	742	9347
524	bjoqwowrsoif	987	3479
506	wctjom	833	2284
540	eilsbsgjcuufg	943	857
463	iycbpkdgexbu	847	8259
457	wcqgavltr	68	3470
491	bxtta	993	2362
437	jltoorfkkuflilz	700	5980
560	hvqovjacpr	295	3770
545	kjdluewxrumic	540	2653
492	qjtgdmj	882	9995
467	mgubmj	855	7002
477	kgtsjqxsznb	553	15
451	bbatdofspcbt	394	1699
486	lsumxjrhmze	104	9097
473	lrloy	0	5948
511	twnuz	123	9890
533	uyblbw	131	3713
508	ngtqtgmjy	70	4714
496	fgnrue	200	3786
567	ezvmptgzaurbcwy	698	1401
468	hzprotagdsp	454	2090
148	rbriuodmwrdyru	444	5550
470	iskmoeeplmdh	25	2391
442	dvqjjn	805	5955
515	kufqvxafavrrie	280	9421
518	vucywhujkq	131	2623
452	eihveousjk	241	2759
565	bkoza	836	6866
568	uuvrfvhjraftm	635	7800
444	lnjpbwjnu	403	3700
539	xmpfui	654	7389
482	oxwtkpnjr	688	2441
435	rffpkrflyqd	776	2832
434	xzrktchpnmgdqfc	354	1803
478	gnksjnoacwaq	38	2540
495	miquxhejbimpvuu	802	5553
549	rxejrwfxblcobue	489	4072
426	phmxxjpzflypzlb	35	5038
557	zwbmdge	862	3071
554	vpjvxhsagsjs	731	1594
472	imgqnsubt	242	7783
504	pjvlqpfcp	764	6571
520	aszvjoi	655	5009
474	hvkotld	390	9842
448	jsdmxaiyarnyu	810	4674
563	vabsndgxsjzmkes	486	3643
569	aevzryhntid	936	6373
572	lmnwfzlhunrf	539	54
263	bcozxdpaoxjbnli	70	2378
576	smjsfxtsv	391	7325
578	njbcxjfqmgb	808	9691
579	xksauqxyw	606	3686
581	fjbvwjidfomlxa	452	1525
584	fijffpbbsozj	817	8701
586	jqkbmszoiuw	824	4721
587	oikufeuupvdteo	157	4632
588	yczzivrusavy	96	2801
589	paggjfaxdodgkx	684	6617
591	qvtmwwcvov	824	1044
594	yodvlytcuxi	429	1355
600	hnhaqpr	274	9127
603	zebbgovybjrhxb	144	1508
609	bmzrnuvoax	438	615
610	euthsxkdnmv	790	1070
612	ezqkcgpvbiwuaa	35	8629
615	vcqwbrn	978	2032
602	rqrgrgmudqz	464	3279
616	xfuxmw	940	9337
618	yznezyetib	833	4707
596	mvrjorkw	404	3582
622	mihyehfl	817	7664
623	phbvqebl	485	3131
624	bzoqos	985	7064
626	wajqduywtajk	768	8270
627	wwjbwfz	529	96
628	npbdjsanmi	651	8391
630	zgobd	451	1684
632	jsiwsfpgb	418	6949
635	gpjwzz	869	2739
636	drearvtbr	314	9195
637	hlaijjp	678	9602
639	idqsmgqvxjctwyd	884	5846
631	dknyekgcy	348	865
644	otgeyanfoakduxh	480	9311
645	pupnblybl	828	8735
633	bewsgcvzdgppes	275	256
646	ntatgf	80	9699
647	pjhdgubpbj	640	4091
648	cccoqnhzmhvl	57	7255
488	ambciegxeqyhu	631	7039
607	qrtwswjxcot	520	6610
651	ktlxmbwkehh	206	9348
653	frfwvlojzp	187	8010
656	dkeecmpznr	927	9168
657	spfboaiezr	176	7623
659	zhnpw	849	6368
660	ptotjkylhsnh	64	2654
663	rxpifsgpl	758	1197
638	mqruafjwc	253	3425
668	nhbcfzhxihbcz	277	4877
670	uxepj	242	153
573	vpbkuttjvkti	583	5492
673	uxpvumanomuoh	977	8414
674	enkthgdit	393	7735
669	yzufiewdfiqjf	823	5151
676	msubmfdhz	426	6942
655	yzqdu	35	9208
677	ppdbonhgtw	950	2083
617	cidhmysw	821	8886
679	wwdzno	904	9723
665	gtwowjivisyaur	531	5447
658	brftspa	528	3680
680	irkyjw	903	3235
681	ykvqhwmjmtxpn	581	9237
640	mnymwge	275	9000
683	afjmorv	846	12
684	ddzizkftmclivnj	799	9240
685	fkgpc	888	6294
582	ttvhkor	583	3929
704	uzfodmq	813	9793
689	uhgjuc	570	6506
686	ehltvkarli	307	4121
690	akndkaflkkghz	788	9769
629	mepmcywv	123	9413
692	jfkokuslgwk	324	8761
693	ppgxavsouq	470	769
611	yosiglugmwbklo	343	377
695	doziibkgmiwoc	235	6127
696	gwgpnrnqowsvz	140	8571
664	cbfmvtvqulf	836	1100
697	jxxkiugxavaucyw	868	8579
698	vrsdwfkir	47	5963
691	kojupuoatnijgv	679	2561
700	mbzawsggkmgqp	576	3435
701	pnmedikbvboe	408	7041
703	udqzufeovwgy	708	2359
705	ebjszovulupod	362	6030
707	sylqruotlm	694	4935
708	amyepzttetyx	295	7618
710	cheepxvt	972	1438
608	hlpawe	763	2649
650	taeowrcuzbzw	127	4143
590	tgbodkgjr	460	5958
672	tbfgnyfwohse	485	3064
585	rvwprmoero	714	4170
574	vuvdwrzmg	66	4976
570	tzutowhftujb	436	7888
654	lznyoemi	371	744
613	gvsdzckr	396	8114
577	qjboyemekusuzu	319	3626
575	atrtwcryrp	246	5992
606	plwmpneiq	359	3775
571	oawhcozil	402	1724
420	shfhpqhkbtxogv	762	5282
598	mwqjmzbhogikrza	832	8958
662	wowodmxvbyod	750	3090
538	jfkcudrr	958	1245
671	wngnc	651	4036
605	lzmhgywtmql	291	747
652	ojqxykfb	155	8474
601	zrsrapqytzm	915	5993
599	goxwxwtp	646	9815
706	lunmtm	262	9822
595	tflyuhgfnoodc	660	4581
667	ihiadhifufoaott	722	5712
619	vrsra	770	4428
620	mutde	731	8279
678	tkeceuwhsk	705	3085
643	xucqcyu	231	3980
642	bjulox	803	9021
682	vkzxfefahdhqsip	902	9687
593	vbkrfhpojjuvajq	46	7615
621	mdtkybkwibdxzsz	630	5302
702	pygkniz	580	5476
688	fytaue	152	2617
687	yqlsylcygdt	354	4255
583	cdlzgdjxjbsh	883	7146
634	obloghxpo	715	2007
709	kkmndmav	314	9910
675	avdhg	932	5745
711	trlqvqxbfnzg	599	4128
661	riclrstfjvchy	843	9219
666	srchruhrx	234	4561
694	ufkstqd	730	3108
625	fnwwg	617	2771
641	gwtthzxkxe	781	6961
604	lffuh	767	7631
580	vvbdchcwvhtoi	233	5007
649	zogjmzcod	664	511
713	hotmwxqtdwubgj	717	5855
715	gzxlyowsyzzbq	153	5398
716	bprizlid	966	762
718	gactzjc	89	2382
719	fvrojsqfk	919	995
490	cziuytselxlh	473	5806
725	kbjpmjlqjprx	124	947
728	viijtokqlnaqbt	754	1840
592	gikzwadrsth	249	653
731	mkqnisyqb	22	6532
732	rbioes	156	7516
733	ylsplvogmtkbl	720	5931
735	ndithtxgocdlb	485	8911
736	lbwanvabuyxam	747	7550
737	ufqendbfbgjflvd	652	8618
738	eoekovoad	123	1826
729	oqjlniuji	80	9350
743	vapinjduynhopj	125	4593
744	jcgvqfp	314	3882
745	vjijigtkr	740	4826
746	pmfclzr	497	4372
749	gbgskmchqnu	716	4906
751	psneuksgmcfy	952	8189
752	nciscpuyjgd	293	4872
753	jzohakqym	563	4675
754	tvghxyxhfhi	708	3045
387	zkzjlszmumxgeiq	526	5942
756	ujmrdjixym	722	2797
722	oyvaqryxsevqazx	549	9397
758	eenngdtszde	100	1898
759	dhfbnopntidipyj	690	5644
760	smywmxpd	262	8291
761	qzzcspqjbeqcmhb	130	9455
762	qiplgodv	689	1280
763	mkxbzsfcudr	59	9872
765	xaswdbls	466	5682
767	jvvnknjikdmwbi	166	4352
768	uzcdwigdmgv	213	7983
769	riwuecqdwesrwv	523	6137
770	vthcnmeypp	746	1882
772	omfyhcxogsiwc	717	972
773	hjdcbpr	378	1913
774	ufjbcbd	1000	2215
775	cbwdalbpce	768	6902
776	ejexszaad	670	3555
777	kluuyaykrsoglo	485	1803
739	ycknkpjqhrufuv	112	3952
781	lilhzlrox	225	4815
782	bjqofdcsk	122	5701
783	yyrhowsyodxlvy	575	6590
785	fzsswvjiyjy	534	9335
787	hfgvvasqqovby	734	8760
790	agihfuv	304	3390
791	mdmduwnvgdthq	952	6828
792	ucsidslnyabwldn	7	5259
794	zsarafdtop	759	7246
795	hhjkt	311	3460
797	ublmyvatzhqo	81	2922
730	vmcndg	491	5005
798	meyznpxodqrwb	105	1067
800	kdnupn	436	7537
801	zpqvfnxbdlievr	814	9569
802	tvmtossz	352	6178
11	omqbanwbqalfppp	760	2930
806	ownqynbc	494	5756
808	hxoznmxuj	202	1436
809	fueqtqcgc	388	2852
810	vnhwedrijlflg	172	8697
811	xkzge	807	5430
813	lyuwdfs	958	5740
814	tmictugkjpm	395	7468
817	nreonfgysokhdt	515	3769
818	ybyufevtgkmnqj	954	3570
820	musniaphrzjszzh	118	1616
821	gvrtpqxfwzv	850	1372
822	xllwjq	258	16
793	mhcpqm	908	2834
824	pzbcrxbyk	621	2503
825	eerffaaeb	989	8484
826	ogoumilrgbakwru	460	4270
807	iuzkbnvvxtzbn	994	24
831	ualwnznp	843	937
828	tokwu	662	7161
835	idsynnofkwmvp	358	5964
836	rvelbsiqipx	781	6519
838	urehz	94	4692
766	eqnngmtjmr	979	3646
840	qkthavia	296	8244
842	fhvhzjz	634	2734
843	lorweiqyphjfi	493	2109
844	fgkevvkvzcxyucp	730	3820
845	sdkdgitf	394	3330
848	wijdrjh	942	9224
849	bpwipjnuzcoh	667	8865
850	pzyphhhx	29	8817
851	roekvepaqiuo	405	1544
830	fdysb	966	7084
853	nqbcect	814	9870
755	apnxdndf	429	3337
804	bwumvoqehiqi	187	6249
771	igpkoptxowcl	695	8785
833	sfctpjxdfvmotvz	212	8388
741	xhifvrgyjckcq	129	1586
712	jgvwwzec	755	6178
819	oezrowliyzibo	219	5681
841	hqkbozvkz	961	4578
823	aaeztwoynqjb	321	655
837	bxejicdidv	709	2960
714	dlmgyzcxjzpco	959	3518
786	kwfomz	63	2776
778	mlsqozylowrus	173	9839
839	qoigvwnvyszix	786	4032
816	lrmsv	9	2491
748	ntwoqeozyyacysd	45	8093
846	naodc	967	6466
757	wrnot	391	9679
788	tgocwijzv	958	7242
852	psqzxyeagwny	137	3230
789	pakvzpw	336	2105
727	lszeftriuxal	554	8008
847	seyufzwzlk	497	1939
764	witpofebap	758	1245
726	cqzyhs	105	7005
812	wolonjvnjt	912	7843
784	pwhpufb	295	4822
779	iqjandwsk	842	2500
721	qwqbagyulko	255	2787
724	nldmrqqjfo	770	4601
723	mebediulrtycfoa	364	1326
829	fzztlmsinhlhiq	187	7888
720	kzdxpgamde	11	2500
747	hbvgnxduaajbgo	617	9508
796	xacnwbg	582	4437
815	psqqkzxvoirxrur	701	9982
832	dgsfnwr	715	3193
742	egaac	815	321
799	cbpdgm	124	6639
734	mcaxvjqil	351	9001
750	kapnolkspukszy	69	1257
740	igdayprwb	113	2572
805	zblvucgo	683	526
717	fmotpwufegp	981	4313
854	tpuipvs	892	9499
614	lxnks	428	4883
493	gkhhwsmpvipsv	195	8914
856	sqiqcovl	362	5987
857	eaccxrtir	527	7349
858	qfchjtguhlnrbws	172	7472
859	pykzgut	691	5785
860	gcxrrcocjb	610	2681
861	zywtur	639	1896
862	jkluxmnxkdqkybq	715	918
863	cfymzuonwxt	811	9397
864	igmlneoxutka	615	5170
865	rjsgvkxoxrdkzex	972	6472
866	ejupwxnjqjw	704	5478
867	nrrzhorecdnz	845	9394
869	modxdpdcmkw	333	4049
871	crzicaivvmnnof	752	3243
873	vjeftuzknbeb	823	1784
874	acowfptpceb	942	5291
875	kheposm	980	412
876	abukuzjqvessukp	303	6392
877	bfoekmx	762	4266
878	fcihdboahiy	744	5951
881	cjgxfeoj	531	5411
882	kbnzbsribf	423	9836
884	apgmqmmrcyvpqc	589	9236
885	iyogeyajjfjo	371	4564
886	cktxh	267	5417
887	kjrhgbqiqsyl	136	8105
888	silwqjscakwbdih	745	7149
889	enabdesgkkzbu	861	4324
827	yehaopbazoddzmq	578	6665
890	luejadxhk	390	3639
891	ejcdqiibd	671	6038
892	ynlmartzeg	140	1301
893	ggjyymbyob	439	5497
895	dfobopbejapa	428	1530
897	lyudilddbvdo	384	8308
898	axbudcqgosvwjyc	441	1508
899	melhycmtye	644	3122
900	nsectare	812	3253
901	llwpr	753	1268
902	rzxrivncpmlqmcf	775	141
903	lbhyffvfyv	864	2651
905	zbhqnwlo	556	9652
906	sapwgvrx	49	1265
910	mqhiszu	715	7569
911	dpbygwseovbq	186	747
916	npokvcrbhzpdz	778	9793
917	snyjyh	603	7206
918	xxrnuknzndzleoj	915	2448
919	tzbnbm	923	8044
920	srkleleeqs	503	8612
921	vzykc	622	3355
146	fusdmftjmmwzu	475	7779
907	useufiypgzgmpwd	724	148
922	hqgavqgf	563	1756
923	bgonowoxj	956	2205
924	xocdkrirg	652	875
972	nfdepwddfp	149	5714
926	qcmfrozqblwy	527	7074
927	zpzivieqrqpx	905	9781
879	qxmiu	38	3521
930	ouuxuxbgcgalp	9	3276
931	dkutoxs	269	5380
932	eajcf	710	9768
933	waftvagvj	302	598
803	vqyouomuobarae	366	6949
935	doahdivehk	423	1017
936	mspbvnffk	797	3550
937	fpmbpyjx	734	2391
938	dnjfx	980	717
939	cyhwhtafd	845	5090
941	cxoskpjrumble	115	1308
982	utdmtuqayo	479	5741
944	kueoukvrvair	568	4676
945	ytqwy	638	249
946	dboeg	228	3476
947	ealmgnwaqln	526	7252
950	nghvdd	447	7669
951	tfmzkloa	215	7425
952	emjhwncisxowxjn	594	2909
953	nloxpfub	978	5495
954	uovgqkvmsvsws	166	6163
955	kaevm	234	994
908	jvuylfvuorcpqad	230	1969
956	wrxyu	763	5202
957	ehzftmaiu	796	7132
959	mhcfdme	958	9306
960	zcaseffkbogjr	404	411
961	extogmsukiqvaqx	150	494
962	fdplywtunjhxngb	473	6579
963	qbaggfteimmv	982	8437
964	ltymzxmpxabbvxp	328	4465
949	druzzhmoff	913	7793
965	yuhcm	413	7814
966	hpwzfisvg	950	4876
967	sptvscemx	227	5945
968	qfslnryzztnltcy	525	662
969	yeccyg	818	6114
358	noyazrk	741	4069
970	evjbhifztkdmi	594	8205
971	ebamtwveauceiw	114	7474
973	vvgui	944	9272
974	tncsen	227	9251
896	yghllz	198	238
975	mtdty	321	8296
868	xdgry	916	112
976	xkkorwpnw	812	8852
977	brmxjaxfpnatyh	911	3106
978	psadg	920	5722
915	fftxns	441	7292
979	hmdnkijhoi	321	4104
980	kaupb	426	589
981	kmwzzum	120	9670
983	kiktctiykh	566	8438
780	zabezonrnnphaz	422	5488
984	iylsxhe	755	8762
985	kubptvkjcgy	468	5288
943	fvxyzpqnmgobgk	800	286
986	kvhimjanfk	190	5832
987	lsmpymuztfv	22	3884
988	hygntphlacnkvh	996	4573
989	elpymvjcngthz	193	8401
990	qzzhpzhahj	430	3274
991	epkbheir	841	5538
992	ouqlczeh	580	2244
934	phgpzi	858	1034
597	xrfitadkmlon	67	359
904	wzjwresgksiotx	279	4145
958	tpast	430	9224
942	cfbzxb	727	7287
948	mclmfknhteqvv	346	209
855	qguerw	636	9215
872	pmxyhflyzzxabm	809	565
894	wuhaxost	904	4819
928	edmnlcvmywi	64	2920
940	jsvwdllxyp	828	7391
883	yqhnmfcihsplv	311	6317
914	onjcprhfw	585	5079
913	myvfwtidt	180	8792
925	hxtjybudzyj	574	9367
880	nmhlifdmapovox	18	3082
929	tkazjshcxwloa	666	8481
909	qptmcnddv	377	3745
994	qcjuycinmxw	908	1781
912	stbfxcfmwmziyx	662	1010
997	fdzgvpn	482	5431
998	mglyuoxmuxlb	927	4856
999	uocrgvlu	614	5785
1002	ovalmkomx	895	476
1003	kqqnhdueuek	924	2094
1005	jqqwjgcw	216	4852
1006	ewgsro	346	9375
1007	ztccmwrn	875	2933
1008	jobjnd	360	9572
1009	tszhqbcxvnmrm	225	5330
1011	yxemukldeuoz	525	9923
1012	rtqfffbobbri	95	5523
1013	daadyf	807	947
1015	zdtdn	722	3767
1016	ulvzhipsjqma	355	831
1017	vwptaesaebmq	951	4344
1018	ybvztddkjw	511	3608
1019	bezytvnpzudya	179	3033
1020	rqynzcubfdjv	661	7999
1021	lpofmoe	349	256
1022	rcvqrnljd	465	6181
1023	eqzcpmg	876	164
1024	sslxmsoykvesm	732	9701
1025	nyiqvc	845	5453
1026	xwvvenmypil	730	3628
1027	lulvxazmyc	35	7063
1028	hkpli	669	6864
1030	tgcgqsnitwopdxf	618	4899
1031	mgilluuzha	179	5601
1034	eqgkareho	323	6925
1036	evbcixwd	125	8261
1038	bhbrcfklq	9	8109
1039	qdwevtzt	631	81
1042	kchgovxwi	546	5171
995	aocoruhbwh	908	7424
1043	psnyhbrri	776	899
1044	rkbucoefdt	735	746
1004	xeihkr	489	2990
1045	aacumtupbtgq	397	6515
1046	qhidlfutd	175	2412
1041	xqcsfqjiv	892	4031
1047	twwqsrlpwuywt	261	5984
1048	aogasmbswsi	571	1043
1049	wnlnmnbof	223	1872
1050	jodlgnpgt	907	2335
1000	uiwtzqmgn	193	7447
1051	lxxtfhatmhx	198	6478
1052	hguosooiyjua	60	9590
1053	gdxllb	971	5696
1054	ednkfwrygiftgbm	719	9669
1055	wmbpdsslzxex	387	6174
1056	bcpha	804	5887
1057	uknsy	73	6586
1058	wqeub	570	6654
1059	agtekutdg	869	1936
1061	wtymkmlbrx	271	2286
427	doevvfxlxbvgiq	806	8664
1062	awqiyzhdxyl	369	4823
1064	zfnuoeuizotgn	50	4419
1032	tuxyvbeyiipxy	645	7433
1065	lqfmdsyumje	731	1967
1067	qqpcmdxhqdk	520	5652
1068	nprdqiab	185	701
1069	itgjimojhwg	593	4015
1070	odtljghttjhx	151	9084
1071	ydzgmia	887	6507
1072	ayohphrqywlw	381	7481
1074	bhaquoj	848	4890
1014	loisyhwr	712	7066
1076	uaatdadsn	774	77
1079	fdnvazwmg	727	8340
1080	rsucuscjqoiugwo	262	3661
996	oujnpsured	261	7397
1081	uqvygwdrqgxbzzm	793	8735
1083	rmdpml	740	312
1084	lwalaannxfhwlyx	400	1353
1085	qynyuspj	443	6112
1086	alrrnq	555	6372
1087	aiodbsgofwpccq	117	3909
1088	ldvqjbnurps	20	7119
1089	kzfgriyzwl	560	5821
1090	dgwrwxqp	264	3407
1091	zstcelnvyibqfcr	484	2089
1092	wunwrs	919	1149
1093	pxsapieic	254	4225
1094	olbuz	79	4867
1095	khkofdukoqf	747	9062
1096	dvpnzisumo	907	3554
1001	hmqaggadga	698	8875
1098	rvtjmluqodixu	727	5307
1099	qzxlejit	432	6669
1101	oifadip	482	6034
1102	xxqnh	844	1606
1103	qekxowzdjrw	433	9443
1105	dbyxyihr	123	2559
1106	wihya	569	8314
1107	rkypm	773	815
1108	lfhddpgaygz	682	6955
1109	jidjnfhiwifqgtz	58	5940
1110	fxrmwenteyerl	126	3862
1111	eyzllvyz	337	1971
1112	qdmhzexst	767	7502
1113	cdeqnyvnlhndiz	709	5882
1114	yuqow	931	7661
1063	gozekyksei	785	1258
1116	zdncqrpcra	125	4968
1117	lzqshslndzephm	856	1192
1118	jcmpbbjarxyvfjt	648	9585
1119	jhftnttvyiez	117	5036
1120	gmwtx	243	3738
1121	ctneducwkxgc	478	4430
1122	qitlrxyznpffyh	466	4610
1123	caeznzw	287	193
1124	xdbmqptjpuoqv	879	962
1125	fnbafjcoroko	240	2650
1126	dcqgonp	889	357
1127	yhjbjavwjesoaf	474	4717
1128	djzinjzonjkas	770	4612
1129	wofpb	97	3934
1131	pawemmhzkftvt	109	8915
1132	oiwzaeoasf	378	2007
1133	pefvmqkgop	259	7922
1135	htbfjtplhpryne	491	7193
834	iyuguflcsmwc	625	2129
1136	sqhvi	109	9077
1137	ynggzivbab	107	5518
1082	nlaiapq	819	3166
1037	igszilbz	246	9811
1010	tbwndvlvbfc	379	9038
1078	sjkulohkenmsofq	597	2428
1134	fnkaeyqtntyq	681	4314
1130	excxguqhraf	45	7889
1097	rfpbzgtdvp	715	4138
1100	sssyvkg	776	7391
1035	zubrvbpuyqna	365	1504
993	quctgr	645	2707
1077	ddycvuahcgasjkl	406	9035
1033	nhcplzccdn	229	2088
1073	aadkxsyuil	545	2755
1104	hbavarvtv	111	4438
1066	mtpqeowqmdk	807	9115
1075	lxhkpffuut	474	3275
1060	rscqrqmkezeqqkb	835	9408
1040	clzplonye	286	5304
1139	jhonyarknbfbvoz	383	8779
1029	lioeicdwnbn	223	7985
1140	oynveenno	823	4063
1141	qkhtniwswuzems	919	3297
1142	vtnmdgiie	51	1269
1143	qwwddz	426	281
1145	fnehthotrfoktk	815	9926
1146	diflejqgcmbbld	740	9487
1147	xelqcqbjmvf	954	8465
1148	ipeuq	130	4913
1149	pfxolkbkrcdudo	883	23
1138	faivprahvd	390	7718
1150	zhznsvagah	273	2014
1151	mxempdnziunjh	554	5981
1152	zaxqvajffnpvr	692	6712
1153	crptxacdt	970	768
1154	uybcoko	511	5257
1155	ctcqmiopawslf	710	1330
1156	ekinpkyz	552	4379
1157	jjeuxyiuedtvfn	819	728
1159	iucfptodvxrwu	252	6360
1160	ozfkpyybne	245	8190
1161	mvkqmoscnwumenh	198	4792
1162	rnfwkn	332	6066
1163	kbtmkcl	550	5774
1164	eitdlpfsqnzi	921	8710
1166	tlwalyghabkishl	467	2594
1167	gmdktrk	835	1389
1168	shkdtsxvx	143	7894
1169	absrdup	785	432
1144	yivew	347	1932
1170	idming	428	1486
1171	wotqlenfloawa	819	3519
1173	sheirpx	278	2368
1174	xkfmunxgiwe	645	7866
1176	rpenn	349	277
1177	wfvldqaifbt	823	9163
1178	icaamzit	892	4413
1179	pqwslukvn	128	3208
1181	jxsgeo	643	1453
1182	bccpiyxucssdzvg	444	8148
1183	ypvhdkzif	49	7677
1184	rcipldyc	200	503
1185	fvjmqhwvo	219	2029
1186	omjeezon	68	3174
1187	fhdzrbzqh	191	1034
1189	znoxxd	947	1047
1190	bidgmbvtrmbdg	231	6168
1192	cqcgighr	532	2453
1193	jayajcihnyex	451	5159
1194	oakoukbpkrkvx	447	4624
1195	yuwnwtkn	152	1129
1196	dbqeoaztmgwkfpu	571	343
1197	youfekwagtlfh	769	4009
1198	wuwiqul	588	5813
1199	mxoxeztbqm	935	6151
1200	pfdfuw	625	6335
1201	cjujw	287	2556
1202	gcvwsew	123	4821
1175	pajofqregx	363	4735
1203	muvlxqvtgt	854	3101
1204	gcjmhphwzpolvx	101	3523
1205	rssqpviabn	51	1543
1206	btwrh	219	2558
1207	uymqvnxisg	551	7037
1208	pvtqsfhfqujeno	840	6993
1209	vgbklxweo	611	5719
1210	ncgubcx	296	257
870	vivfmrrvnnezew	3	6902
1211	ovjagaakab	727	2770
1212	hgftxckywboz	362	3002
1213	lprjpofkteada	660	6455
1215	alnpnhgkwq	174	2227
1216	tsyuptyh	931	4748
1217	wlykzfpxeeaa	468	3870
1218	gozfwfovslu	810	8116
1219	ouiolftsylbey	462	7320
1221	hylaij	751	3861
1222	mgmpnqlqahcf	358	3167
1223	driik	275	1280
1224	noofvbxutillxqo	66	5678
1225	qryimxvttyuwtxg	934	2688
1226	djvwsi	350	539
1227	jguwsdkom	950	9226
1214	qcyujkanmiaet	2	1761
1229	pzfemsqo	609	5171
1230	znkihgmos	963	7650
1231	fjouzbaagtj	490	2918
1188	irphvjiakr	210	5026
1232	bbkoiwouropthk	576	4278
1234	novrg	947	9635
1235	hczzwttqoga	735	4177
1236	hhrlliswlnlpmtj	791	1208
1237	hxnoe	597	7573
1238	ustksqfgj	140	472
1239	jtaumjjkn	662	1401
1240	aeqyawer	778	9970
1241	wbapzdrdjmtlnse	77	7185
1242	thewbhqgsfbmsxv	867	3913
1243	jgulj	36	1382
1172	kxkul	258	586
1245	dmurhk	540	7732
1246	srvacxqe	683	3776
1247	fghais	849	8808
1248	zikwjgvbszwn	353	9469
1249	ylfonh	810	6579
1158	zzmnnzq	104	9223
1250	tbxkyoqaxwbxuu	637	3162
1251	ppmlkl	519	8923
699	bzuzhuokuskj	123	4945
1115	kichsdxfidwcf	145	7968
1252	hxvstfantbtc	232	2817
1253	jiqjamgmvpef	329	1342
1254	omqrnxqwwzkncev	943	3325
1255	qejvnbcyhsq	594	3918
1256	ungdgrcey	774	5044
1258	onrruqv	511	3493
1259	cjfjuzuwtav	235	758
1260	gfwqivutdsbzvd	25	5340
1244	jslefzzisdapom	384	3485
1261	yvpawonfcsu	89	5529
1262	aobuuxyywopin	130	4910
1263	ixayllb	717	4936
1264	gphkgl	805	8727
1220	ejcdehdwhqx	755	5776
1265	gzyqlyphfbciwm	799	8027
1266	ywubemgyn	70	5950
1267	eijpvjcyulvf	479	7967
1257	jktmtkmexktx	126	1394
1268	fhyymyplknkvas	695	180
1269	lkmfraeccietjh	425	5516
1228	jihmziwnaukpza	139	631
1233	oqsovllgufuxv	792	7335
1270	pnzxwxushej	966	2816
1272	vgtbmbp	659	3603
1273	yuijmovmhtneak	622	1687
1274	kswrrezqlzbzxkr	854	4114
1271	qwjnvgbqh	913	5816
1275	adocxd	328	9043
1276	ureafpbyzdnikaz	595	3639
1277	ybhow	440	310
1278	fwidbyqiyrt	423	5673
1279	klvomgvuvpxjj	495	5034
1280	lmowaasuujasfq	334	2453
1180	ikxkauu	337	904
1281	paegtivkbksm	580	1182
543	utmawuvlvgxgmf	370	53
1282	ulvaoms	395	4869
1284	jlnxpqnfnhgxjf	577	8052
1165	huogznpypg	184	3864
1285	kupuvaez	377	956
1286	yuomufxjdglpk	235	1755
1287	nlidifcwo	261	7806
1283	nwpxqdayvtuigdg	875	7797
1288	gaigccrt	65	522
1289	xiyni	178	5291
1290	duetaf	641	4458
1291	rapbkdffnrwtq	775	4674
1292	zryupw	326	6607
1293	vznhjn	950	3108
1294	cuemikbonhj	722	5048
1295	zebovoandaw	781	2897
1296	ajhodfol	554	81
1297	asdoajdrdur	818	7638
1298	qveajrxsgzum	799	8082
1299	rvexz	167	8658
1300	dlllrz	967	2998
1301	zuiwibr	558	8998
1302	kuxhmzbbxcp	474	2157
1303	mppprn	852	5600
1304	kpkfhq	612	7108
1305	brtfyogqp	478	9203
1307	edptstyqx	951	5825
1308	dnkausk	937	8619
1309	ctkeuawwmre	41	4794
1310	eppntvdyvwd	310	3720
1311	iditqozzdl	915	6661
1312	pjsyjocyvqy	773	803
1313	grxmdajithn	588	978
1314	tecklnorbedzil	623	1112
1315	jxrxmtx	173	753
1316	pwjvdxkzywfelk	552	7388
1306	enlfqhhqxy	351	8798
1317	hjnsblfbriuyx	119	8553
1318	vzmadupiftqs	391	7484
1319	hxxgrbdofhcxao	362	9502
1320	vfdctvzkqywyzzc	52	5597
1191	bbwrhfjtplscbic	895	5159
1321	byxverxxp	789	1908
\.


--
-- Name: product_id_seq; Type: SEQUENCE SET; Schema: public; Owner: testuser
--

SELECT pg_catalog.setval('public.product_id_seq', 1321, true);


--
-- Data for Name: purchase; Type: TABLE DATA; Schema: public; Owner: testuser
--

COPY public.purchase (id, date_time, customer_id, product_id) FROM stdin;
1	1990-01-04 06:00:00	1	8
2	1990-01-04 07:00:00	1	12
3	1990-01-04 13:00:00	6	15
4	1990-01-04 14:00:00	10	23
5	1990-01-04 15:00:00	5	9
6	1990-01-05 00:00:00	11	18
7	1990-01-05 03:00:00	8	18
8	1990-01-05 05:00:00	14	18
9	1990-01-05 10:00:00	23	1
10	1990-01-05 11:00:00	21	13
11	1990-01-05 22:00:00	23	13
12	1990-01-06 02:00:00	15	20
13	1990-01-06 12:00:00	23	12
14	1990-01-06 13:00:00	8	12
15	1990-01-07 03:00:00	26	12
16	1990-01-07 08:00:00	19	22
17	1990-01-07 11:00:00	25	23
18	1990-01-07 15:00:00	16	9
19	1990-01-08 01:00:00	10	31
20	1990-01-08 06:00:00	27	1
21	1990-01-08 19:00:00	2	32
22	1990-01-08 20:00:00	32	8
23	1990-01-09 13:00:00	13	3
24	1990-01-10 00:00:00	7	22
25	1990-01-10 10:00:00	9	23
26	1990-01-10 16:00:00	31	11
27	1990-01-11 05:00:00	16	30
28	1990-01-11 10:00:00	14	6
29	1990-01-11 13:00:00	17	3
30	1990-01-11 16:00:00	10	42
31	1990-01-12 00:00:00	26	16
32	1990-01-12 01:00:00	38	25
33	1990-01-12 05:00:00	25	41
34	1990-01-12 06:00:00	13	39
35	1990-01-12 17:00:00	22	42
36	1990-01-12 20:00:00	35	41
37	1990-01-13 03:00:00	29	15
38	1990-01-14 17:00:00	35	49
39	1990-01-14 21:00:00	49	34
40	1990-01-15 02:00:00	31	7
41	1990-01-15 03:00:00	38	52
42	1990-01-16 03:00:00	31	12
43	1990-01-16 09:00:00	6	40
44	1990-01-16 21:00:00	37	5
45	1990-01-16 22:00:00	5	40
46	1990-01-17 18:00:00	13	34
47	1990-01-18 03:00:00	12	25
48	1990-01-18 09:00:00	19	13
49	1990-01-19 01:00:00	40	53
50	1990-01-19 04:00:00	56	3
51	1990-01-19 07:00:00	4	18
52	1990-01-19 13:00:00	36	26
53	1990-01-19 17:00:00	36	54
54	1990-01-19 19:00:00	18	57
55	1990-01-19 20:00:00	9	64
56	1990-01-20 02:00:00	37	58
57	1990-01-20 04:00:00	49	47
58	1990-01-20 09:00:00	58	40
59	1990-01-20 10:00:00	11	15
60	1990-01-20 20:00:00	37	8
61	1990-01-20 21:00:00	1	24
62	1990-01-21 03:00:00	50	21
63	1990-01-21 16:00:00	18	1
64	1990-01-22 00:00:00	17	34
65	1990-01-22 06:00:00	55	75
66	1990-01-22 20:00:00	33	62
67	1990-01-23 07:00:00	72	28
68	1990-01-23 08:00:00	6	29
69	1990-01-24 05:00:00	61	40
70	1990-01-24 15:00:00	55	20
71	1990-01-24 16:00:00	34	34
72	1990-01-24 20:00:00	16	21
73	1990-01-25 08:00:00	16	82
74	1990-01-25 11:00:00	14	42
75	1990-01-26 01:00:00	6	60
76	1990-01-26 17:00:00	51	41
77	1990-01-26 21:00:00	34	44
78	1990-01-26 22:00:00	5	54
79	1990-01-28 16:00:00	61	27
80	1990-01-28 18:00:00	10	10
81	1990-02-01 06:00:00	74	36
82	1990-02-01 21:00:00	40	45
83	1990-02-01 22:00:00	56	56
84	1990-02-02 00:00:00	13	28
85	1990-02-02 01:00:00	72	61
86	1990-02-02 03:00:00	80	69
87	1990-02-02 11:00:00	25	40
88	1990-02-02 18:00:00	61	95
89	1990-02-03 03:00:00	70	85
90	1990-02-03 20:00:00	6	10
91	1990-02-04 00:00:00	26	97
92	1990-02-04 05:00:00	10	86
93	1990-02-04 06:00:00	85	87
94	1990-02-04 07:00:00	68	18
95	1990-02-05 00:00:00	85	50
96	1990-02-05 02:00:00	3	53
97	1990-02-05 06:00:00	75	86
98	1990-02-05 09:00:00	4	53
99	1990-02-05 23:00:00	42	37
100	1990-02-06 03:00:00	11	3
101	1990-02-06 05:00:00	51	36
102	1990-02-06 11:00:00	66	97
103	1990-02-06 18:00:00	3	75
104	1990-02-06 22:00:00	9	32
105	1990-02-07 01:00:00	28	74
106	1990-02-07 07:00:00	40	89
107	1990-02-07 15:00:00	26	38
108	1990-02-07 21:00:00	33	1
109	1990-02-08 03:00:00	8	10
110	1990-02-08 18:00:00	33	18
111	1990-02-08 23:00:00	61	33
112	1990-02-09 00:00:00	11	51
113	1990-02-09 05:00:00	75	10
114	1990-02-09 10:00:00	6	92
115	1990-02-09 11:00:00	39	42
116	1990-02-09 13:00:00	36	1
117	1990-02-10 05:00:00	76	48
118	1990-02-10 13:00:00	52	76
119	1990-02-10 17:00:00	27	18
120	1990-02-11 08:00:00	13	52
121	1990-02-11 16:00:00	35	97
122	1990-02-11 22:00:00	109	10
123	1990-02-12 04:00:00	13	105
124	1990-02-12 05:00:00	33	14
125	1990-02-12 16:00:00	69	59
126	1990-02-12 23:00:00	37	98
127	1990-02-13 08:00:00	3	90
128	1990-02-13 11:00:00	53	35
129	1990-02-13 22:00:00	108	79
130	1990-02-14 04:00:00	81	40
131	1990-02-14 10:00:00	51	49
132	1990-02-14 18:00:00	69	63
133	1990-02-14 21:00:00	52	83
134	1990-02-15 04:00:00	6	24
135	1990-02-15 09:00:00	6	38
136	1990-02-15 15:00:00	85	60
137	1990-02-15 23:00:00	61	105
138	1990-02-16 08:00:00	120	123
139	1990-02-16 15:00:00	71	11
140	1990-02-17 06:00:00	80	90
141	1990-02-17 15:00:00	38	133
142	1990-02-17 17:00:00	98	130
143	1990-02-17 18:00:00	113	90
144	1990-02-17 20:00:00	109	113
145	1990-02-18 07:00:00	119	89
146	1990-02-18 10:00:00	14	90
147	1990-02-18 22:00:00	98	139
148	1990-02-19 10:00:00	62	131
149	1990-02-19 23:00:00	131	27
150	1990-02-20 06:00:00	57	48
151	1990-02-21 01:00:00	116	123
152	1990-02-21 07:00:00	106	136
153	1990-02-21 12:00:00	124	132
154	1990-02-21 18:00:00	105	148
155	1990-02-22 02:00:00	18	157
156	1990-02-22 07:00:00	10	146
157	1990-02-22 10:00:00	97	136
158	1990-02-22 13:00:00	94	21
159	1990-02-23 05:00:00	115	71
160	1990-02-23 11:00:00	91	6
161	1990-02-24 00:00:00	34	26
162	1990-02-24 11:00:00	59	28
163	1990-02-24 14:00:00	59	45
164	1990-02-24 16:00:00	19	146
165	1990-02-25 02:00:00	24	145
166	1990-02-25 21:00:00	41	116
167	1990-02-26 17:00:00	71	157
168	1990-02-27 07:00:00	130	110
169	1990-02-27 21:00:00	44	109
170	1990-02-28 04:00:00	16	154
171	1990-02-28 05:00:00	142	131
172	1990-02-28 09:00:00	64	28
173	1990-02-28 22:00:00	63	167
174	1990-03-01 01:00:00	45	66
175	1990-03-01 09:00:00	137	153
176	1990-03-01 10:00:00	99	57
177	1990-03-01 13:00:00	91	9
178	1990-03-01 14:00:00	125	96
179	1990-03-01 17:00:00	66	162
180	1990-03-02 02:00:00	30	54
181	1990-03-02 14:00:00	67	126
182	1990-03-03 01:00:00	88	8
183	1990-03-03 08:00:00	79	185
184	1990-03-03 16:00:00	151	51
185	1990-03-04 05:00:00	171	2
186	1990-03-04 10:00:00	68	180
187	1990-03-05 09:00:00	124	176
188	1990-03-05 10:00:00	171	63
189	1990-03-05 13:00:00	70	73
190	1990-03-06 17:00:00	117	79
191	1990-03-07 00:00:00	76	114
192	1990-03-07 04:00:00	14	61
193	1990-03-07 08:00:00	23	115
194	1990-03-07 12:00:00	68	188
195	1990-03-07 16:00:00	24	103
196	1990-03-07 17:00:00	62	184
197	1990-03-08 06:00:00	158	105
198	1990-03-08 07:00:00	75	123
199	1990-03-08 10:00:00	79	137
200	1990-03-08 18:00:00	132	103
201	1990-03-08 20:00:00	32	203
202	1990-03-09 01:00:00	5	121
203	1990-03-09 11:00:00	145	177
204	1990-03-09 12:00:00	46	52
205	1990-03-10 02:00:00	35	169
206	1990-03-10 06:00:00	5	58
207	1990-03-10 11:00:00	158	206
208	1990-03-10 22:00:00	6	27
209	1990-03-11 11:00:00	104	46
210	1990-03-11 17:00:00	5	45
211	1990-03-11 20:00:00	132	94
212	1990-03-11 22:00:00	59	184
213	1990-03-12 16:00:00	15	40
214	1990-03-12 18:00:00	144	202
215	1990-03-13 09:00:00	175	143
216	1990-03-13 11:00:00	89	74
217	1990-03-14 04:00:00	19	157
218	1990-03-14 11:00:00	155	171
219	1990-03-14 22:00:00	141	69
220	1990-03-15 08:00:00	72	79
221	1990-03-15 15:00:00	27	33
222	1990-03-15 21:00:00	198	35
223	1990-03-16 05:00:00	113	31
224	1990-03-16 08:00:00	206	212
225	1990-03-16 13:00:00	181	145
226	1990-03-16 17:00:00	90	2
227	1990-03-16 23:00:00	92	138
228	1990-03-17 01:00:00	171	190
229	1990-03-17 02:00:00	208	125
230	1990-03-17 08:00:00	42	122
231	1990-03-17 09:00:00	68	172
232	1990-03-17 18:00:00	32	64
233	1990-03-17 20:00:00	31	69
234	1990-03-18 02:00:00	82	40
235	1990-03-18 13:00:00	26	61
236	1990-03-18 19:00:00	71	131
237	1990-03-18 20:00:00	156	31
238	1990-03-18 22:00:00	89	177
239	1990-03-19 11:00:00	58	208
240	1990-03-19 17:00:00	190	63
241	1990-03-20 00:00:00	7	76
242	1990-03-20 07:00:00	163	231
243	1990-03-20 14:00:00	118	26
244	1990-03-21 04:00:00	184	102
245	1990-03-21 15:00:00	176	122
246	1990-03-23 11:00:00	183	240
247	1990-03-23 18:00:00	102	29
248	1990-03-24 12:00:00	134	198
249	1990-03-24 13:00:00	184	171
250	1990-03-26 12:00:00	237	37
251	1990-03-26 14:00:00	234	107
252	1990-03-26 22:00:00	180	46
253	1990-03-27 20:00:00	164	134
254	1990-03-28 00:00:00	101	210
255	1990-03-28 02:00:00	241	232
256	1990-03-28 06:00:00	204	114
257	1990-03-28 14:00:00	50	93
258	1990-04-01 11:00:00	55	143
259	1990-04-02 02:00:00	119	274
260	1990-04-02 06:00:00	55	58
261	1990-04-04 01:00:00	41	271
262	1990-04-04 17:00:00	204	200
263	1990-04-05 03:00:00	218	203
264	1990-04-05 08:00:00	108	157
265	1990-04-05 14:00:00	47	161
266	1990-04-05 23:00:00	10	244
267	1990-04-06 19:00:00	124	138
268	1990-04-07 10:00:00	113	248
269	1990-04-09 01:00:00	75	246
270	1990-04-10 05:00:00	221	74
271	1990-04-10 06:00:00	216	179
272	1990-04-10 16:00:00	262	179
273	1990-04-11 06:00:00	209	282
274	1990-04-11 11:00:00	182	62
275	1990-04-13 02:00:00	199	112
276	1990-04-13 10:00:00	183	9
277	1990-04-13 15:00:00	160	29
278	1990-04-13 22:00:00	75	222
279	1990-04-14 04:00:00	257	241
280	1990-04-16 21:00:00	243	28
281	1990-04-17 01:00:00	225	125
282	1990-04-17 04:00:00	155	307
283	1990-04-17 06:00:00	90	79
284	1990-04-17 09:00:00	236	117
285	1990-04-17 12:00:00	181	260
286	1990-04-17 18:00:00	144	143
287	1990-04-17 20:00:00	52	137
288	1990-04-18 06:00:00	79	195
289	1990-04-18 18:00:00	244	182
290	1990-04-19 04:00:00	194	130
291	1990-04-19 12:00:00	98	170
292	1990-04-19 20:00:00	165	146
293	1990-04-20 08:00:00	112	127
294	1990-04-20 15:00:00	309	132
295	1990-04-21 05:00:00	37	320
296	1990-04-21 21:00:00	207	214
297	1990-04-22 01:00:00	201	144
298	1990-04-22 03:00:00	48	26
299	1990-04-22 18:00:00	69	134
300	1990-04-23 00:00:00	6	294
301	1990-04-23 01:00:00	53	252
302	1990-04-23 03:00:00	188	57
303	1990-04-23 18:00:00	250	101
304	1990-04-24 03:00:00	228	138
305	1990-04-24 04:00:00	291	9
306	1990-04-24 10:00:00	238	139
307	1990-04-24 11:00:00	204	307
308	1990-04-24 22:00:00	156	151
309	1990-04-25 01:00:00	133	207
310	1990-04-25 09:00:00	319	197
311	1990-04-26 01:00:00	69	154
312	1990-04-26 03:00:00	66	23
313	1990-04-26 07:00:00	305	120
314	1990-04-26 12:00:00	246	336
315	1990-04-26 18:00:00	115	14
316	1990-04-26 20:00:00	61	247
317	1990-04-27 11:00:00	172	228
318	1990-04-27 12:00:00	167	60
319	1990-04-27 20:00:00	237	1
320	1990-04-28 02:00:00	66	352
321	1990-04-28 22:00:00	130	205
322	1990-05-01 15:00:00	163	18
323	1990-05-01 17:00:00	60	307
324	1990-05-01 19:00:00	79	265
325	1990-05-02 04:00:00	148	361
326	1990-05-02 05:00:00	319	1
327	1990-05-02 06:00:00	263	266
328	1990-05-02 07:00:00	278	182
329	1990-05-03 04:00:00	82	43
330	1990-05-03 08:00:00	340	114
331	1990-05-03 10:00:00	223	36
332	1990-05-03 11:00:00	97	196
333	1990-05-03 15:00:00	24	293
334	1990-05-03 18:00:00	15	83
335	1990-05-04 22:00:00	260	156
336	1990-05-05 00:00:00	83	82
337	1990-05-05 04:00:00	307	78
338	1990-05-05 23:00:00	299	180
339	1990-05-06 11:00:00	221	264
340	1990-05-06 14:00:00	213	292
341	1990-05-06 23:00:00	234	37
342	1990-05-07 05:00:00	89	120
343	1990-05-07 07:00:00	230	348
344	1990-05-07 09:00:00	242	163
345	1990-05-08 10:00:00	209	183
346	1990-05-08 16:00:00	7	55
347	1990-05-08 20:00:00	268	208
348	1990-05-09 01:00:00	367	366
349	1990-05-09 05:00:00	200	286
350	1990-05-10 20:00:00	205	255
351	1990-05-10 22:00:00	295	268
352	1990-05-11 02:00:00	241	355
353	1990-05-11 03:00:00	131	256
354	1990-05-11 07:00:00	105	10
355	1990-05-11 21:00:00	372	378
356	1990-05-11 23:00:00	63	33
357	1990-05-12 02:00:00	118	394
358	1990-05-12 18:00:00	48	366
359	1990-05-12 19:00:00	137	300
360	1990-05-13 01:00:00	88	325
361	1990-05-13 02:00:00	208	248
362	1990-05-13 08:00:00	377	6
363	1990-05-13 13:00:00	246	227
364	1990-05-13 14:00:00	55	200
365	1990-05-13 18:00:00	171	325
366	1990-05-14 03:00:00	47	147
367	1990-05-14 15:00:00	379	340
368	1990-05-14 17:00:00	168	196
369	1990-05-15 00:00:00	198	335
370	1990-05-15 02:00:00	313	204
371	1990-05-15 06:00:00	375	369
372	1990-05-16 03:00:00	48	136
373	1990-05-16 08:00:00	390	205
374	1990-05-16 09:00:00	339	284
375	1990-05-16 11:00:00	63	368
376	1990-05-16 18:00:00	303	191
377	1990-05-17 00:00:00	324	279
378	1990-05-17 03:00:00	129	404
379	1990-05-17 08:00:00	124	204
380	1990-05-18 06:00:00	44	366
381	1990-05-18 12:00:00	262	303
382	1990-05-18 20:00:00	120	135
383	1990-05-18 23:00:00	293	374
384	1990-05-19 03:00:00	382	47
385	1990-05-19 12:00:00	46	212
386	1990-05-19 17:00:00	266	79
387	1990-05-20 12:00:00	75	172
388	1990-05-20 16:00:00	53	13
389	1990-05-21 09:00:00	36	360
390	1990-05-21 13:00:00	242	55
391	1990-05-21 18:00:00	107	272
392	1990-05-21 19:00:00	312	94
393	1990-05-23 00:00:00	2	91
394	1990-05-23 01:00:00	306	110
395	1990-05-23 03:00:00	380	398
396	1990-05-23 05:00:00	40	61
397	1990-05-23 13:00:00	312	79
398	1990-05-23 19:00:00	165	11
399	1990-05-23 21:00:00	157	111
400	1990-05-23 23:00:00	291	195
401	1990-05-24 01:00:00	238	386
402	1990-05-24 05:00:00	160	396
403	1990-05-24 11:00:00	312	269
404	1990-05-25 08:00:00	102	162
405	1990-05-25 18:00:00	347	169
406	1990-05-25 22:00:00	276	86
407	1990-05-26 01:00:00	173	142
408	1990-05-26 05:00:00	340	59
409	1990-05-27 01:00:00	269	304
410	1990-05-27 20:00:00	394	97
411	1990-05-28 01:00:00	389	298
412	1990-05-28 05:00:00	8	58
413	1990-05-28 12:00:00	310	135
414	1990-05-28 21:00:00	21	210
415	1990-06-01 02:00:00	240	352
416	1990-06-01 16:00:00	373	307
417	1990-06-01 21:00:00	330	115
418	1990-06-02 19:00:00	206	185
419	1990-06-02 21:00:00	115	59
420	1990-06-03 07:00:00	248	215
421	1990-06-03 19:00:00	117	53
422	1990-06-04 00:00:00	422	88
423	1990-06-05 00:00:00	240	434
424	1990-06-05 02:00:00	26	89
425	1990-06-05 07:00:00	108	295
426	1990-06-05 08:00:00	97	275
427	1990-06-05 09:00:00	428	254
428	1990-06-05 11:00:00	27	36
429	1990-06-05 18:00:00	217	112
430	1990-06-06 00:00:00	108	280
431	1990-06-06 09:00:00	344	263
432	1990-06-06 14:00:00	316	333
433	1990-06-06 18:00:00	212	339
434	1990-06-07 00:00:00	58	383
435	1990-06-07 05:00:00	40	236
436	1990-06-07 12:00:00	110	163
437	1990-06-07 17:00:00	189	38
438	1990-06-07 18:00:00	115	78
439	1990-06-08 06:00:00	172	16
440	1990-06-08 10:00:00	100	37
441	1990-06-08 12:00:00	428	18
442	1990-06-08 19:00:00	373	228
443	1990-06-09 23:00:00	233	467
444	1990-06-10 04:00:00	430	234
445	1990-06-10 16:00:00	232	264
446	1990-06-11 04:00:00	139	73
447	1990-06-11 06:00:00	237	385
448	1990-06-13 07:00:00	56	269
449	1990-06-13 11:00:00	275	331
450	1990-06-13 14:00:00	373	420
451	1990-06-13 16:00:00	23	309
452	1990-06-14 17:00:00	408	153
453	1990-06-15 03:00:00	183	18
454	1990-06-15 10:00:00	408	411
455	1990-06-15 15:00:00	98	484
456	1990-06-15 18:00:00	218	197
457	1990-06-15 20:00:00	346	100
458	1990-06-15 23:00:00	375	390
459	1990-06-16 02:00:00	145	463
460	1990-06-16 04:00:00	239	56
461	1990-06-16 11:00:00	280	41
462	1990-06-16 13:00:00	69	127
463	1990-06-16 17:00:00	370	397
464	1990-06-17 04:00:00	291	113
465	1990-06-17 18:00:00	371	77
466	1990-06-18 03:00:00	138	93
467	1990-06-18 04:00:00	103	462
468	1990-06-18 08:00:00	453	142
469	1990-06-18 22:00:00	233	5
470	1990-06-19 02:00:00	158	430
471	1990-06-19 03:00:00	433	379
472	1990-06-19 16:00:00	411	40
473	1990-06-19 17:00:00	198	24
474	1990-06-20 02:00:00	80	177
475	1990-06-20 06:00:00	288	472
476	1990-06-20 09:00:00	118	47
477	1990-06-20 11:00:00	135	270
478	1990-06-20 20:00:00	60	139
479	1990-06-20 23:00:00	259	499
480	1990-06-21 00:00:00	25	459
481	1990-06-22 03:00:00	314	135
482	1990-06-22 15:00:00	50	297
483	1990-06-23 13:00:00	202	290
484	1990-06-23 15:00:00	343	109
485	1990-06-23 19:00:00	43	130
486	1990-06-24 07:00:00	77	436
487	1990-06-24 09:00:00	47	187
488	1990-06-24 12:00:00	3	221
489	1990-06-24 18:00:00	457	203
490	1990-06-25 00:00:00	481	264
491	1990-06-25 02:00:00	409	370
492	1990-06-25 09:00:00	232	297
493	1990-06-25 17:00:00	203	189
494	1990-06-25 21:00:00	448	73
495	1990-06-26 20:00:00	115	276
496	1990-06-26 23:00:00	4	376
497	1990-06-27 03:00:00	483	51
498	1990-06-27 08:00:00	382	115
499	1990-06-27 09:00:00	165	315
500	1990-06-27 17:00:00	416	3
501	1990-06-28 02:00:00	86	108
502	1990-06-28 07:00:00	30	238
503	1990-07-01 08:00:00	343	177
504	1990-07-01 09:00:00	483	81
505	1990-07-01 19:00:00	172	70
506	1990-07-02 05:00:00	115	312
507	1990-07-02 15:00:00	176	36
508	1990-07-02 19:00:00	416	330
509	1990-07-02 22:00:00	508	248
510	1990-07-03 01:00:00	57	21
511	1990-07-03 19:00:00	446	490
512	1990-07-04 00:00:00	433	327
513	1990-07-04 03:00:00	230	266
514	1990-07-04 11:00:00	105	120
515	1990-07-04 14:00:00	122	9
516	1990-07-05 03:00:00	59	484
517	1990-07-05 05:00:00	364	126
518	1990-07-05 14:00:00	230	289
519	1990-07-06 10:00:00	242	151
520	1990-07-06 14:00:00	466	184
521	1990-07-06 20:00:00	386	430
522	1990-07-07 23:00:00	413	534
523	1990-07-08 02:00:00	33	405
524	1990-07-09 08:00:00	512	59
525	1990-07-09 12:00:00	196	404
526	1990-07-09 17:00:00	91	513
527	1990-07-10 07:00:00	488	107
528	1990-07-10 10:00:00	422	406
529	1990-07-11 06:00:00	196	420
530	1990-07-11 10:00:00	418	59
531	1990-07-11 20:00:00	375	217
532	1990-07-11 23:00:00	44	164
533	1990-07-13 03:00:00	212	174
534	1990-07-14 06:00:00	54	189
535	1990-07-14 11:00:00	422	450
536	1990-07-14 15:00:00	414	140
537	1990-07-14 19:00:00	5	203
538	1990-07-14 20:00:00	476	208
539	1990-07-14 22:00:00	459	295
540	1990-07-15 02:00:00	427	185
541	1990-07-15 19:00:00	406	351
542	1990-07-15 22:00:00	278	345
543	1990-07-16 08:00:00	155	558
544	1990-07-16 09:00:00	423	118
545	1990-07-16 18:00:00	287	503
546	1990-07-16 20:00:00	521	290
547	1990-07-18 01:00:00	213	467
548	1990-07-18 05:00:00	494	398
549	1990-07-18 06:00:00	6	107
550	1990-07-18 09:00:00	323	505
551	1990-07-18 21:00:00	154	34
552	1990-07-19 23:00:00	506	103
553	1990-07-20 23:00:00	80	551
554	1990-07-21 01:00:00	219	303
555	1990-07-21 12:00:00	401	311
556	1990-07-21 21:00:00	4	145
557	1990-07-21 22:00:00	190	143
558	1990-07-22 03:00:00	351	185
559	1990-07-22 05:00:00	88	460
560	1990-07-22 08:00:00	398	354
561	1990-07-22 09:00:00	381	282
562	1990-07-23 18:00:00	158	401
563	1990-07-24 01:00:00	270	316
564	1990-07-24 06:00:00	390	126
565	1990-07-24 12:00:00	561	1
566	1990-07-24 23:00:00	339	257
567	1990-07-25 00:00:00	429	564
568	1990-07-25 05:00:00	392	195
569	1990-07-25 12:00:00	353	347
570	1990-07-25 19:00:00	423	558
571	1990-07-27 06:00:00	515	515
572	1990-07-28 06:00:00	399	368
573	1990-07-28 10:00:00	571	447
574	1990-07-28 12:00:00	330	127
575	1990-07-28 17:00:00	275	216
576	1990-07-28 22:00:00	394	601
577	1990-08-01 05:00:00	182	423
578	1990-08-01 06:00:00	80	278
579	1990-08-01 15:00:00	407	162
580	1990-08-01 21:00:00	242	497
581	1990-08-02 02:00:00	42	280
582	1990-08-02 09:00:00	145	548
583	1990-08-02 21:00:00	391	338
584	1990-08-03 22:00:00	562	83
585	1990-08-04 02:00:00	402	340
586	1990-08-04 03:00:00	270	627
587	1990-08-04 07:00:00	313	509
588	1990-08-04 08:00:00	462	167
589	1990-08-04 16:00:00	193	240
590	1990-08-05 05:00:00	53	427
591	1990-08-05 09:00:00	251	484
592	1990-08-05 11:00:00	524	172
593	1990-08-06 00:00:00	193	23
594	1990-08-06 05:00:00	172	483
595	1990-08-07 09:00:00	560	208
596	1990-08-07 23:00:00	462	473
597	1990-08-08 04:00:00	43	472
598	1990-08-08 05:00:00	476	542
599	1990-08-08 06:00:00	283	350
600	1990-08-09 15:00:00	321	454
601	1990-08-09 16:00:00	463	401
602	1990-08-09 18:00:00	145	360
603	1990-08-10 02:00:00	380	381
604	1990-08-10 13:00:00	4	385
605	1990-08-10 14:00:00	363	445
606	1990-08-10 17:00:00	580	209
607	1990-08-11 04:00:00	79	630
608	1990-08-11 05:00:00	420	262
609	1990-08-12 04:00:00	102	76
610	1990-08-12 06:00:00	545	424
611	1990-08-12 08:00:00	193	211
612	1990-08-12 16:00:00	252	607
613	1990-08-12 19:00:00	273	427
614	1990-08-13 02:00:00	181	80
615	1990-08-13 06:00:00	52	476
616	1990-08-13 10:00:00	501	260
617	1990-08-13 12:00:00	420	189
618	1990-08-14 08:00:00	169	80
619	1990-08-15 07:00:00	578	547
620	1990-08-15 15:00:00	148	500
621	1990-08-16 00:00:00	463	443
622	1990-08-16 03:00:00	238	619
623	1990-08-16 14:00:00	598	674
624	1990-08-16 15:00:00	154	518
625	1990-08-17 01:00:00	202	288
626	1990-08-17 05:00:00	57	93
627	1990-08-17 16:00:00	632	517
628	1990-08-18 08:00:00	569	476
629	1990-08-18 13:00:00	321	95
630	1990-08-18 20:00:00	124	95
631	1990-08-19 03:00:00	279	397
632	1990-08-19 04:00:00	166	631
633	1990-08-19 11:00:00	407	173
634	1990-08-19 12:00:00	524	257
635	1990-08-19 13:00:00	402	462
636	1990-08-20 03:00:00	620	184
637	1990-08-20 05:00:00	155	565
638	1990-08-20 13:00:00	85	14
639	1990-08-20 15:00:00	501	37
640	1990-08-20 22:00:00	59	249
641	1990-08-21 09:00:00	411	547
642	1990-08-22 02:00:00	238	576
643	1990-08-22 21:00:00	637	99
644	1990-08-23 19:00:00	31	683
645	1990-08-24 05:00:00	195	587
646	1990-08-24 08:00:00	566	418
647	1990-08-24 09:00:00	560	594
648	1990-08-24 10:00:00	654	211
649	1990-08-24 19:00:00	128	265
650	1990-08-24 23:00:00	632	672
651	1990-08-25 03:00:00	109	264
652	1990-08-25 07:00:00	477	436
653	1990-08-25 11:00:00	543	641
654	1990-08-25 13:00:00	117	310
655	1990-08-25 20:00:00	53	176
656	1990-08-26 00:00:00	524	203
657	1990-08-26 09:00:00	239	447
658	1990-08-26 16:00:00	194	320
659	1990-08-27 11:00:00	320	17
660	1990-08-27 12:00:00	633	265
661	1990-08-27 14:00:00	397	376
662	1990-08-28 00:00:00	585	254
663	1990-08-28 06:00:00	199	476
664	1990-08-28 12:00:00	31	378
665	1990-08-28 15:00:00	450	164
666	1990-08-28 17:00:00	323	511
667	1990-08-28 23:00:00	608	72
668	1990-09-01 20:00:00	518	658
669	1990-09-01 21:00:00	75	16
670	1990-09-02 10:00:00	538	392
671	1990-09-02 11:00:00	657	1
672	1990-09-02 20:00:00	549	62
673	1990-09-03 01:00:00	108	609
674	1990-09-03 15:00:00	515	94
675	1990-09-04 07:00:00	222	442
676	1990-09-04 15:00:00	265	173
677	1990-09-04 16:00:00	152	271
678	1990-09-04 17:00:00	347	465
679	1990-09-04 21:00:00	236	567
680	1990-09-04 23:00:00	303	712
681	1990-09-05 05:00:00	116	334
682	1990-09-05 09:00:00	586	421
683	1990-09-05 22:00:00	221	516
684	1990-09-06 07:00:00	226	408
685	1990-09-06 08:00:00	357	186
686	1990-09-06 13:00:00	2	523
687	1990-09-06 16:00:00	421	526
688	1990-09-06 17:00:00	450	372
689	1990-09-07 09:00:00	514	217
690	1990-09-07 10:00:00	49	298
691	1990-09-07 13:00:00	198	539
692	1990-09-08 15:00:00	22	243
693	1990-09-08 16:00:00	356	574
694	1990-09-09 15:00:00	377	658
695	1990-09-09 16:00:00	262	41
696	1990-09-10 07:00:00	534	564
697	1990-09-11 02:00:00	314	178
698	1990-09-11 04:00:00	505	72
699	1990-09-11 05:00:00	34	142
700	1990-09-11 10:00:00	364	122
701	1990-09-12 23:00:00	234	457
702	1990-09-14 00:00:00	534	242
703	1990-09-14 14:00:00	659	237
704	1990-09-15 18:00:00	366	361
705	1990-09-16 09:00:00	47	176
706	1990-09-16 15:00:00	401	602
707	1990-09-16 21:00:00	356	697
708	1990-09-16 23:00:00	92	252
709	1990-09-17 04:00:00	461	440
710	1990-09-17 13:00:00	640	231
711	1990-09-17 21:00:00	51	649
712	1990-09-18 04:00:00	183	357
713	1990-09-18 10:00:00	476	217
714	1990-09-18 13:00:00	211	65
715	1990-09-18 20:00:00	400	124
716	1990-09-19 00:00:00	47	653
717	1990-09-19 03:00:00	279	238
718	1990-09-19 15:00:00	427	425
719	1990-09-20 03:00:00	438	133
720	1990-09-20 19:00:00	280	541
721	1990-09-21 16:00:00	172	692
722	1990-09-22 00:00:00	172	101
723	1990-09-22 01:00:00	498	269
724	1990-09-22 23:00:00	136	526
725	1990-09-23 04:00:00	569	575
726	1990-09-23 10:00:00	482	150
727	1990-09-23 23:00:00	210	721
728	1990-09-24 09:00:00	417	146
729	1990-09-24 23:00:00	464	666
730	1990-09-26 05:00:00	690	501
731	1990-09-26 12:00:00	124	173
732	1990-09-26 14:00:00	392	519
733	1990-09-26 17:00:00	297	556
734	1990-09-26 23:00:00	661	700
735	1990-09-27 01:00:00	254	351
736	1990-09-27 06:00:00	336	41
737	1990-09-27 07:00:00	491	170
738	1990-09-28 14:00:00	301	13
739	1990-09-28 21:00:00	570	570
740	1990-10-01 08:00:00	106	150
741	1990-10-01 15:00:00	3	588
742	1990-10-01 16:00:00	761	663
743	1990-10-01 20:00:00	8	163
744	1990-10-01 23:00:00	284	372
745	1990-10-02 06:00:00	481	387
746	1990-10-02 08:00:00	584	73
747	1990-10-02 10:00:00	451	407
748	1990-10-03 02:00:00	235	317
749	1990-10-03 11:00:00	762	755
750	1990-10-03 17:00:00	231	777
751	1990-10-04 00:00:00	758	151
752	1990-10-04 08:00:00	647	313
753	1990-10-04 09:00:00	460	210
754	1990-10-05 01:00:00	503	760
755	1990-10-05 08:00:00	652	502
756	1990-10-05 21:00:00	350	336
757	1990-10-06 02:00:00	377	785
758	1990-10-06 06:00:00	77	277
759	1990-10-06 10:00:00	65	155
760	1990-10-06 22:00:00	103	219
761	1990-10-07 11:00:00	429	395
762	1990-10-08 00:00:00	765	745
763	1990-10-08 13:00:00	187	721
764	1990-10-09 04:00:00	302	760
765	1990-10-09 07:00:00	353	644
766	1990-10-09 21:00:00	113	485
767	1990-10-10 09:00:00	334	77
768	1990-10-10 10:00:00	121	507
769	1990-10-10 11:00:00	140	747
770	1990-10-10 22:00:00	55	475
771	1990-10-10 23:00:00	551	93
772	1990-10-11 06:00:00	787	220
773	1990-10-13 12:00:00	144	7
774	1990-10-13 15:00:00	308	509
775	1990-10-13 20:00:00	545	24
776	1990-10-14 18:00:00	113	495
777	1990-10-15 02:00:00	694	662
778	1990-10-15 15:00:00	637	674
779	1990-10-15 19:00:00	798	27
780	1990-10-15 22:00:00	813	302
781	1990-10-16 01:00:00	55	38
782	1990-10-16 14:00:00	340	63
783	1990-10-16 18:00:00	262	138
784	1990-10-17 02:00:00	140	107
785	1990-10-17 09:00:00	743	62
786	1990-10-17 20:00:00	220	223
787	1990-10-18 09:00:00	157	736
788	1990-10-18 22:00:00	241	608
789	1990-10-19 00:00:00	442	401
790	1990-10-19 13:00:00	400	456
791	1990-10-19 19:00:00	365	365
792	1990-10-20 00:00:00	278	799
793	1990-10-20 01:00:00	481	386
794	1990-10-20 02:00:00	547	396
795	1990-10-20 07:00:00	384	803
796	1990-10-20 13:00:00	813	775
797	1990-10-20 15:00:00	235	812
798	1990-10-20 22:00:00	9	524
799	1990-10-20 23:00:00	83	264
800	1990-10-21 00:00:00	791	345
801	1990-10-21 10:00:00	684	647
802	1990-10-21 16:00:00	760	370
803	1990-10-22 01:00:00	439	108
804	1990-10-22 03:00:00	235	66
805	1990-10-22 22:00:00	122	670
806	1990-10-24 12:00:00	676	822
807	1990-10-24 13:00:00	413	671
808	1990-10-25 12:00:00	496	495
809	1990-10-25 18:00:00	489	442
810	1990-10-26 11:00:00	767	17
811	1990-10-26 20:00:00	631	588
812	1990-10-27 04:00:00	78	569
813	1990-10-27 06:00:00	136	368
814	1990-10-27 11:00:00	838	352
815	1990-10-27 15:00:00	159	524
816	1990-10-28 01:00:00	677	818
817	1990-10-28 03:00:00	377	830
818	1990-10-28 06:00:00	158	594
819	1990-10-28 11:00:00	805	688
820	1990-10-28 15:00:00	550	676
821	1990-10-28 19:00:00	841	737
822	1990-11-01 03:00:00	567	703
823	1990-11-01 12:00:00	862	558
824	1990-11-01 16:00:00	188	597
825	1990-11-01 22:00:00	553	456
826	1990-11-03 08:00:00	445	828
827	1990-11-03 16:00:00	107	414
828	1990-11-03 17:00:00	479	783
829	1990-11-04 02:00:00	609	281
830	1990-11-04 09:00:00	48	676
831	1990-11-04 16:00:00	578	869
832	1990-11-04 19:00:00	1	245
833	1990-11-05 08:00:00	321	41
834	1990-11-05 12:00:00	827	378
835	1990-11-05 16:00:00	436	824
836	1990-11-05 21:00:00	816	686
837	1990-11-06 04:00:00	376	364
838	1990-11-06 08:00:00	318	720
839	1990-11-06 12:00:00	19	555
840	1990-11-08 16:00:00	365	126
841	1990-11-08 20:00:00	555	650
842	1990-11-09 03:00:00	456	223
843	1990-11-09 19:00:00	798	481
844	1990-11-10 01:00:00	443	347
845	1990-11-10 04:00:00	28	232
846	1990-11-10 05:00:00	284	339
847	1990-11-10 09:00:00	653	868
848	1990-11-10 12:00:00	300	651
849	1990-11-10 19:00:00	540	796
850	1990-11-11 04:00:00	679	393
851	1990-11-12 17:00:00	687	889
852	1990-11-13 05:00:00	547	25
853	1990-11-13 21:00:00	271	581
854	1990-11-14 12:00:00	468	551
855	1990-11-15 02:00:00	864	148
856	1990-11-15 07:00:00	129	656
857	1990-11-15 10:00:00	683	544
858	1990-11-15 12:00:00	34	453
859	1990-11-15 18:00:00	307	43
860	1990-11-15 19:00:00	391	698
861	1990-11-15 20:00:00	665	543
862	1990-11-16 08:00:00	191	457
863	1990-11-16 18:00:00	908	126
864	1990-11-16 21:00:00	182	904
865	1990-11-17 04:00:00	169	256
866	1990-11-17 07:00:00	722	894
867	1990-11-17 14:00:00	877	895
868	1990-11-17 18:00:00	51	539
869	1990-11-18 06:00:00	286	696
870	1990-11-18 07:00:00	768	884
871	1990-11-18 12:00:00	144	256
872	1990-11-18 18:00:00	791	180
873	1990-11-19 05:00:00	343	697
874	1990-11-19 07:00:00	100	754
875	1990-11-19 09:00:00	729	432
876	1990-11-19 16:00:00	914	748
877	1990-11-19 20:00:00	321	747
878	1990-11-20 02:00:00	820	350
879	1990-11-20 08:00:00	140	82
880	1990-11-20 09:00:00	421	664
881	1990-11-20 20:00:00	864	674
882	1990-11-21 03:00:00	242	748
883	1990-11-23 01:00:00	327	389
884	1990-11-23 16:00:00	446	122
885	1990-11-23 17:00:00	311	902
886	1990-11-23 19:00:00	830	734
887	1990-11-24 13:00:00	737	526
888	1990-11-24 21:00:00	228	597
889	1990-11-24 23:00:00	867	898
890	1990-11-25 11:00:00	344	515
891	1990-11-25 23:00:00	515	713
892	1990-11-26 03:00:00	836	401
893	1990-11-26 12:00:00	909	824
894	1990-11-26 13:00:00	402	713
895	1990-11-26 16:00:00	666	334
896	1990-11-26 19:00:00	447	816
897	1990-11-26 23:00:00	311	264
898	1990-11-27 07:00:00	646	798
899	1990-11-27 08:00:00	106	191
900	1990-11-27 11:00:00	679	614
901	1990-11-27 15:00:00	828	648
902	1990-11-27 16:00:00	622	381
903	1990-11-28 04:00:00	901	330
904	1990-11-28 14:00:00	78	774
905	1990-11-28 17:00:00	403	135
906	1990-12-01 04:00:00	445	187
907	1990-12-01 11:00:00	274	584
908	1990-12-01 19:00:00	17	320
909	1990-12-02 05:00:00	632	505
910	1990-12-02 17:00:00	662	363
911	1990-12-02 19:00:00	944	856
912	1990-12-03 04:00:00	622	329
913	1990-12-03 05:00:00	168	612
914	1990-12-03 13:00:00	682	554
915	1990-12-03 21:00:00	685	309
916	1990-12-04 01:00:00	346	677
917	1990-12-04 16:00:00	380	336
918	1990-12-05 19:00:00	948	270
919	1990-12-06 02:00:00	436	158
920	1990-12-06 18:00:00	57	425
921	1990-12-06 19:00:00	514	130
922	1990-12-07 06:00:00	116	706
923	1990-12-07 07:00:00	617	342
924	1990-12-07 08:00:00	395	811
925	1990-12-07 09:00:00	229	635
926	1990-12-07 13:00:00	598	300
927	1990-12-07 16:00:00	56	567
928	1990-12-07 21:00:00	174	452
929	1990-12-07 22:00:00	639	923
930	1990-12-08 08:00:00	716	158
931	1990-12-08 13:00:00	659	532
932	1990-12-08 20:00:00	270	560
933	1990-12-08 21:00:00	575	668
934	1990-12-09 11:00:00	841	569
935	1990-12-09 12:00:00	359	783
936	1990-12-09 19:00:00	460	133
937	1990-12-10 03:00:00	452	931
938	1990-12-10 11:00:00	562	3
939	1990-12-10 12:00:00	872	505
940	1990-12-10 16:00:00	790	914
941	1990-12-10 19:00:00	720	345
942	1990-12-11 02:00:00	357	535
943	1990-12-11 15:00:00	185	146
944	1990-12-11 16:00:00	298	580
945	1990-12-12 06:00:00	425	751
946	1990-12-12 14:00:00	931	335
947	1990-12-12 15:00:00	693	159
948	1990-12-12 21:00:00	481	619
949	1990-12-13 19:00:00	495	535
950	1990-12-13 23:00:00	27	535
951	1990-12-14 06:00:00	516	226
952	1990-12-14 07:00:00	407	80
953	1990-12-14 11:00:00	740	718
954	1990-12-14 12:00:00	25	460
955	1990-12-14 13:00:00	218	569
956	1990-12-14 15:00:00	680	183
957	1990-12-15 16:00:00	82	262
958	1990-12-16 04:00:00	287	380
959	1990-12-17 02:00:00	978	347
960	1990-12-17 04:00:00	278	922
961	1990-12-17 05:00:00	133	490
962	1990-12-17 07:00:00	581	130
963	1990-12-17 08:00:00	763	321
964	1990-12-17 10:00:00	169	854
965	1990-12-17 15:00:00	178	779
966	1990-12-17 18:00:00	721	743
967	1990-12-17 19:00:00	953	997
968	1990-12-18 04:00:00	349	447
969	1990-12-18 15:00:00	231	442
970	1990-12-18 17:00:00	240	73
971	1990-12-18 20:00:00	125	6
972	1990-12-19 00:00:00	888	228
973	1990-12-19 06:00:00	265	552
974	1990-12-19 16:00:00	490	490
975	1990-12-19 18:00:00	511	754
976	1990-12-20 04:00:00	466	771
977	1990-12-20 09:00:00	486	879
978	1990-12-20 12:00:00	832	63
979	1990-12-21 08:00:00	689	334
980	1990-12-21 12:00:00	11	477
981	1990-12-22 02:00:00	404	396
982	1990-12-22 13:00:00	5	771
983	1990-12-22 14:00:00	166	42
984	1990-12-22 18:00:00	219	745
985	1990-12-23 03:00:00	560	270
986	1990-12-23 16:00:00	692	392
987	1990-12-24 05:00:00	357	182
988	1990-12-24 11:00:00	67	507
989	1990-12-24 23:00:00	58	1025
990	1990-12-25 12:00:00	198	692
991	1990-12-25 19:00:00	539	312
992	1990-12-25 20:00:00	406	270
993	1990-12-26 22:00:00	899	137
994	1990-12-27 02:00:00	983	472
995	1990-12-28 02:00:00	284	508
996	1990-12-28 04:00:00	300	257
997	1990-12-28 10:00:00	944	558
998	1990-12-28 18:00:00	604	421
999	1990-12-28 23:00:00	43	570
1000	1991-01-01 05:00:00	87	383
1001	1991-01-01 16:00:00	959	121
1002	1991-01-01 22:00:00	426	436
1003	1991-01-02 01:00:00	285	685
1004	1991-01-02 12:00:00	757	429
1005	1991-01-03 08:00:00	63	856
1006	1991-01-03 18:00:00	796	705
1007	1991-01-03 19:00:00	870	704
1008	1991-01-04 03:00:00	874	259
1009	1991-01-04 19:00:00	706	60
1010	1991-01-05 07:00:00	496	701
1011	1991-01-05 13:00:00	627	450
1012	1991-01-06 14:00:00	413	567
1013	1991-01-06 21:00:00	997	354
1014	1991-01-07 00:00:00	549	441
1015	1991-01-07 04:00:00	173	91
1016	1991-01-07 06:00:00	424	377
1017	1991-01-07 07:00:00	690	1009
1018	1991-01-08 20:00:00	728	488
1019	1991-01-08 22:00:00	805	879
1020	1991-01-08 23:00:00	557	1072
1021	1991-01-09 00:00:00	48	65
1022	1991-01-09 09:00:00	613	882
1023	1991-01-09 19:00:00	78	568
1024	1991-01-09 22:00:00	530	399
1025	1991-01-10 04:00:00	563	926
1026	1991-01-11 05:00:00	412	995
1027	1991-01-11 14:00:00	887	86
1028	1991-01-12 01:00:00	650	223
1029	1991-01-12 18:00:00	38	119
1030	1991-01-13 03:00:00	301	40
1031	1991-01-13 06:00:00	326	980
1032	1991-01-13 09:00:00	917	182
1033	1991-01-13 14:00:00	444	1029
1034	1991-01-14 04:00:00	1054	725
1035	1991-01-14 09:00:00	642	955
1036	1991-01-14 19:00:00	1009	1056
1037	1991-01-15 00:00:00	897	691
1038	1991-01-15 08:00:00	936	1029
1039	1991-01-16 08:00:00	287	200
1040	1991-01-16 09:00:00	143	216
1041	1991-01-16 14:00:00	182	59
1042	1991-01-16 21:00:00	289	672
1043	1991-01-17 00:00:00	683	196
1044	1991-01-17 08:00:00	671	371
1045	1991-01-17 13:00:00	743	393
1046	1991-01-19 12:00:00	1024	857
1047	1991-01-19 15:00:00	879	340
1048	1991-01-19 16:00:00	739	117
1049	1991-01-20 00:00:00	231	1022
1050	1991-01-20 03:00:00	289	755
1051	1991-01-20 04:00:00	503	389
1052	1991-01-20 13:00:00	988	336
1053	1991-01-21 01:00:00	146	1022
1054	1991-01-21 23:00:00	385	377
1055	1991-01-22 00:00:00	646	452
1056	1991-01-22 01:00:00	743	548
1057	1991-01-22 04:00:00	760	992
1058	1991-01-22 07:00:00	1008	610
1059	1991-01-22 22:00:00	917	365
1060	1991-01-23 19:00:00	533	503
1061	1991-01-23 20:00:00	22	140
1062	1991-01-24 04:00:00	119	642
1063	1991-01-24 08:00:00	336	705
1064	1991-01-25 15:00:00	689	446
1065	1991-01-25 20:00:00	754	990
1066	1991-01-26 05:00:00	750	437
1067	1991-01-26 06:00:00	1011	670
1068	1991-01-26 12:00:00	205	83
1069	1991-01-26 16:00:00	161	436
1070	1991-01-26 20:00:00	295	726
1071	1991-01-26 21:00:00	421	557
1072	1991-01-27 06:00:00	627	136
1073	1991-01-27 17:00:00	703	521
1074	1991-01-29 00:00:00	591	1144
1075	1991-02-01 06:00:00	343	295
1076	1991-02-01 07:00:00	66	78
1077	1991-02-02 00:00:00	979	1006
1078	1991-02-02 01:00:00	917	908
1079	1991-02-02 05:00:00	489	866
1080	1991-02-02 06:00:00	477	1143
1081	1991-02-02 11:00:00	687	168
1082	1991-02-02 18:00:00	892	32
1083	1991-02-02 20:00:00	14	914
1084	1991-02-03 02:00:00	563	920
1085	1991-02-03 13:00:00	957	778
1086	1991-02-03 14:00:00	354	681
1087	1991-02-03 20:00:00	821	446
1088	1991-02-04 01:00:00	667	725
1089	1991-02-04 08:00:00	420	1018
1090	1991-02-04 15:00:00	905	147
1091	1991-02-05 01:00:00	667	50
1092	1991-02-05 02:00:00	744	306
1093	1991-02-05 08:00:00	199	734
1094	1991-02-05 12:00:00	19	1019
1095	1991-02-05 20:00:00	824	122
1096	1991-02-05 22:00:00	282	881
1097	1991-02-06 01:00:00	294	162
1098	1991-02-06 06:00:00	543	1160
1099	1991-02-06 07:00:00	1021	764
1100	1991-02-06 14:00:00	767	681
1101	1991-02-06 16:00:00	226	931
1102	1991-02-06 18:00:00	285	941
1103	1991-02-07 01:00:00	17	1144
1104	1991-02-07 02:00:00	269	504
1105	1991-02-07 08:00:00	557	1060
1106	1991-02-07 09:00:00	396	1048
1107	1991-02-08 06:00:00	634	562
1108	1991-02-08 12:00:00	414	108
1109	1991-02-09 04:00:00	805	441
1110	1991-02-10 07:00:00	493	319
1111	1991-02-10 12:00:00	642	56
1112	1991-02-11 02:00:00	539	422
1113	1991-02-11 05:00:00	518	162
1114	1991-02-11 19:00:00	215	133
1115	1991-02-12 02:00:00	100	835
1116	1991-02-12 03:00:00	619	852
1117	1991-02-12 05:00:00	264	226
1118	1991-02-12 09:00:00	1131	811
1119	1991-02-12 19:00:00	251	1144
1120	1991-02-14 03:00:00	533	857
1121	1991-02-14 08:00:00	360	1056
1122	1991-02-14 12:00:00	114	703
1123	1991-02-15 03:00:00	682	1121
1124	1991-02-15 06:00:00	128	486
1125	1991-02-15 18:00:00	243	24
1126	1991-02-15 23:00:00	921	130
1127	1991-02-16 06:00:00	604	898
1128	1991-02-16 08:00:00	171	123
1129	1991-02-16 22:00:00	53	974
1130	1991-02-17 11:00:00	295	444
1131	1991-02-17 22:00:00	1007	613
1132	1991-02-18 00:00:00	1099	702
1133	1991-02-18 01:00:00	819	79
1134	1991-02-18 12:00:00	788	415
1135	1991-02-19 03:00:00	43	7
1136	1991-02-19 14:00:00	659	1022
1137	1991-02-20 08:00:00	339	735
1138	1991-02-20 19:00:00	710	154
1139	1991-02-21 02:00:00	235	460
1140	1991-02-21 06:00:00	1081	1107
1141	1991-02-21 17:00:00	1087	1065
1142	1991-02-22 00:00:00	259	384
1143	1991-02-23 03:00:00	1046	869
1144	1991-02-23 19:00:00	371	476
1145	1991-02-24 04:00:00	100	1069
1146	1991-02-24 15:00:00	151	1048
1147	1991-02-24 20:00:00	437	305
1148	1991-02-25 03:00:00	1091	852
1149	1991-02-25 15:00:00	657	588
1150	1991-02-25 16:00:00	823	311
1151	1991-02-26 07:00:00	788	233
1152	1991-02-26 09:00:00	466	648
1153	1991-02-26 11:00:00	1005	281
1154	1991-02-27 11:00:00	493	586
1155	1991-02-27 15:00:00	168	480
1156	1991-02-27 20:00:00	66	839
1157	1991-02-28 01:00:00	392	25
1158	1991-02-28 02:00:00	763	1051
1159	1991-02-28 03:00:00	487	560
1160	1991-02-28 06:00:00	1115	624
1161	1991-02-28 11:00:00	659	85
1162	1991-02-28 15:00:00	501	864
1163	1991-02-28 23:00:00	837	734
1164	1991-03-01 00:00:00	617	407
1165	1991-03-01 09:00:00	331	10
1166	1991-03-02 10:00:00	61	1049
1167	1991-03-03 07:00:00	867	98
1168	1991-03-03 18:00:00	1118	1082
1169	1991-03-03 21:00:00	966	217
1170	1991-03-03 23:00:00	800	512
1171	1991-03-04 04:00:00	604	8
1172	1991-03-04 07:00:00	619	84
1173	1991-03-04 11:00:00	241	403
1174	1991-03-04 15:00:00	938	1109
1175	1991-03-04 18:00:00	806	849
1176	1991-03-04 21:00:00	224	75
1177	1991-03-05 00:00:00	1052	874
1178	1991-03-05 15:00:00	238	36
1179	1991-03-06 02:00:00	44	964
1180	1991-03-06 13:00:00	118	1087
1181	1991-03-06 20:00:00	1048	48
1182	1991-03-07 11:00:00	964	376
1183	1991-03-07 22:00:00	873	144
1184	1991-03-08 10:00:00	813	45
1185	1991-03-09 13:00:00	120	955
1186	1991-03-09 23:00:00	215	275
1187	1991-03-10 06:00:00	293	428
1188	1991-03-11 10:00:00	744	476
1189	1991-03-11 15:00:00	1036	526
1190	1991-03-11 18:00:00	193	1029
1191	1991-03-11 19:00:00	445	923
1192	1991-03-12 07:00:00	339	270
1193	1991-03-12 12:00:00	723	1162
1194	1991-03-12 15:00:00	444	844
1195	1991-03-12 17:00:00	541	825
1196	1991-03-12 20:00:00	1159	496
1197	1991-03-13 03:00:00	540	255
1198	1991-03-13 06:00:00	698	928
1199	1991-03-13 08:00:00	788	1161
1200	1991-03-13 11:00:00	1132	454
1201	1991-03-13 16:00:00	973	1041
1202	1991-03-13 20:00:00	1105	988
1203	1991-03-14 10:00:00	767	504
1204	1991-03-14 18:00:00	655	684
1205	1991-03-14 20:00:00	1086	887
1206	1991-03-14 22:00:00	634	236
1207	1991-03-15 01:00:00	1045	918
1208	1991-03-15 07:00:00	823	1257
1209	1991-03-15 12:00:00	1109	347
1210	1991-03-15 23:00:00	769	951
1211	1991-03-16 00:00:00	346	599
1212	1991-03-16 15:00:00	648	299
1213	1991-03-17 12:00:00	116	795
1214	1991-03-17 21:00:00	948	487
1215	1991-03-18 01:00:00	795	312
1216	1991-03-18 21:00:00	135	829
1217	1991-03-18 23:00:00	294	941
1218	1991-03-19 04:00:00	306	815
1219	1991-03-19 09:00:00	630	224
1220	1991-03-19 13:00:00	389	324
1221	1991-03-20 16:00:00	140	266
1222	1991-03-20 18:00:00	858	522
1223	1991-03-20 23:00:00	983	516
1224	1991-03-21 15:00:00	115	401
1225	1991-03-21 20:00:00	1105	631
1226	1991-03-22 00:00:00	880	973
1227	1991-03-22 22:00:00	957	574
1228	1991-03-22 23:00:00	718	10
1229	1991-03-23 03:00:00	374	980
1230	1991-03-23 10:00:00	1077	170
1231	1991-03-23 11:00:00	148	383
1232	1991-03-23 13:00:00	64	810
1233	1991-03-24 08:00:00	1040	1142
1234	1991-03-24 09:00:00	754	669
1235	1991-03-24 17:00:00	505	900
1236	1991-03-24 19:00:00	273	237
1237	1991-03-25 01:00:00	39	62
1238	1991-03-26 01:00:00	321	875
1239	1991-03-27 02:00:00	284	501
1240	1991-03-27 03:00:00	1200	789
1241	1991-03-27 12:00:00	947	1046
1242	1991-03-28 03:00:00	200	1081
1243	1991-03-28 05:00:00	654	896
1244	1991-03-28 10:00:00	588	55
1245	1991-03-28 14:00:00	128	447
\.


--
-- Name: purchase_id_seq; Type: SEQUENCE SET; Schema: public; Owner: testuser
--

SELECT pg_catalog.setval('public.purchase_id_seq', 1245, true);


--
-- Name: category_pkey; Type: CONSTRAINT; Schema: public; Owner: testuser
--

ALTER TABLE ONLY public.category
    ADD CONSTRAINT category_pkey PRIMARY KEY (id);


--
-- Name: category_product_pkey; Type: CONSTRAINT; Schema: public; Owner: testuser
--

ALTER TABLE ONLY public.category_product
    ADD CONSTRAINT category_product_pkey PRIMARY KEY (category_id, product_id);


--
-- Name: customer_pkey; Type: CONSTRAINT; Schema: public; Owner: testuser
--

ALTER TABLE ONLY public.customer
    ADD CONSTRAINT customer_pkey PRIMARY KEY (id);


--
-- Name: product_pkey; Type: CONSTRAINT; Schema: public; Owner: testuser
--

ALTER TABLE ONLY public.product
    ADD CONSTRAINT product_pkey PRIMARY KEY (id);


--
-- Name: purchase_pkey; Type: CONSTRAINT; Schema: public; Owner: testuser
--

ALTER TABLE ONLY public.purchase
    ADD CONSTRAINT purchase_pkey PRIMARY KEY (id);


--
-- Name: category ignore_insert_violation; Type: RULE; Schema: public; Owner: testuser
--

CREATE RULE ignore_insert_violation AS
    ON INSERT TO public.category
   WHERE (EXISTS ( SELECT 1
           FROM public.category
          WHERE (category.id = new.id))) DO INSTEAD NOTHING;


--
-- Name: category_product ignore_insert_violation; Type: RULE; Schema: public; Owner: testuser
--

CREATE RULE ignore_insert_violation AS
    ON INSERT TO public.category_product
   WHERE ((NOT (EXISTS ( SELECT 1
           FROM ((public.category_product cp
             JOIN public.category c ON ((new.category_id = c.id)))
             JOIN public.product p ON ((new.product_id = p.id)))))) OR (EXISTS ( SELECT 1
           FROM public.category_product
          WHERE ((category_product.product_id = new.product_id) AND (category_product.category_id = new.category_id))))) DO INSTEAD NOTHING;


--
-- Name: customer ignore_insert_violation; Type: RULE; Schema: public; Owner: testuser
--

CREATE RULE ignore_insert_violation AS
    ON INSERT TO public.customer
   WHERE (EXISTS ( SELECT 1
           FROM public.customer
          WHERE (customer.id = new.id))) DO INSTEAD NOTHING;


--
-- Name: product ignore_insert_violation; Type: RULE; Schema: public; Owner: testuser
--

CREATE RULE ignore_insert_violation AS
    ON INSERT TO public.product
   WHERE (EXISTS ( SELECT 1
           FROM public.product
          WHERE (product.id = new.id))) DO INSTEAD NOTHING;


--
-- Name: purchase ignore_insert_violation; Type: RULE; Schema: public; Owner: testuser
--

CREATE RULE ignore_insert_violation AS
    ON INSERT TO public.purchase
   WHERE ((NOT (EXISTS ( SELECT 1
           FROM ((public.purchase pu
             JOIN public.customer c ON ((new.customer_id = c.id)))
             JOIN public.product p ON ((new.product_id = p.id)))))) OR (EXISTS ( SELECT 1
           FROM public.purchase
          WHERE (purchase.id = new.id)))) DO INSTEAD NOTHING;


--
-- Name: category_product ignore_update_violation; Type: RULE; Schema: public; Owner: testuser
--

CREATE RULE ignore_update_violation AS
    ON UPDATE TO public.category_product
   WHERE ((NOT (EXISTS ( SELECT 1
           FROM ((public.category_product cp
             JOIN public.category c ON ((new.category_id = c.id)))
             JOIN public.product p ON ((new.product_id = p.id)))))) OR (EXISTS ( SELECT 1
           FROM public.category_product
          WHERE ((category_product.product_id = new.product_id) AND (category_product.category_id = new.category_id))))) DO INSTEAD NOTHING;


--
-- Name: purchase ignore_update_violation; Type: RULE; Schema: public; Owner: testuser
--

CREATE RULE ignore_update_violation AS
    ON UPDATE TO public.purchase
   WHERE ((NOT (EXISTS ( SELECT 1
           FROM ((public.purchase pu
             JOIN public.customer c ON ((new.customer_id = c.id)))
             JOIN public.product p ON ((new.product_id = p.id)))))) OR (EXISTS ( SELECT 1
           FROM public.purchase
          WHERE (purchase.id = new.id)))) DO INSTEAD NOTHING;


--
-- Name: category_product_category_id_fkey; Type: FK CONSTRAINT; Schema: public; Owner: testuser
--

ALTER TABLE ONLY public.category_product
    ADD CONSTRAINT category_product_category_id_fkey FOREIGN KEY (category_id) REFERENCES public.category(id);


--
-- Name: category_product_product_id_fkey; Type: FK CONSTRAINT; Schema: public; Owner: testuser
--

ALTER TABLE ONLY public.category_product
    ADD CONSTRAINT category_product_product_id_fkey FOREIGN KEY (product_id) REFERENCES public.product(id);


--
-- Name: purchase_customer_id_fkey; Type: FK CONSTRAINT; Schema: public; Owner: testuser
--

ALTER TABLE ONLY public.purchase
    ADD CONSTRAINT purchase_customer_id_fkey FOREIGN KEY (customer_id) REFERENCES public.customer(id);


--
-- Name: purchase_product_id_fkey; Type: FK CONSTRAINT; Schema: public; Owner: testuser
--

ALTER TABLE ONLY public.purchase
    ADD CONSTRAINT purchase_product_id_fkey FOREIGN KEY (product_id) REFERENCES public.product(id);


--
-- Name: SCHEMA public; Type: ACL; Schema: -; Owner: postgres
--

REVOKE ALL ON SCHEMA public FROM PUBLIC;
REVOKE ALL ON SCHEMA public FROM postgres;
GRANT ALL ON SCHEMA public TO postgres;
GRANT ALL ON SCHEMA public TO PUBLIC;


--
-- PostgreSQL database dump complete
--

