--
-- PostgreSQL database dump
--

-- Dumped from database version 9.5.12
-- Dumped by pg_dump version 9.5.12

SET statement_timeout = 0;
SET lock_timeout = 0;
SET client_encoding = 'UTF8';
SET standard_conforming_strings = on;
SELECT pg_catalog.set_config('search_path', '', false);
SET check_function_bodies = false;
SET client_min_messages = warning;
SET row_security = off;

--
-- Name: plpgsql; Type: EXTENSION; Schema: -; Owner: 
--

CREATE EXTENSION IF NOT EXISTS plpgsql WITH SCHEMA pg_catalog;


--
-- Name: EXTENSION plpgsql; Type: COMMENT; Schema: -; Owner: 
--

COMMENT ON EXTENSION plpgsql IS 'PL/pgSQL procedural language';


SET default_tablespace = '';

SET default_with_oids = false;

--
-- Name: category; Type: TABLE; Schema: public; Owner: testuser
--

CREATE TABLE public.category (
    id integer NOT NULL,
    name character varying(100)
);


ALTER TABLE public.category OWNER TO testuser;

--
-- Name: category_id_seq; Type: SEQUENCE; Schema: public; Owner: testuser
--

CREATE SEQUENCE public.category_id_seq
    START WITH 1
    INCREMENT BY 1
    NO MINVALUE
    NO MAXVALUE
    CACHE 1;


ALTER TABLE public.category_id_seq OWNER TO testuser;

--
-- Name: category_id_seq; Type: SEQUENCE OWNED BY; Schema: public; Owner: testuser
--

ALTER SEQUENCE public.category_id_seq OWNED BY public.category.id;


--
-- Name: category_product; Type: TABLE; Schema: public; Owner: testuser
--

CREATE TABLE public.category_product (
    category_id integer,
    product_id integer
);


ALTER TABLE public.category_product OWNER TO testuser;

--
-- Name: customer; Type: TABLE; Schema: public; Owner: testuser
--

CREATE TABLE public.customer (
    id integer NOT NULL,
    name character varying(100),
    email character varying(100),
    password character varying(100),
    active boolean
);


ALTER TABLE public.customer OWNER TO testuser;

--
-- Name: customer_id_seq; Type: SEQUENCE; Schema: public; Owner: testuser
--

CREATE SEQUENCE public.customer_id_seq
    START WITH 1
    INCREMENT BY 1
    NO MINVALUE
    NO MAXVALUE
    CACHE 1;


ALTER TABLE public.customer_id_seq OWNER TO testuser;

--
-- Name: customer_id_seq; Type: SEQUENCE OWNED BY; Schema: public; Owner: testuser
--

ALTER SEQUENCE public.customer_id_seq OWNED BY public.customer.id;


--
-- Name: product; Type: TABLE; Schema: public; Owner: testuser
--

CREATE TABLE public.product (
    id integer NOT NULL,
    name character varying(100),
    cost integer,
    amount integer
);


ALTER TABLE public.product OWNER TO testuser;

--
-- Name: product_id_seq; Type: SEQUENCE; Schema: public; Owner: testuser
--

CREATE SEQUENCE public.product_id_seq
    START WITH 1
    INCREMENT BY 1
    NO MINVALUE
    NO MAXVALUE
    CACHE 1;


ALTER TABLE public.product_id_seq OWNER TO testuser;

--
-- Name: product_id_seq; Type: SEQUENCE OWNED BY; Schema: public; Owner: testuser
--

ALTER SEQUENCE public.product_id_seq OWNED BY public.product.id;


--
-- Name: purchase; Type: TABLE; Schema: public; Owner: testuser
--

CREATE TABLE public.purchase (
    id integer NOT NULL,
    date_time timestamp without time zone,
    customer_id integer,
    product_id integer
);


ALTER TABLE public.purchase OWNER TO testuser;

--
-- Name: purchase_id_seq; Type: SEQUENCE; Schema: public; Owner: testuser
--

CREATE SEQUENCE public.purchase_id_seq
    START WITH 1
    INCREMENT BY 1
    NO MINVALUE
    NO MAXVALUE
    CACHE 1;


ALTER TABLE public.purchase_id_seq OWNER TO testuser;

--
-- Name: purchase_id_seq; Type: SEQUENCE OWNED BY; Schema: public; Owner: testuser
--

ALTER SEQUENCE public.purchase_id_seq OWNED BY public.purchase.id;


--
-- Name: id; Type: DEFAULT; Schema: public; Owner: testuser
--

ALTER TABLE ONLY public.category ALTER COLUMN id SET DEFAULT nextval('public.category_id_seq'::regclass);


--
-- Name: id; Type: DEFAULT; Schema: public; Owner: testuser
--

ALTER TABLE ONLY public.customer ALTER COLUMN id SET DEFAULT nextval('public.customer_id_seq'::regclass);


--
-- Name: id; Type: DEFAULT; Schema: public; Owner: testuser
--

ALTER TABLE ONLY public.product ALTER COLUMN id SET DEFAULT nextval('public.product_id_seq'::regclass);


--
-- Name: id; Type: DEFAULT; Schema: public; Owner: testuser
--

ALTER TABLE ONLY public.purchase ALTER COLUMN id SET DEFAULT nextval('public.purchase_id_seq'::regclass);


--
-- Data for Name: category; Type: TABLE DATA; Schema: public; Owner: testuser
--

COPY public.category (id, name) FROM stdin;
66	dnbptw
11	ztrdkldjwcgbihi
116	ochetpham
56	jwajaobqomrpti
31	wwqln
75	btopcvmevjduxak
61	eqyzrzblwerysla
29	knljxsactebqg
14	uubnpbutjp
13	oeaqjccyo
92	tevjcv
70	kapvkzmclrwtnjp
38	ioeonziyiu
123	dipkzewb
76	vbzojaevzfu
126	gwzmaynzhjhjy
1	wwqsbthoee
94	ubyvorjel
73	bovybdhjdsvhaii
10	egqnnto
58	novtncszxzx
68	xqapmmpzfta
84	mnieidwfjo
109	gwpxujyto
74	hujbic
113	lgpti
95	shonbbid
110	nfqjlertixc
106	hcakspffczcfafs
85	rdeiuntxyubymln
121	jlxbq
22	pfkzhvtmf
44	xjtpebydnoqg
72	uiuxn
26	uvzfpcbwvs
24	taasi
25	plpxxngbzz
39	yzuei
47	taaqfkulbflex
46	kspapviovqe
80	lnhrllaqsux
125	afahnbtgam
96	gnxzagjg
8	xdtgrhmueklad
117	ugygk
18	xmwkt
89	xclctx
112	esplu
99	yfwwpnifqkzp
101	cntxtfab
9	kooytigqyc
105	ijzbswok
49	udtggfcgj
104	odjffyyxp
100	vcyevdxscuqx
35	koyceuxwn
41	sqbwpnwelxzl
86	ohbdiekteujnx
6	vazaqkjejzhm
65	sfhljlzm
114	zescwlwf
60	akcgbqi
71	lgrzqkzaxal
64	uohcvjuvyuunpx
17	avgzbcfjuuhysv
21	uogqwf
30	ievxzgqeqarot
45	wnopfeosiwrype
119	dohmxjsxasiiedd
4	fpbkorgzmrsym
111	nvtxcwltiukz
79	fzvfqwb
57	tqirtud
87	xrwjipnnxr
97	datcjmbdsyr
82	ouetllwhkhpqe
43	krsqdvk
36	uskqjxukvl
50	cucwymahc
51	qmrpjnqwjbgmio
108	tknlgstnwdljf
27	zobfw
103	kusdphmkp
52	kvoqfigwx
124	npdpmkwuotx
63	mtoseoaysllepur
107	omlqtlins
54	qdgwqvyoyelskgl
16	ikdkentimpzuqhc
23	eplygdco
33	njbqirpf
28	hxfymotun
81	cplwg
40	atlxwccadjjiw
15	zxtfjpdgfxcbs
59	abnpwyesxcj
3	unkybpy
7	vbgxn
83	nvxywn
128	lepbihhgbuiuw
12	ubuvzcvipibxjs
122	uewfqaj
20	zumjbvbsnposgn
48	sfbxzt
127	kcymcv
32	tvwzrfsolon
34	ytqjxvosmjne
2	nkqge
37	jvisbiaccxc
77	zsctvxn
62	tygtxoamlmk
90	nkaohkvw
53	gfwbsnhl
102	akcquvk
19	xlxycmemispz
78	oawyjugkwcnhciq
120	apxvyklrgbpv
91	lcgcu
5	dbijr
118	thuypyndakds
98	pcgotkrohzt
93	zxwrxl
69	hixlbfvwskmqm
55	qrwanupzbwvc
67	qtttrpspgrwod
129	zucuhpm
115	bvnmadyfk
135	hgkhgoshzo
220	irvbekgszfdmdl
150	tfkgxzagflnu
151	vepaijh
206	vkddxormfpebe
231	lwuqvitt
175	gbhlywveadnyk
132	ufkwtrgkwifrkju
136	llbniqznks
160	ylpqjzp
238	pwnbeu
204	txnlxlmzmjnmgj
245	sdlxeaakjjbwjr
225	wtauzfs
193	gpvojonfvhxmpl
170	fevrxdhlfp
177	dsnxfpfy
250	xrpxjbaz
130	jwzphqgs
188	xyydmxunrqknzf
190	ygpblwymgdejyqo
224	zhlquk
137	mzejcuppvcvz
196	cjvmtvagc
157	xancphuzvxeto
200	oppscsrkxlke
202	cxogsmgtdbbmxyx
203	ssnsscuewmddic
215	zkpkxhk
88	yhkopzv
182	pwupfrucv
145	ugrwidcnzgwmvgf
143	hkgpsso
167	pehoe
208	kixcvar
141	mmwtzhc
212	ciczejdcbdipqa
214	kfanfmxvqod
209	btzhe
164	baejqh
166	fsmvpmnjtgkxnry
244	coszgspullj
229	izjknhfwqwy
232	qxcuhzy
236	xgkte
181	hhwbejjcpcao
153	cmrdbvvlzlya
144	ydfyvi
240	xsugw
241	mdqzyav
142	ceqrooury
243	aeagjdworssx
155	lrprbziewffe
148	undmatvvbdoj
207	ouwibtjd
230	zlwgp
154	hsfxue
246	apwhp
131	ousrjysmil
213	johjczwlgyvpv
253	tuuhz
254	vpvde
255	sjlzgmkm
227	tnguy
186	caxtmu
149	piwjdxqekismvu
222	itcebdh
242	zkxqb
210	tcvkiczehlx
237	pymndsq
205	eruiwkxqchcvdu
187	ehumtdvb
179	ncshk
165	abmgvfnvbrgltia
171	jojozeqipc
158	intgglkq
252	ycgingz
152	anenmttj
174	oamatuzlisiibt
169	vxgpykhpmzac
218	akhmdvfajmk
198	galxseqbslx
133	ivfinjq
247	xbgwwuytoura
228	rlnebntahwneaf
161	kvzhtn
168	lgmrkwhnj
162	mueaoovwramxt
156	abbcleonkjepzic
138	dphawpadv
226	hocmlsflap
195	circgzhfrzwjr
251	lvgwaohg
185	wzcmrlstslk
217	vjciuyjwlsyqmvt
180	idifyqgw
235	itrkhffzp
256	ckswujv
234	uuysgwulnrn
176	ibndeqrw
173	iugzlgeni
194	rapjexvbpoyft
239	krpymnoc
134	bhrvmfldlm
178	xilhtb
216	omrpdbgawkqlbv
192	trsojcwqixreo
183	ewqmwcsxminw
201	sjvoicq
248	wzdukhwwmqc
249	urgqmfmkkfi
172	zvmamvsaashyp
139	exiorof
146	siaxyhlfw
219	trwiyfguysr
163	uxpawb
191	nlssxruwldrsoz
159	xyywhjpwmbuv
189	bbaoryucbiz
197	aprfek
147	texjptzki
140	exqyhtd
42	sudah
184	coublnbksuhp
261	vkmdnac
211	qfebscx
265	ssjgkbci
271	apyahbwisebrt
341	jwcvswrzflemk
273	teoqvaop
278	rgeeiebcfii
309	tunmezhg
325	enggvvax
279	csmdskspgbexxd
360	vbvlbotnqrnxwyv
286	fltqpxmwb
368	eipwuqo
335	plubvkfmkoqsk
295	bmnsqurmytnm
296	qiufrri
297	irtqtdrcnoutb
298	iilok
299	tlzgbubrma
361	tpfinjqoapncpb
300	ximwuiozbmetlfk
284	bumwrokdiio
301	wjkvqtfgvxnbefs
303	ygoijlpcngzdyoy
308	siexwfg
311	mcxpurt
287	ompmihhfpwt
317	fbrbdha
318	yoviqm
302	ugbnkopmse
321	vqbnpoloft
322	wcjiwgvqww
327	iiqkkdru
199	nwvnyrpsttvatl
330	bctebsgelxe
334	puyxscbaci
305	hfnketivtlh
337	gkrwd
338	xizycxvc
272	ihfbbimtgtnj
340	awbitbqyqpgk
343	vrcicgr
344	tkhtdmubxw
264	lzchtpmw
362	vvrjxldtsamzaq
351	gyybmbs
352	npaeyyw
281	rlxls
357	hwzjwpsz
358	jsdyltwqedt
364	fvnwyo
339	hedes
275	vdwqjwdkszf
332	uiifxyw
333	qlovmkjuetsl
355	vejjqggh
369	jalffoaznit
289	yzrntynwrzh
375	dwrkcepspdw
376	eslxdsuspt
377	hefxkxp
379	ebsey
383	kgylekyxv
307	jizakvruqxenjz
386	nnovtsznzywi
258	jhibvueot
319	wksslsmmarrigc
259	kneiyery
382	ulwkjgjyylavk
260	cwnqlcwdswhhc
356	imxdfhtajohjfom
354	jknqqqbccahc
374	qhbnf
381	waqblxvroakzsrd
353	eacrxxkmxzoqm
331	ltappqvgskrummd
310	ipuvlloknmu
373	jhuarowxiqhjqw
268	pblod
363	qavreemorcq
282	pdikxwhcp
349	vyoamlc
267	sqfikzlia
293	vuamfwwtjitu
380	vrpygpjfpcekg
348	foqmpoc
326	exhkbwg
288	yasnfyzqxn
291	vvicsdylh
266	estbyrpfnuj
345	fddyhwpurms
347	sybduex
372	ulmzvdijlukvx
384	oynbmqtpdcymdq
316	ueflfmqcqiunir
269	vjlxdzvgohonmx
294	xfijrsisx
274	cpbloxtkrbibf
346	raxng
313	vrwjmaymasa
329	sgqjlireqrevitf
350	gfcdavcbgknkb
280	fgnjxrmgin
283	wvpwknbjv
315	kapxskimhy
366	uwfsozzzyyt
285	lsfwvebrxjf
385	norvotxfrltm
312	hypjqcoorvmrh
320	nizemdacegeszv
270	rqbmmdhkb
342	kgfdzcptk
367	dvnbxexxlvmrl
276	forltk
378	sexggzzfywljnc
314	helwkykxskklq
365	pwfefyhfngwh
292	hvclibrmvyxhxoe
323	scypatczpmo
371	vtuzadq
304	tpawvljvrgxeepl
290	quhetkjdmkdjk
328	tbcrfmol
370	qmvgjaz
262	wozpguuh
306	lvjuwjysl
359	avgswxfog
387	rbemyneisuke
388	ubxrnqauhzogozp
390	eizdobnyygsnmw
394	wkxizseqll
470	blzdtuq
399	hhhatqnpsnpyzdp
400	fdazihpivyi
402	ifdrelxypibco
407	otavs
408	zwdlbanznc
409	ajhdbbhesuk
412	qvlxedhs
413	pqbfbtqbdv
393	rciylfwpnd
418	jbmqcz
421	hjoxqbzeldpe
422	agftagzgmj
423	axzkhha
397	fybahlauovvyu
424	ebtffbfmnitqt
425	iqqfcgwze
427	ztund
430	zcwjkatttmgzwvs
433	zkkvb
434	ohpykhzmr
436	ftmxtg
439	fkuokvqnds
441	qariquumudqdyw
443	qvjyw
444	htkzc
445	ekvmcr
448	wuyhc
277	tpgfjvsytsojer
490	jivavydsbkeawh
452	ybczjvftludln
453	esqdxcvmp
454	bmubzvasxqbot
455	ehefphucwjvh
457	slyisypxxrfd
458	obalqdj
459	isqwohf
460	ugydlqqgai
461	fjgeub
507	afgxgwvjprqu
405	fslqyji
466	nbfuwnsl
420	rmcchqoetepzl
467	woniahgpwnaej
435	esxhaia
468	ltoqelbhuess
469	bcekfvrmyodqbge
263	ocqqi
223	eqyjkvjuaggxlex
489	cvdpbefdqwlzks
406	poqdnygbzxc
475	pyhfckogfa
482	rvphbyjunze
483	ybpnnxdsmbehw
484	bytgmumxwnrtjnq
485	ygefovnaia
506	cknjsnakewqvxpm
486	knsaiteybrrxx
476	spjhgbqmvrx
392	glgryenpibar
395	lfaehqhf
415	omencwwzaeb
429	uljhjtah
479	gtdvkctscgji
431	remfl
493	muwvaa
499	lzwvrwy
401	eknvacxjsooeh
501	wscybccu
463	iwllknflniuctw
503	pkjulmr
511	ujlcr
417	mfrnpyfjlpptgqd
514	ybzverkxo
515	tkdhkmjiv
512	raznozzkxd
500	nzazudijslpepoh
442	otlkjabs
508	kucovodv
510	ysqnxgv
462	snvrbxozmc
411	ojsuiwbotfoj
487	iwcsolpqgt
492	itczov
419	gcqoxlsj
451	tueaivogzpbepc
456	odfnqk
398	gxvmmfpnhbcje
498	xeekkt
438	teixljcohk
477	ycqgikno
488	ggvbmfwlxcvcke
404	taxwbhwv
481	wfbtxvfulwkbyh
496	qtlyrxoy
502	tmzccjqrvap
450	oyvtuz
391	kgeeagldvzm
414	vvaqaxefwwhruvl
513	rfdaixc
473	cwbjf
432	niwuxmimy
416	rjqqfg
396	ssonn
472	dejqxub
491	xoqtwl
389	tgswuavcuay
410	vlilmbsxln
480	laiidc
437	kuvdytxjsjfx
504	mxolrbvqppy
449	jfslpweoa
471	bhykfjytgwm
426	mnzjpjjdpvd
474	sypudhgzqqs
447	rekqrnfiagugc
446	ybmkp
494	raohtaxtkxoybl
233	tcfgacdlytqr
465	xhewjv
509	xzxqqmspbjyo
403	jhmqhp
464	ssqxbuoecoxb
428	qrvgwxyqhjrwaj
505	xtsvzubkjayzbj
518	gciineaewb
519	cwhgjhman
520	njfxunosbn
521	xldqskzbdv
522	ucsiea
530	jgnrmnevpvlipq
532	tvxrvxrnu
527	smthfgshmwodjdv
533	sqvudmkp
535	hmlhq
537	bjdeqy
539	dutxh
540	libgvqfidobef
542	vafnzwvwcfarmdm
546	nyqncvehedbhdqy
547	ckljkcfcmj
548	nyqjflpuu
549	zikmmc
550	bldmbhxrtwjli
551	rqdejkgqlhpx
524	ibbrp
552	fdzldmuudju
557	heyjfhnpmdq
558	bwdtcclbyadu
559	prlmpowldur
560	yfpkjaipsdfz
561	rtqawlzwla
562	xhkswmllmkljp
563	uocuqy
565	gqmmblgr
567	vlsjkbjh
613	plogdzbkutcre
568	naelmaghnqlowgh
569	osaxgek
570	shwcnfqj
571	kknrhllangki
573	pmjjhn
574	qolxoekei
575	ptdlsrmqy
576	zhmsx
534	xrleujwgolee
641	eblwj
577	wbokiqejfjo
578	ngbyvqpobhg
579	vzwmzlrazbel
581	idtrdqndehvfth
582	uptcpycaen
583	rjsganrw
497	oqehquhnmkocm
586	rpjcppn
587	svfebbeayukbdxm
588	wiinil
590	wuzeybvyuxgo
591	vsipefndtkezqt
572	pzggco
592	dpcgjpienbwro
595	aivld
596	lekqboh
597	nhrtgpbgg
598	oqcgvv
599	erqlc
602	pfqxvdjfn
604	zfpcpnvasfs
605	ogeyxy
606	ogsumveknpies
607	onvvobwbquunkvr
608	deykrxyqlqwi
609	tlkjyn
611	wpgnzchfywir
612	hxmlucsm
594	uszjvbsfhxqq
614	fammolkl
616	jigjevyabwzgf
617	trkbeagrtwiagip
603	xjoyerrfylbu
621	wxgmgrpaglckdtx
622	ynpuvmyvtqz
623	nxpkkvgwqu
624	qwmhaefortbgy
615	crcokkwzxqhfxfp
625	qahunihwr
626	upghnsfjxdm
627	cbgvanuyxtqpjex
629	oposwgsywwdxek
631	epveb
632	yakantgrw
634	cggeyt
635	qyfwetrmaqcdsok
636	igfccazjqdmsjb
637	nzlltqgevfjvm
638	kbgxqrg
639	bfivhsgrd
640	whgau
642	iasecmquuluiky
644	sbqacaoh
645	qeqleckcnljhkh
566	zxikrmvumoj
529	jgehjtj
601	orewoqtynw
600	bjmvav
620	vhiaznqsrvtzwum
630	yimcr
580	zsfafrygs
517	hptlnkzcwx
536	lltigiwdy
554	yvruxasalz
584	iqtcerf
589	kzzdxbdyjb
545	acqmodi
619	ucemdum
585	tbhpji
633	sacdwa
528	yofwycmtiujehn
526	lbojlgaak
544	mbgprnegwr
553	aspoe
564	pmbyzfdtrj
525	pivlxjowbrw
336	bmqyzzvfrb
543	mehsvexfg
538	wyimjijhpcatf
516	fxhvpbanlhc
593	mtqhbio
555	zpfntf
556	gbondimrl
618	bwkqwgizjbwn
523	qwbepknzi
610	ldxwxfl
531	zwqqmkzheiz
647	nfrleyhom
648	xfixini
649	tcylgrvbol
650	krxzbnkq
628	bxzsvrybtshhnbw
656	cfjmiu
657	waerrwvaizegoo
659	dysumirg
661	nslgmmmasxq
662	lictsxgtaetttzd
664	fkrochcwfhvjdou
495	eddngvrhlkxgly
666	rmdiapkmkvxbbgj
669	wnhsmzzxtzgo
670	yzbzlceruf
755	pgaufgj
671	nidwlbdeqhsbvm
672	jeffxbrycqtranj
673	akuuxwrtotzsr
674	wgussjiwxcjq
675	jnmrguiyumt
676	fjqncybwpup
678	tnpbrmtelf
680	vuerydodggcabsq
651	pmryuxfp
681	jypgn
682	edfgxwljlr
683	xkquohjqnbjvzld
684	bwzopmrswxyam
685	xsirnrjfdbs
687	welbgbnlwqbcef
688	hcnwwzh
689	fuwyubozblf
690	wwzkbnutzln
692	ysmabsyzntc
693	tdvhw
654	rpgsobveh
694	behutcnytgkw
696	nglrwsevaasby
697	itrlglkdnqdoo
698	mcctdvygxffvkup
700	gcvvjhowlwguvs
701	pejyao
702	yxads
703	oanaxfsonkmnop
704	udrkzzxbnkktg
705	evovfptbujaup
707	yqgeijx
708	riijcl
709	xnfzvj
710	rtissfmfwsakx
712	bjppdjqqwnh
713	qxdsj
660	hoqtaumph
714	fcxoucoik
715	bltbdrhznpyct
655	nguzmprooi
716	pakqupvkex
643	bxfdzfoqkkxsotv
718	qnxifwndgdkac
720	ihbsutid
721	igufqajit
722	kfteanhjq
723	gydgymzhvjk
724	qcmtjrutspkwlvh
725	mkvrtyybulqsxtu
726	jwfoszs
727	xxmbivdyehkey
728	joufscjuniuthmp
729	kndbcuzy
730	skxwbizjx
731	qzeamhsqjljbtb
732	tgyqwobhaahufh
733	gocmvs
735	zvurpi
668	lwmjxictufaht
736	xwomeu
737	zqfakrsess
738	gbhxcvaeynyfuxo
324	zzmjdgfiifrktv
739	imglyhh
740	yupimhptv
741	tzivnmsfxp
742	evjavyqth
743	awuah
745	rsajyxpcpjziks
747	dmocvnxxor
748	mkzahd
750	mvtemi
751	ebcggtuhvjk
719	kvjreophgxjqg
752	cuqmkn
753	wasbxbvj
756	dziqdszahobiek
758	rhpxopt
759	kerkwkakvmjug
760	eltzhukxs
761	fcrnhkt
763	pthcnbdkaxqf
749	dtsguimj
706	uwsarbtqipqv
767	vakyufz
770	pcwceqaxaftuai
771	jesjpfycuzh
772	jiyzzatnboxwjjm
663	mjniyo
762	schcavwiqihj
646	tsedse
757	tojybdhvxhftfu
691	diadsj
769	gxbnpqlxhws
652	wwdrxzuhfviodpc
653	bnxnpfiad
711	wyqsrlrvv
686	jifyn
734	pqxjsqxc
667	qoqeohjcar
679	pvvpdxvksdsfrzv
658	mqubkeqgdwyh
746	kxznmvovfawma
754	znvsyrkf
665	iqwooysysxyyu
744	jgkee
768	pcgelggdo
699	sumoibfzxghh
764	yzaxamwae
695	mvgdmvhphfp
717	pgxjutcgrlkuv
677	bwewfe
774	dvylldjkxciaojk
775	wfoipqay
776	ajiyugv
777	lnoyrdvvzp
778	mtdeg
779	gmzjuzmhhsop
781	nqwcedx
782	frvjott
783	vrxkc
784	eehla
785	iyndmjmdfsfezop
786	utvhyhd
787	hbbpjgxlyqqhqhb
788	zqiuo
789	ujvmmgnweuouwyq
773	etqwwvmsiqckfc
791	iuvziq
792	ewwgopwc
793	zmhlwkjkadw
780	tkvgqyojwgas
794	xuxvg
795	gznsekrkfa
796	pxfwosflgd
797	jkuteghov
798	xucaojjkld
800	ubksfoyvgkls
802	pfacqsihv
804	kqgmbqtm
805	ttgmsacbwhneai
807	odtda
808	txbqks
809	tsijmhr
257	ahrveetrkuxwlye
810	ceofqsapt
811	dhgbcuqsaz
812	rvoamkpzyds
813	ievxdtwspmjx
814	qogxgtir
815	qetscaqzjxvcf
816	abfdd
817	jhhgre
818	asjpoyoxbjk
820	geqaftjjeosd
821	fgytsby
822	jhesjwrthg
823	qymdpirf
221	usfbhzri
826	dnpfwhm
829	oykugufqadwilm
831	eowufaehuhuicd
827	dwzmdjd
832	xvurmuexkfyzug
833	tcxqp
835	ydfazlkjsnen
830	rxzfhuxoyqxyd
838	qxzqxsbfcxqay
839	knfpnxwwwziknin
840	azodg
841	pvojncrhibehfd
842	ryccjwhxjjp
843	lnidydfu
844	suorasrdc
845	qhtriktw
846	vvuboaixnlz
847	myeeivazmysue
848	gowxeqsvyn
849	jzaudbdlrhfkh
851	zbvqah
852	vhuchxzusrydv
853	dnqsnfyyuuhbl
854	zmavpag
855	dcnzwhcqmtlnjrl
856	mvjlrutna
857	vxoxdzpjjupwit
858	bndlqzvkp
859	hbccxqqqcwddd
860	rbopfvhdlrszcy
861	qpczqngyzpo
884	dvwzubvxzf
766	svrapcesofxk
862	bqxcytca
863	jhnrmqllpctroax
864	hdllsxctw
865	pdteozttapkllg
850	wapksx
866	vnjkqxqy
867	vhilt
868	surhop
870	kowvy
799	guxzrralvardur
871	wobjuierigxi
872	esatkxvagogi
873	btebkydakfqqpnv
440	tgflsiiao
874	akycctr
875	riquug
876	msbvqpaciunamlf
877	ubqlfhjdmq
878	szkhimltwagpskn
881	tjmkcnuup
882	ihnmmppfoa
885	fbqqkmafqkzxth
879	jqxyec
886	gkhnwtvetmgiblz
887	kdbangmsxp
888	anjkgfktd
889	bgaivdpjtc
890	sbsuolgn
891	amdot
892	gpudrwyhglqdimy
893	pouvpjev
894	xuqmrcce
895	cyfnb
896	symwrjwx
897	ccqzcp
899	cbtdirnak
824	chrqb
900	mtvyavn
825	rmucppgcguzqn
880	jvszyhrhs
801	edfcngmcuwv
803	lzuripvvwyox
837	luatgpe
819	vngslwhokd
828	tsypqysujzrhxcz
834	fxaorbny
883	lzpdjebt
541	lirsm
806	xidggaj
836	lmbvq
790	gazekxqftloz
869	uegieg
901	rjwnujmrprpde
902	igvekokvjqg
903	vqynhkpcapf
904	loqxjnuusykbmds
905	zwmrkfnvjocisp
906	wmjkcgo
908	wqwebrwbpm
909	yzkrdal
911	gbnrhubp
912	hoaxnofnqvh
913	exscmtrxioaxj
914	yiphhqyalibvfut
915	geboes
916	hjhfrshbcwjvza
917	dwdgvnw
918	hiqkeclwzoaiysp
919	sgrclyegupzblf
920	xmvxshtlxhbrudp
921	kqaftowczsnl
765	stetdzlvdpvtwfz
922	faopdbek
898	zcxclguarxenswq
923	zplmvqhrvnxrua
924	aknqqenjll
925	ypeiugtjz
926	gghbupewhpkeant
927	ucgmthw
928	rtwppiy
930	zbqgvlqljhg
931	tsowrytvnvuv
932	mgmiiibvu
933	udrduemgemqylx
934	fjluznjqbijvpwi
935	viotq
936	bwiydkrcrez
937	nrlxjopzshgvll
938	qffxjeaiatrhkxa
939	ljknrv
940	kbawdvo
941	jtcleudlw
942	ndvdj
943	hstuudymuttd
944	curtpqxihzwbgzj
945	tlzbcuhcllpnd
946	hjtrvoge
947	vqwvwynqn
948	wiwmcpmkbtg
949	kriqmw
950	kjvrmqu
951	gtpfogborb
952	uzxfgrvvqzyi
953	mzgqkqagnw
954	drjzgsqtrrizwp
955	ydkizwcsaeb
956	zfrlheocw
957	ydbalutmw
958	ciotfslyw
959	gwgzrlhzy
960	nqyotzqggvqfw
961	evbgafmun
962	rlfvzxteubma
963	vviaezdsdmearua
964	fdaqpgrtpr
965	eofdaqaiaqtkdr
966	lghtyhgydcpk
967	rsjaigiqw
968	kbxxymqjsgwsne
969	ouyzhtqdvvzvt
970	wshxriwnv
971	oknnyhwbjaevd
972	dglxucmkwbuax
974	sabhyeazixhy
929	upunxjihhq
975	ibmica
976	vnvujh
977	jtnjbiw
910	woapmnpoxdcsors
978	rhmkdgkoogv
979	oldjxrhlmbb
980	eftzv
981	yczfihomikkd
982	pkjtd
983	nszbktf
984	xqexktpkzpk
985	cdtlgchplalfmh
986	gdzkplu
987	dvhhcn
988	sjguhnwmkppschi
989	mftkvm
990	igtggetmjqx
991	trfxkgcss
992	fedyyzukg
993	tdggrgvn
994	pqsilszw
995	etrrpgwoyeja
996	xgzccsswuff
997	wljgj
998	vjeqzqli
478	neajhdjx
999	gqfrlcoggsbrp
1000	yvaume
907	ceoeees
1001	rawkwxihxsp
973	tlluouona
1002	cwhuohxbptewu
\.


--
-- Name: category_id_seq; Type: SEQUENCE SET; Schema: public; Owner: testuser
--

SELECT pg_catalog.setval('public.category_id_seq', 1002, true);


--
-- Data for Name: category_product; Type: TABLE DATA; Schema: public; Owner: testuser
--

COPY public.category_product (category_id, product_id) FROM stdin;
41	50
521	2
167	37
133	100
250	14
583	53
250	14
311	34
101	23
101	23
109	99
602	1
602	1
521	2
125	40
281	56
493	78
521	2
521	2
181	46
137	66
69	43
383	63
34	26
34	26
281	102
58	25
521	15
423	52
127	48
127	48
274	21
139	18
139	18
253	67
611	49
45	8
45	8
184	11
170	12
137	73
480	32
491	97
274	21
27	10
199	4
433	83
171	7
171	7
623	44
187	30
66	22
61	13
31	3
79	43
133	45
423	52
125	40
35	62
192	41
260	29
611	49
156	112
311	34
170	12
199	4
274	21
95	39
95	39
95	39
549	28
14	55
431	9
222	35
222	35
253	67
390	77
431	70
85	16
85	16
390	123
187	30
199	4
250	14
549	28
431	9
602	1
41	50
376	5
146	27
146	27
146	27
93	81
100	98
97	43
392	104
184	11
565	17
565	17
433	83
311	34
61	13
34	26
170	12
146	27
137	66
311	34
167	37
31	3
31	3
31	3
167	37
27	10
27	10
27	10
602	1
214	36
214	36
139	18
123	20
123	20
123	20
123	20
754	6
376	5
754	6
184	11
170	12
754	6
754	6
291	33
101	23
184	11
521	2
540	19
540	19
480	32
480	32
480	32
27	10
32	16
5	164
39	88
45	54
17	111
61	79
421	69
258	110
392	104
124	91
110	59
192	41
120	177
549	28
281	102
69	183
36	154
148	105
258	110
84	195
93	128
93	22
330	150
97	177
383	63
623	44
521	2
101	79
97	179
131	64
18	109
421	201
311	34
162	190
181	46
181	46
233	202
170	147
55	174
185	168
3	46
184	11
376	5
491	97
137	73
116	40
146	108
31	3
281	102
602	1
602	1
423	178
521	15
341	95
151	87
827	121
95	81
196	155
431	9
123	20
123	20
123	20
255	61
255	61
45	8
61	13
61	13
34	26
34	26
34	26
146	27
281	56
350	133
43	107
19	60
19	60
19	60
28	137
50	74
133	100
565	17
565	17
214	36
281	102
265	135
334	188
238	153
238	153
278	166
108	75
222	35
58	25
224	120
25	47
41	113
11	141
261	122
350	133
390	77
515	214
681	161
423	52
480	32
151	87
394	175
611	49
30	189
30	189
30	189
159	114
101	23
137	73
392	104
407	210
71	42
71	42
623	44
468	198
151	87
681	161
169	167
169	167
148	105
135	132
231	171
104	148
493	78
253	67
265	206
549	28
131	64
629	196
440	170
440	170
109	99
189	134
170	12
847	192
170	152
50	74
189	134
480	32
845	193
547	142
123	20
167	149
158	92
124	55
71	127
66	43
34	26
79	299
200	256
45	8
256	233
84	79
13	13
48	245
20	207
25	46
28	137
32	264
126	269
497	239
140	200
10	65
233	79
41	113
224	109
78	39
170	282
253	164
170	147
260	46
65	72
153	240
159	8
216	215
98	296
90	240
233	291
68	306
193	292
258	110
53	311
151	57
281	102
233	245
264	144
307	246
91	275
301	259
908	186
292	27
86	245
88	208
267	221
20	266
108	75
184	51
89	108
213	48
108	38
287	246
611	49
222	35
244	374
11	141
344	353
60	279
345	228
413	289
135	132
882	101
431	70
493	78
261	122
109	99
350	133
192	41
227	273
335	253
6	184
93	293
961	162
161	270
423	52
394	175
623	44
417	211
456	119
68	306
253	357
217	86
521	2
449	330
449	330
50	74
214	36
167	37
512	126
69	183
20	249
754	6
44	284
151	87
25	47
93	293
252	257
193	226
170	12
428	197
496	169
199	4
148	105
138	369
521	15
370	140
148	105
148	105
330	150
91	82
359	347
662	346
111	298
423	52
370	140
421	201
423	178
25	47
458	386
583	53
253	67
22	158
265	206
18	58
460	139
109	99
540	19
540	19
480	32
170	247
170	247
395	84
395	84
395	84
845	193
845	193
908	186
124	317
251	401
224	120
191	107
115	233
333	120
110	174
327	136
69	183
286	388
329	103
243	108
209	414
323	88
200	256
137	60
335	269
323	127
48	396
91	7
44	108
429	335
365	62
160	235
266	254
182	8
60	48
81	312
392	392
329	200
509	216
240	371
279	417
132	398
117	179
292	393
62	236
27	145
147	111
56	392
458	438
206	300
223	262
356	379
160	172
30	189
88	227
362	211
321	467
112	80
66	71
5	18
629	89
199	4
449	330
26	511
266	461
101	23
101	23
370	351
68	235
408	85
68	280
244	374
52	194
515	356
262	533
257	182
179	521
69	183
409	71
160	362
6	165
214	370
233	54
133	409
228	166
366	513
128	343
461	203
252	209
195	305
294	351
156	76
71	189
190	271
432	262
450	417
309	165
44	284
281	333
138	436
203	555
82	371
305	493
104	148
10	65
11	141
6	219
496	169
260	224
271	384
131	64
433	83
222	35
231	535
491	97
25	248
25	248
663	267
637	212
97	223
370	140
521	2
170	12
497	239
421	201
423	178
594	204
483	491
662	346
205	361
111	298
6	405
33	456
866	413
253	67
778	415
189	442
181	355
22	158
305	408
369	265
545	340
460	139
109	99
189	134
602	1
492	199
416	478
351	341
480	32
908	186
220	427
656	483
656	483
135	132
281	56
961	162
250	14
402	552
242	173
10	130
339	342
390	123
194	50
391	414
217	578
18	517
495	175
326	395
176	334
24	563
157	430
201	249
41	531
79	575
27	380
335	293
448	460
478	79
527	458
480	566
534	532
65	589
88	308
260	224
181	575
359	589
503	324
448	94
485	362
88	454
302	357
460	426
503	608
160	277
456	119
456	119
47	540
107	129
324	445
323	55
509	79
445	543
465	234
230	260
469	325
460	453
206	578
163	189
501	582
105	460
80	259
33	297
112	18
135	296
310	4
452	394
90	72
482	71
24	50
25	284
303	526
588	532
31	24
478	490
166	443
324	363
91	82
457	133
119	79
256	16
47	387
305	82
383	166
308	433
208	490
429	275
100	330
486	102
520	277
535	652
45	327
25	248
436	169
420	406
81	312
279	194
349	321
610	651
92	516
6	405
172	472
178	612
332	38
173	503
304	543
174	282
267	515
440	115
62	481
281	454
205	3
345	502
328	150
2	657
216	351
707	499
266	11
6	630
521	2
248	639
41	453
61	393
262	234
12	136
76	503
621	536
65	181
356	111
503	322
376	472
187	30
681	161
356	379
111	298
531	603
525	157
411	466
509	216
189	134
813	404
482	435
770	583
369	265
39	244
431	70
291	33
12	365
12	365
20	373
113	303
827	121
58	25
625	457
436	455
208	338
281	56
580	294
185	131
76	376
342	308
235	443
423	178
86	60
310	520
57	555
332	602
224	122
239	164
62	651
270	179
649	696
427	645
441	372
193	109
298	73
134	529
13	452
514	610
219	654
435	267
110	484
488	286
130	54
294	543
371	681
512	57
552	432
136	184
554	375
681	161
596	553
492	178
584	185
186	563
8	621
111	272
648	409
28	313
645	521
67	635
511	732
111	2
6	405
337	384
76	104
4	714
355	164
403	586
336	731
559	241
698	344
69	361
506	426
439	493
33	96
206	337
58	517
580	659
346	697
38	511
131	658
358	470
531	603
531	603
354	78
688	429
10	211
328	595
199	409
614	263
439	494
245	582
545	581
719	26
679	654
72	410
260	45
588	688
482	360
513	267
277	204
447	699
525	157
338	548
583	598
330	649
298	605
134	405
298	541
96	335
499	198
158	732
102	78
642	703
255	472
367	414
371	222
607	715
472	561
647	526
306	423
81	733
438	73
272	326
355	393
253	234
753	671
362	7
598	287
657	36
554	808
152	682
147	648
647	71
414	553
272	807
255	18
638	511
688	587
84	805
155	301
314	103
105	332
494	651
702	408
570	618
400	53
545	81
629	352
515	356
778	415
660	650
540	19
853	665
139	565
480	32
342	281
231	171
780	492
436	455
415	760
793	446
875	276
908	186
908	186
625	385
625	385
754	6
547	142
124	317
554	569
369	265
288	399
486	704
139	710
320	699
506	464
659	453
773	188
694	426
131	735
123	704
186	460
362	463
34	666
236	707
488	23
761	21
153	614
709	538
328	472
28	273
291	624
416	103
192	41
192	41
559	7
374	76
41	569
377	263
757	151
157	337
788	508
268	253
86	836
220	237
518	406
291	33
409	789
81	302
586	87
777	360
13	748
730	539
775	848
540	546
769	791
493	790
189	134
602	1
619	684
789	522
133	755
443	417
518	558
443	441
310	389
281	615
718	238
427	168
745	567
37	751
406	571
99	834
61	79
620	277
632	669
188	645
325	90
504	429
5	50
260	468
641	607
540	19
765	238
230	855
196	590
668	700
85	500
118	461
701	502
773	253
291	744
419	266
825	181
304	831
682	630
170	164
718	748
658	613
640	772
209	194
377	642
151	271
475	286
527	780
551	206
311	892
348	201
378	174
19	400
584	688
667	103
717	652
440	581
152	416
660	757
715	755
641	181
828	738
460	1
527	336
96	138
239	568
560	166
684	415
582	235
173	815
762	22
746	799
298	882
481	570
524	97
166	318
869	554
170	247
629	888
596	459
73	851
2	72
730	335
855	350
456	268
516	578
265	11
883	310
547	641
263	824
221	891
562	521
575	602
404	271
208	338
821	163
170	12
680	341
695	804
793	446
697	911
669	880
480	79
97	314
287	573
910	505
250	14
242	378
145	86
9	568
255	148
457	668
421	668
926	330
118	65
303	130
870	156
27	10
485	164
331	807
922	497
375	873
277	219
440	471
180	678
160	325
365	184
205	875
313	1
602	578
430	882
589	561
402	608
713	71
242	866
841	721
908	186
586	450
567	298
801	362
421	68
132	238
5	820
368	144
876	144
449	944
443	290
781	945
37	608
923	586
370	448
501	268
247	822
565	285
808	91
548	67
882	101
940	222
339	547
941	763
163	480
418	964
607	121
138	369
589	591
35	236
989	239
20	266
105	285
661	1016
245	1016
389	262
\.


--
-- Data for Name: customer; Type: TABLE DATA; Schema: public; Owner: testuser
--

COPY public.customer (id, name, email, password, active) FROM stdin;
7	parvcj	tjwqninwksybmu	ntpqftqbv	t
77	llqnqypbirfqaxb	ocdmz	sldpgzhnslgog	t
67	azgcib	gpgbfqt	rfznjkqbkhfbmj	f
55	bgslvjdyzbd	wuivlqohfwbcmo	tqynj	f
23	offyhkwpit	tkvatrh	kmisgllpgofvzb	f
79	jnsmcmcv	bkriazfwpnw	onmzebbbhuxbl	t
87	lcrniygdxsc	yovuxgg	fcydxvqd	f
66	glifocfzytcj	cszscpwcfg	jpysmbjes	t
4	utendgp	jcxxqamaqfzbdwl	imdng	f
31	etohp	srjvu	iosvljlweqvbfaz	f
14	jralaidqc	kvrzzgrhawnkyxm	kfrvebnyv	f
73	lehdcr	kdeiqcta	zcupxsivkllb	f
72	ntwghtrrko	onidltvu	khfwz	t
89	dxgricdpfserg	ysopgcbt	ftpjwocpx	t
60	sldqucrlypdh	dtobhtwgecuqed	bcixafezv	f
68	qrhmkxs	uelbbj	xvlcdbt	f
64	biqosaxlektidog	yfvlnyabovfe	oarnrap	t
51	ykngajgwxj	dktgpuv	bzvbdgb	t
29	fpqchhex	oqcdmfgl	hitgyhavcminybd	f
65	dmiff	gthtxtrk	unlefctllvk	f
47	nclncpng	cpckbjysgtqjmrr	cybrkmeiacy	t
70	fuxxxyp	vndkmflecgttfw	iacxxxsjibp	f
12	udfwignrioms	hpkrbr	vhnjxizgetfx	t
13	wkojss	tlibfssykoteijj	trkdiichcqw	t
32	kfujhzjkiry	dhccare	bndsxx	t
5	xgftjzadvavn	wawqelhcob	qxcsnnzyvukjo	f
2	vdqrxr	mrtmi	ynhiqicprci	t
82	otymnq	kathtuik	ihxmulguihzkgc	t
88	ipebevmh	zzhealkmes	vawcxbkwb	t
40	hvycctldkcb	rmnoh	dgxkaxrfs	f
81	wlkksh	zlebuerwczbwiwv	qmgnfqpzo	t
44	tyunctqzzszs	exfcavcxlaxpil	hzyitltdfuv	t
26	aizntcsgvztnxh	myqsef	xkxavsyeiwd	f
28	ahdyphpnnfo	dcwhwgzvoiulyk	dmtvoeidxlmal	t
76	vjjsycoiljrykv	jzhsoxtjbpihpci	hkxqsrmn	t
74	meqdpyc	xqmnwx	bjadzmhelvio	t
69	vvugjcy	qquqp	akist	f
71	xtqrzzhcfyigysw	njgydsxviw	tjzntxajh	t
43	vqkwfixvzf	bpudn	iibdkurh	t
33	oskveuerjk	kkxiumfja	vtqwiwzx	t
45	yrcqhfjuthjv	ssxztqiinexk	ttmpoebyoanl	t
59	bqfhoavrxxztp	jsbqstwaed	adqrvl	f
36	jfeuehikvzaxc	pwkrhz	blxqdgbmjxryzmw	t
3	pukqdx	ggmayjqbuqq	lxgbzot	f
83	otdri	qurgq	ngbsvehphsi	t
19	vbupma	xcguoininfwsh	rzffkrdnaop	t
53	ahpptecygwpy	qpbajzgffyppq	ijucjspryjdzckj	f
94	rweuyuvenncqyq	zwgtzuqtvs	anoclmjyff	t
95	jbian	kvfirk	fvxsyjdqnkzgxkr	f
42	lkmlcvkzbfej	gtpzsocwkpq	nxwhvtjgb	f
9	rdgsigmfaie	pijgkzdxqfhzims	sndjij	f
93	fldoithrm	dsxwptlz	tlpkfoknmesumxz	t
63	rjwbpwfmzvxjq	zpxpnt	lxifeeyygp	t
18	jnvwaooqwnun	nlfklducmiw	qtqhiy	t
6	ckqlpef	schxz	qjnkpoeq	f
52	nengfihrklg	ixyxqptdwhh	aqrinmsnlzrzz	f
90	lnwcscz	qgivmev	tljpmfltoxjkcy	f
61	idkofbrnmnof	gddkxfumcit	fgyitiqgjn	f
10	tiywpgeaiplv	ictkylidzyjipiv	anmwmsbvmre	f
15	iikca	wloudozgjbk	tegcwbjwwgzgjw	f
8	sqdqqkb	hkzayepeqc	kouhcqvf	t
62	nbtezqtgqq	xwfzd	ivatcwfxhail	t
85	oxvrhcu	qswrnnr	khfzyidz	t
91	ahfflhkvf	rzaesidcvb	bsvusmbeajqa	f
30	sqdfsqxtbsxztk	zmhfkaflnfoeij	onqpxlxqxk	f
35	ibsmmlxvjcjlmcj	jctztblnixol	togfjh	t
92	ltvwmbwpvjsadro	bnprmkrekhgd	ymfebiccgquayrd	f
21	scuua	wwfjubzuojaq	nfphjrrcp	f
1	iovvngkiwkow	hnhnxzypcu	igjyy	f
27	vuzykjma	mpxgswx	qdlhso	f
37	wxncib	fwadfmqdjnperus	cuvqcgxua	f
20	djggefoxqitw	cbwoyk	jdaofmjz	t
75	zhchncu	efcqrktu	tcgkrewb	f
50	vhukqdxttvvo	dykwgsctlrpnauw	dhezpvfkggqkomd	t
46	tqcak	qwzno	bnsjfhxy	f
96	olizboddgwlf	epwhihfxujlmw	skgsgndusieqs	f
78	yzjex	vshulwddvkuvpy	sscshfs	t
38	hfuagcsedarxy	xcykgdmyrkrrwfw	mqmxct	t
57	veqft	ajfyfjt	ekqnuj	t
34	fmovqejkn	zkkyyupf	zmzgngvhf	f
24	ttalsfrqyggnnh	xouppfhi	spnebnjkal	f
54	gcafrxdsn	xbpvrwbvkroel	oysvicaipsjkbaz	f
86	ztpaozffscgkx	gsuhcphye	zupqcnfduvruad	t
25	cveezhpyh	yaagzhdg	cctaaqirbqx	t
56	uokythuaq	hgdxfpswntfblq	elznli	t
22	jnuvf	esued	kswwomklnrifxoz	t
49	qrovpbr	bvhsqnypr	kpsktifxprpa	f
58	isbljlganvpyed	xbgmdsusdmpenv	sbhiqydkuxd	f
39	xudzpiu	wlmteb	wyetq	f
16	lqekjm	qknvvpqixui	ewqunlpwmuif	f
17	bibjidtj	hexxnadvrpklkiw	lsczfsshxoqiahr	f
41	cdmbmkoizut	spesjf	nzjqitl	t
11	zbnhumj	obognlxio	dsltrwl	f
106	bupeshogozxympw	fonkbl	pzqykovk	t
116	ogpegzy	nvnbnrhaw	pipfr	f
124	akxnkdnfqibhgp	ykeyyxss	uysrqzvoxlu	f
127	acyiqahz	vxzmfrlmurwho	lfltfrvaqyq	t
130	imumbalou	bsuhqftdnclxm	owuphkphysjn	t
137	vuwjq	vdppyjxtzbt	ageioif	t
113	idcqnrykxhowkko	wpthlrbmnr	xgxhmjdzcrfn	f
173	absehbrqopbvua	cgwmuoueswx	syaoc	f
143	aiiyfszjp	ffzwtda	nujahesiu	f
101	kbpjlovkwpkm	kfgwttzdciokup	jbexsji	f
171	yoblcwoz	twvlklpmgnu	oehrnekaflol	f
181	ugtufhuhotcl	ljoxpucsc	dxilz	f
155	rajodvavf	svvifgptepioxai	ljztnygyrbqd	t
172	egrnitarbvd	nirpzxpxmngro	auodl	f
164	aldjqiiyiido	temqcwavutgug	vdqzdtsp	f
128	nqudzwdycrt	ibzqeg	uuvsun	t
84	hlxhffyjddpr	hmuooeseklme	dlvxzdydtiagszk	f
170	qzshoidejzucf	dggqb	pfmqrnwj	t
165	rwdvcbxvvfkodff	makajdjnsirvz	blogswzdo	f
168	zifkhblqy	vexxemapmdgn	vjiklj	t
126	ouzjfa	msybrzc	yavmlileqfmywsw	f
117	sjegjtiqbnwmol	uwhkqhhe	hfxxruafcltdli	t
183	kmwjhzxjxqcqpgx	fkgmsoqzzeyj	saivpehdwiqfg	t
185	lqpatcfduml	wdibzpfuy	moulihg	f
114	gghswrk	fanoooyy	korzqwineazla	f
102	wxacreojvpsaqn	nxossqjti	rybko	t
161	doepnzvyugev	yfwwpzp	azjjyi	t
187	jexqmqyv	hedmpkkqblci	lchyvaht	f
190	haiexnhybhtamea	rlgstnzowtudof	yulcepyu	t
150	nzyomifki	ppckipk	nokxsqcfgn	f
132	cvcpkltl	arfgcnzmchv	zfdggoybgdaqvf	t
107	fjdfvonvrohtvym	hsqovgxvift	kyytracgw	f
120	lfenqoovxplfp	vedovvhljawl	zsdit	f
148	acomcclrdi	tfmtzurdgr	mueda	t
131	cbwzcltqzhzxa	ptptokx	yrrnwhcuky	f
182	ijdhqkm	rvdmftyapxcf	olnuajvowdxhxtn	t
119	gamykarxibgvxyn	mwwzsq	kxxewaqnokgjwvy	f
145	fbmqmlujmz	stdii	zisxxncgdtkg	f
160	napbkxnpjzbd	tkywhbowuful	neikvv	t
123	miqjx	ygclozrniihb	bsimammiqud	t
118	ougeixwwg	fpwhctxf	brycg	f
121	xahzmum	eztjijfbnkptjio	ewgbnuvj	f
188	vrbxumdnd	bdflckpbhxaolfm	begbipthjhtdw	f
142	wsfhfz	occttzlrx	rtmishta	t
152	jbcbpabq	hupjifaiaxe	jjpxzbpwehftnph	f
159	ouwthtumyuyc	cykeh	uzzqrgwmju	f
158	xifzlemv	mrqdhqz	xorfiadzgpsjopo	f
135	fruvwclo	pilrqbjju	jevlgoctwra	t
99	omifzq	bncoxgznesos	bywkf	t
166	gsjisd	fyuxheyndr	yizmyllh	t
144	zdigfnloskjlk	iotuoj	yjvynkaneplb	t
179	xauyxljn	sqldsbxhqnfsv	ylllgtn	t
153	ezdwxdjigkyl	ozqlogsjzoemtvx	fcowns	t
163	fhtablteuamu	awuagy	dfwqcyn	t
149	mokrqszwplbwkb	ybqtmrnwb	kgcjjv	t
104	toaanlkp	htyvf	tvtfuuviscn	f
147	tjlufpc	qndmi	cwdifyaumnz	f
177	jkwkrrpu	hefusavhhykvivy	ylswnkcyitzr	f
111	hkslya	utdgbrwwtgyop	owzuvnvfukyg	f
115	cwtiiajmhybsu	szuniuykwahexb	mzmvvyogtf	t
169	gotvbibciigby	rmdawkjejvwadpi	sbrmwtjsk	f
109	lybnkavkbayghr	inxdopmdmtrx	vnnvi	t
97	geofrnowh	aeraynq	wgmaxrdbgzpdjcf	f
136	ruwbf	fhjhltkjgbrk	wosdayzw	f
146	cipvjtfz	jcwkxganscv	xxqowizuxcianv	f
186	etvpotuca	pvmnry	egfhyjlwmszu	t
167	jmhgdl	wgkyldcsemsiz	mgzdthiw	t
108	tbsujwvu	fwimwgonimnqrou	egnfavzdztlg	f
180	dcphrrpxuwvetmy	bpsohb	ozcgqt	t
189	fztwhybitv	xhuadrn	owdydm	t
140	pyddgekuf	zdadkbpfstyvog	carmiyg	t
154	vymnszzs	qclfsanby	eotdiqwpeat	f
175	sqnvvbpzrqrghoy	dfkxrqxbxmlk	sfuglfgpnyhvsm	t
103	dvbqhezw	pqfqzsjieavxbyy	pbqxjtofrhrck	t
138	vgddjdmufgbj	drkgi	tbluqbhbxell	f
100	mlbazkywefog	txjnjvlso	cogswazyjcxfxu	f
176	ykvpachmfkwolf	cpmisxbftl	swlcod	f
156	ekexlpovbj	attnv	uzbmey	t
178	rulsfmebgnjh	xxrikjbcj	lxxcos	f
105	ekvckdufrri	daprjfldfcbal	ahltna	f
110	cooezwowvimts	cqeuz	uctdmdvzdvatbm	t
157	fqiimfyltf	mkfteonfc	bfbrstgs	t
125	quutn	cblelpsfir	zhtleyh	f
162	xguloc	prxhgijnxlrkj	wkbsijqtbthlr	f
129	fkgaljpk	hxbjthjkpajwdj	tokopvreylgud	t
139	cyavb	niomiz	krvkejihtnmlgfh	f
174	lbaovowahk	nuqhcdzxekbucwj	mgqudiv	f
151	lvzhgl	kqsbl	ptivqmntkcsyxh	t
141	jgadikvfnmee	tdztfnyojhq	ltuszogiwg	t
122	rsdzahvrdnhji	vdtrrwvqrj	kupbpz	f
133	rpsyahaljcviq	ipskrslvtbxhpyc	wfyeinhyjqv	t
112	mkaszsib	bmxzymwfxeu	bzbddxrnqos	f
192	rqwdyoal	niuioirivujhuif	phkhggml	f
194	inuaerx	imizl	uisdfqovvrcphl	f
197	awmxxntb	rltlsaicpruv	xalogoiljkvxijc	f
201	sexanpvqo	hzhosb	imqrdomj	f
228	jgtaywbqybdqubw	svwnap	afojfgofyc	t
216	hevxfgmj	gutjrwiwbrjzzkl	wckrkzr	f
218	zleegjbejo	lmjrwoh	witkgtrusmfdusc	f
257	vcdjgdrxwkoa	xykznlle	fqwhuheehokls	t
232	ghifsvac	wubmjzozqh	exwws	f
219	jfcoaisigzwni	elybnabsfdiyuar	rjpicrikxyebr	f
265	panivzxapfw	tmkmvqe	fbsdfa	t
225	gplhqbadqipps	fzaajx	yzlrnenpbeca	t
211	gjmgy	zhncotm	qkpmfzvrtygppc	f
262	dwqgoeqgqile	fhusqu	eozaphpsbip	f
237	ckjmnm	djrcquzcw	zyadvtwxmkep	t
256	losdhwraddbzqr	gmmdh	cczyb	f
241	omsfzmn	vmwkrqdtmek	ahvhwcrrzwy	f
206	tghkjox	oxaia	zxapntagtudri	f
199	jrdixkjibladr	vurrzmqccev	jrotippmjvx	t
244	dllcqqxpgyxqxuq	omyywdleqhdwmqg	fsmjofvskrxi	f
245	hqjqtxrgmubli	tymkvaahmkpsgjz	oihsa	t
283	qzdopi	qocmfkvlx	ahslhulohce	f
246	glnrzpngl	etlwv	ogiaddkxsgnis	f
248	ktmmig	jbbefbeoizkn	uagdjouowuukapa	t
250	qlpzsqgjpbjvmur	qotaacewy	gljwghfvm	f
253	oielajuy	rjupvtp	mtbtgqtkowfp	t
254	zrnewequ	iihxyzdshw	hdrsxgl	t
258	uiuegxc	jumorgwiiv	jaoxtjokztoatc	t
230	bcuccb	iwdwmeuoy	ssbfavyjsp	t
269	jdwke	ddlbsewf	fbewqhaamednekx	t
260	xfflxcb	hztexg	vongcx	f
263	tdwzjnocus	mumbagmevdwh	okuilvjsh	f
207	rarjpcsgfy	aahjuyft	xxnuftapm	t
276	tkhrelc	kszrtcftf	xlqaagzwxw	t
239	udwjxdvsx	jgrmyzffbrzcqfz	zlbjxhshsk	t
280	oiwijvzc	rgtxtxv	xohlu	t
235	dlblbij	jkvxzyzbi	shrby	t
274	tmspkwhqfnkty	tlbuxdzqwkszhed	smtzugizamnocbo	t
212	zfminxmapzcb	hxtgdmchncvdqs	pykcpkhssoozde	f
270	zspvrqubgrws	sdnjw	ibcncubiwrz	t
48	cweyhwpepubtz	gjrslwywspo	qjdmsrwsyyav	f
209	azigbtkfy	wkjpfxw	schacrdgkwmrrhq	f
261	mfonlvplkqxbg	chpglmlfozjh	wzczydwfjcg	t
205	glecyoepzngeol	namuuwt	cncczj	t
229	gexbadzgkpdrjll	vcwyccoyu	nweikcfglxpzmw	f
249	xrjafd	djgfrwwc	dtfndb	f
277	stzpgj	rjjardsbx	yzwos	t
259	yfjyg	aiwedt	tqmzznsz	f
251	ksdpwlcx	hfqzew	xofmrwgbadrqsr	f
268	vxdhhni	svvyoljnpqt	xovbmz	f
208	wvvucpyrlnnx	hmldbcg	lbzgvktknizazo	f
217	vxzayklwqaqbk	cjbplokth	nkmnx	t
204	ikxfkubnd	ejqop	dvmre	t
284	aizvvfbrrgw	blnzjtysky	qqmoanq	t
272	lpbdpbqf	bjqubu	lnvpwkfuzpnwbp	f
275	ejrvhe	ckhlvezu	bawatbz	t
203	hfxauygitlrhjz	xvesuexhawy	ovksycytr	f
222	umnshocenu	pgfnryt	khltbcuucxhus	t
271	djaibmftnxv	eketgoqqhzt	kwavwvfic	f
252	mwxzsi	tqdqawgtbyhllh	tppeoqp	t
279	kwjwcjdpdslxdn	jhrxupxcdus	pxuhikw	t
214	ahcaxbtuqgjk	uxdsprnqp	ebdyaqiv	f
255	gqnmidutlq	jwqel	csosfcorsjr	t
236	xizyo	pvappjglgy	eticpmrkkuhl	f
238	ijjmfwwzq	vpaoqamfrq	hfxsnvuowjmgjf	t
196	gzwgqnzklsz	toqdrqlhp	sfhyofneiz	t
220	repwkpz	pderjefrifxnjpj	ifdgukc	t
281	rmepdihy	btuuhpmxgt	ibcxonnijs	f
273	tefrndqlu	qkuiry	sppcwfveb	f
243	dqwfkgdigfr	qdohivvgkpshw	ywgpojylqcrmcio	f
247	qnhwmczhd	ptevaseourwu	mxlpajfovxspw	t
240	yhjeobhnj	ttkohvznp	wpvwbbvsdhb	t
184	jciqxmkik	wvxwffnfxkr	potoh	t
191	xikzk	zvethbdpbuhej	gvmoi	t
266	czuusb	lgzakihqwh	shbesppfkjdqdw	t
264	hqruvhqvcaj	dkigjhdcdpauzvt	bfpvd	t
233	rbwxcnjpp	iwnvcmwlkczoy	xqgujpmke	t
231	qwoaooojulj	gjavnisblerpmnq	zpoqbdvazrbulug	t
242	nglvvdzswbuyo	ehbemeo	womgimrzf	f
267	ywepdmninbk	iohyrwqmiqlh	nycsgtuvq	f
227	jqwnfhwtvindacy	inrvcz	sufopofpygibpdr	f
223	fprlnkdvwdju	scpeb	hylpryg	t
226	thuqvsu	dvmejqxbbwalxf	ectsnwkk	f
224	rkdmuc	fwoqfnmjnzhi	abfbbcul	f
195	bafemfum	isvxzlyuwaw	pesnb	f
202	aamztm	dylhgtuvdy	wtflilwubb	f
200	fvxvlm	bhsqtkrgej	qkhbxmvzaxjrsm	f
213	xfaisiuptcuj	pobypgsgzq	xxxuzlayx	f
193	ooyybixustcxme	nfnsifiu	hpdpnbhu	t
278	vhlbjiuaoeidrzz	qdxwiztlbhscr	ieugzuhv	t
215	zezuntyyundbzf	oqeotjztk	wltcrms	f
221	xpixfqgtn	eugjzj	gkjqyte	f
198	bvlzyhs	ilpewscfekfv	dvoyleh	t
210	crkkwipuirt	syfyhg	vdebtuhozpidcag	t
285	jinzj	ekdzrwazpngab	embyjtebm	f
286	sukruznos	uqgqucrjx	oldewcnbmfhohxw	f
287	gzayuaglc	ngqxh	izszh	f
291	czzlxmzlkmqsaeq	ryrjtxczdi	kfztater	t
292	txfzahdqlct	drbakfr	swanubqcg	t
282	mksajckobuyplmq	omikne	tttthtpjawbl	t
298	enrcu	ygwuaqctm	klnkcmqhbofutw	t
303	qztqpbncvkj	siapvjimue	cswoidwmzjyohf	t
304	uhiwpcutvipgeh	gdegelirkw	hvzricwulsb	t
306	oaxtszypmeydzj	vpkqxkygkoj	zjygdnphvjgmc	f
309	dlswojsyqnevduk	cbnpt	jdphmvanik	f
313	fhggburywqsf	rchtlvlvl	hpcyz	f
289	hgnprlyeybhnp	fcgfqsql	urovizxy	f
326	ousxgyiohbjoj	lyiykfi	kqjrudm	f
327	ftfqf	dxqmuqorjmvonlb	lgrbvau	f
328	quzksspcniq	ejamh	dzpwh	t
331	oimcrrcrzduv	kvohk	ykrvmr	t
333	eioui	eqwxdzl	ntpmvaxefrcrw	f
337	mzcsimxggbdwf	azdxuejdy	ndnntib	t
342	iiqmn	bjbfezjj	wjovamaucmmljsm	t
345	hhafqptqfswzde	gptjttjmqp	xszhmux	t
347	ocwkshuufwdawo	wqzoyo	dtsubasbju	t
332	pbhzrczlapk	hnaevaixhboe	ltobyvbtdxrek	t
354	hlnqsewxsty	juoyi	pqvzndhdfzlvm	t
355	otbvcbnscrtl	oisvelekicojjwy	xevtrkxo	f
312	wdppekwlff	dramao	xqtjzvsssgwk	f
301	zfjwhgatfgoreqk	arsrkkvfbt	tkypwfnd	t
358	xjhdykuuvfesnah	zmdjhogvvnht	aplrwstzscb	t
360	kgjmanffbsd	jrwxvjedcgpwtv	ggwzjo	f
367	lwtdtjrnyi	vovkq	yjxjglkpvtyhf	f
368	omavwc	kxrxomzj	flgnfynccfavmir	t
369	lmagw	gyxyapxojgm	gnhoxvf	f
374	cqojcfwjxiwjm	wqprkdmf	mietenpmipr	t
290	hyqecpbwzamtaz	wprykwofr	fgrfe	f
362	dehiahssi	rzoygaopfr	zrpavvwwpnqvljw	f
80	ayyiznlgtcx	kitfysdhbxriiio	yvpxaofcr	f
376	ncgliwnzu	bkeautdtmcbo	uftuauallja	t
324	yjcikfo	fufmwucefnmvxbe	cvoaijiraijn	f
311	ihgykpjq	exhsjeikypknbfb	rivojviygl	t
348	garvjuxq	naebwh	nrtwujs	t
295	ulctv	puawdxuhxl	epvglhuqhofd	t
359	csqmjbqzlvcr	amkbmaezbp	fakuqndodpuzal	t
315	gaxpimbh	zzunjvzrc	hplemgdmkvnstd	f
314	yotuomkr	tsxsrrox	qyvndvq	f
343	zrxnmatmxi	ayhkjhvysiin	urreydwvk	t
370	lbwjezf	bchmjss	mpiuqiuy	f
349	dqtrnzzjxidzyd	tfokyuwmth	lwlfycohj	f
371	wafyyyyx	itajv	wbkhwocq	t
299	wuxppkmfnnq	nxwdmoojfkxofa	loikdilcensuxi	f
319	iiwgjprgkwj	zhifsknh	eapldrjda	t
372	ntbkfe	zjcap	pffsquoosbhxzw	t
307	vewfwaoav	cvtyjtlzg	bunzpc	f
350	hrziiut	jxtmcbn	vtuxqdoqrnywan	t
377	wpifpvijliph	tnpvkq	jljsfgo	t
293	qvszvn	ajymwebqljfss	qbmopfdd	f
325	cfdbeyq	cwkxc	tjzovoppwj	f
366	tnmazxtt	vxiedxygb	gxjgexb	t
375	onpju	oihxjdtngkb	jhxkzlpgz	f
323	zwwuqoyldl	bsbzpa	luwiuytukxx	f
341	whalqqexhe	kxxizs	hdceanrclexc	t
318	wechlxybj	fpaqhbfnrihz	clefnf	f
308	jtxkplnqj	ujuhcld	tsrnlpxlyzfs	f
297	quhkw	gvxhsepacjunz	uqhjcnjhl	t
302	hpjxmkwcgoommu	mkatiucgt	zactgvxppmngu	t
364	xdvajbgznyieskb	siibpl	saokpyzhriddvhw	f
294	ohaxy	tkcunux	torrtcfhc	f
357	ysxtn	wnzgrkwlnb	hbfegkbcgfotzt	f
351	fkkegi	gmcuemxwxbqdn	uvuwxcbbi	t
339	tqopyep	prmbfecb	dwtelilikgru	f
322	qvoju	fykwwa	eerhtgwmdqqi	f
340	fqhkftou	locyfdo	rstvuntyoenhk	f
305	hatcl	bxdrkbkzjp	rssgxy	f
334	wpcyxiy	mlnheejjcucbmx	hzfeyhrfyk	f
330	wsuiqdujcomtfn	lqpnlvthkmrvywd	fzhblejmfxfkoac	f
346	jikhimkzs	aqawwamm	shkeiv	t
361	bixfoypagbmuk	aemxeqtsmmxcu	yeacrjo	f
344	sgligaehie	derzqjjumm	vyeohbuy	f
363	jbgjcsjihs	zwbes	xsgcuyqwe	t
335	knzriaypnzxlli	vjpgpsmlxyw	vthuhpimvb	f
321	qypwohbswh	esbmhpnuwujlvbp	vkffiexm	f
352	zxmjyawlm	flccynx	wxkkajhjkffheuq	f
320	fqlccrab	iusyxj	qxnsaayz	f
353	tfgjnhuojt	harozzlnky	lypcoszesmtxf	f
296	wadlboybydbkp	rkxnvhkahkayab	iaajjsf	f
300	sdrctow	nhqmfgaezquutfh	osdswvktu	t
317	eputle	ycsmva	wrvgcvbjgzknxy	t
316	fxrrwcuocgc	kzzslfasfeac	ikbnxhy	t
310	ltyampku	ktjojruocljljag	ccujyr	f
365	rxifmbsjls	yncmayck	muqfqeussoro	t
134	atyhfio	dxopttrcyp	aixyrlfjuzs	f
288	mymhmdddy	svxqofdc	rdrktggol	f
338	ztoooe	vatmpad	havuhklit	t
378	jbwycqhoj	ifznpaeohvrc	rbflwmhlxkjrtws	f
390	buspgubnufs	hbemwawa	rhtlrbuxxtryd	f
395	ifbfhngfruko	ipuas	puidj	f
396	jcchhauajl	xmmffse	jxylfwsoilnjou	t
397	lsftwmgiclwdvo	rzmsc	lxayelkub	f
398	fbqezbsmvrueq	cwslnkc	ibuefvsonlp	t
403	jaustoguddp	uhyjkmrqctzrhw	opqmrfvohezddb	f
406	slzgahjowpjqu	jedyjlpllalxu	ebapkdoogyvi	t
413	rsbpegcxu	wdecvlbhtwie	egfhnru	f
415	ymfgpwqaofh	zpbwyiso	qbehcinirxsvoi	f
416	hrzyygyorlcrfjd	joxjufloe	globpipwbrwatbh	f
418	lcacnktusfbwvuv	ptvjlwb	ofytgffoepeu	t
421	tkgebiev	bofqrr	jqwpa	t
422	jpniatwwnmpbse	dwhtvlzvu	wkstygfmvqquiw	t
423	mjifljlsyddss	mobqfvkigdmkd	vfsdeq	f
425	jeulk	reachakyysqa	euzvzrnybwom	t
426	yyjlv	gyxjrmx	jtrssy	f
381	uzonegtdjuyi	xgybickj	txycvs	f
399	fvnikykzbg	aatugby	pzjcaragybj	t
431	zeconarlaxhu	aaban	qfpcil	f
329	ssdxkmfvyrwzcgv	chjsqhpepzzwgvb	wenkuuj	t
435	qbrrkorenwxv	tewjadcxxdddn	qaizjmkrgyn	f
437	ypdcfywdnz	yrcloywvtqup	fatsf	f
438	mpevptm	awpzittok	booeocrjrvxulu	f
440	nxcerrxqvtup	virkilspkrdcqs	tavkommtkdhu	t
441	xghioqcteumhjdx	wvkafahaccaazfh	hbxzcbrf	t
442	dezdjadpar	tlytwltvo	ydjkrqcfwe	t
424	jrvixmnc	xysspxyfrssjk	fxhct	f
433	jwqplrrt	bpzuykvjlokcvl	lkkzccpmzkodhqm	f
445	wwyhhh	zullywngxreway	ckseoixikk	t
452	gsbpgoso	vdbbgtgv	blwzqwr	f
454	lwgusauvulc	ojernqzf	iczonebjz	t
455	gdxygc	kwdhharsoza	zidlkhhl	f
456	fyndfpq	bsgbwynhxjzxk	molkvajjxwqdxd	t
460	urmtde	sfupuyq	evzzjykkbmqii	f
402	uuwyxtom	dztudz	ntwpm	t
467	brvyehgl	uvajvoekkc	rmjxzthxvtld	t
468	wfkvycxv	wijwnymcefn	coybhamwzijkbmq	f
469	piiacuvbggk	shonganaxwhz	crbjyiqbz	t
470	rblkf	svbig	cvwlfvhejvxzpi	t
404	aiyilr	etrdd	bjewujd	f
419	judnlkfozww	dpsifrhimxx	jfdsnyczgnhvv	f
443	slgvhjxeljv	bqshwdtjrkmuglo	ijijxipsvi	t
405	plpsgcwqhnlaqui	fganixwqwhgv	zvgasumxnb	f
411	ripmjslvrjnhzs	kxbmopsrqes	yjwcofsiyqkdijr	t
417	vqnavr	bngkopkvvajfqs	yguuvgsz	f
447	snvqmoo	jybvgxdhvaey	wudxdjunve	t
453	kudmbcgyghdrqw	chdxdfqnuh	bmwruyznlessexx	t
412	fweju	xxdxxkaqqyfupqu	gvmsonann	f
444	rcgrf	peyurlrhnubieo	owsvrdictettxw	t
448	gpnxeapw	wfhhyvljnrm	abldvjfwpmfzb	t
450	rvfyyqwht	iddsz	azjspvqpubib	t
451	vyuacglbfb	yndzojqdvtaz	jkxxdkrzwbc	f
432	ffrgvfz	pwuydxeh	lhtqoxkzwuo	t
407	jocbwcxkov	dbkybd	zlzvnyoqxiwql	f
434	bxnljircxeph	lxbtftdcsprfcs	vzyzevvtyxzy	f
459	xzdqfimyt	jdglnbggxxrkbqg	xqfkzsnly	f
427	xppsjxvnnejfek	grxhmmjqbsddp	zfvmnmrrr	t
400	ylsiljjnqnm	pzkwzh	oyxyibgjopubo	f
373	sdnnxtusuq	dogdbtlxhgqbbpc	xyalllujrgcgvgr	f
446	lsynqlkxi	fhpvvehyxfoqs	hgstjepignj	t
383	betimfhrhfkx	toxhvuaxiwvsmy	opovvvrzhx	t
465	iipjmhkbudnqq	pnnlibsyj	vprhgokkulljgh	f
428	jebvsnyqnsitwtv	wqkbghbdeguo	qoimjrriuifu	t
386	ncakma	sivxywbkepbskz	agffrpawixjvkm	f
461	wfqptdzmo	iaeruoen	mzswedipqxfpfe	f
436	ceyvqgcezuvg	lnetxyyaoyhc	wbtuwqtfr	t
382	hfgldbqioi	eqfmamgz	ghgbvnv	f
389	xgyijfxqz	ucsrdrrmmrfso	eibmxgt	f
464	qkxunrpwga	qbacxxauceicu	jpvaayc	t
457	fqqvohmrkulayku	crfikganjz	tfjtrelwoquck	t
380	bhkbdbkscwuz	edgmiv	khfosryscdgkkr	t
392	twlvgo	hqbsbsvju	kclviszoyzqj	f
466	prfnssadue	bohuanrj	peqcezbrjopzmz	f
388	xyrpl	yhnsjuge	dpizqbsopmwlmq	f
394	mpkzjfbuwr	arpem	uxtduaxq	t
384	ygkuap	lrrrypv	ftbkkshzsetaib	f
379	aruvmchwejw	xvdwycryzvkv	czifsvtcn	t
393	xwfwmmqprx	bpktrk	vyrqpr	f
420	mprhmffqvayl	xfsddullppdd	mfxobmkndliwywp	f
462	jononvlgujg	wulaxtlab	urgadlr	t
401	koybiq	eqscngtakm	ievhkvkauuxfjr	t
458	ginyjmzegvjiz	ctqkfdp	yuohuyvqxvocnrh	t
391	agsgxplvirbspnz	udcbohjvga	mtyvmalcgia	t
439	ypwbjbguioc	fzmut	lnnyagq	t
463	tdoikqlhambmmlz	jsdaabkmgl	lcoqa	f
410	juvjyxouzq	mdqmkskauh	zxfhorzbpgiptmp	f
409	pfjcxujtioejoa	gybwdfofmnkwohi	usfgfsowo	f
430	ixykleazgfith	nciltpbwwpkooq	jfxrrfrehfvv	f
429	ixdmgunchhl	ywdpaltoqmptyk	rfmwtyjfmbhof	t
408	rckalkdepzmwcbm	hubshjignygpw	qdrwbqryt	t
385	ppzewntlewfsi	pfsfa	vgufwasgj	t
471	djerkmetbyja	htmwowq	guxpsxypaosj	t
472	iyyacq	jtxdozvxkbbev	nogdhyxjyqbseta	f
473	sdvbjlarybsjpi	qxnvvuietxad	aspdjbnu	t
474	hnjjortirazlunx	vqkjtto	hfnjrzq	f
481	uidtxxdjfniu	hqkesogtk	fzknszthaik	t
483	bdkdizhaaebqnjh	kdhjvaetrojs	umaqjcljk	f
484	wiobbsrdhavqfe	sojjqxxxaexxelo	zwqfq	t
485	icyhrblgbvx	zaznk	ffbep	t
486	efjdgouc	asdyckjagsnc	igzguhlsdrwyfzy	f
487	rbwfvijoqzlnp	mbjlairditnd	qvivbioozzzq	f
488	hliisslmuo	wqxjqi	lzpkhkxqyeb	t
489	wffef	fotkewjkmpobu	efrnqyzptyceldr	f
490	xgoxmlzdqw	ysgocdoupcfym	hbcczfav	f
492	jeoqvncf	kqjhlyfjqn	llwfun	f
493	nqrvnlvarjgwsiv	itlyjgqrxuiui	vzbmfvgdaapifp	f
495	mxgkiipxctbvj	obbnc	pfiovt	f
498	rzjofdpuhdfdch	fdetfbvwqtcq	dqekhktibwfaaq	f
500	jtszdfvenezbe	lphuyzraoj	mhtmvmzicf	f
504	soxkzi	zhwbucjsgcd	wfeslyetcwptar	f
505	czvgxj	ytkvfcsn	tozyy	t
506	bcvpyodtawcx	scjbvx	jyjdfhk	t
507	pftnwhuj	ncgdg	mydltamn	f
512	vbzfwqa	pzvhjgyekop	ndpqlrdpftqwrv	f
513	zgmiw	ssaftgbreih	hucfllwazh	t
514	wofcykcnnmsv	pqxblkq	jyjblbna	f
475	higfpjpd	dphsynabskg	lbiwqke	f
518	eukpneltdjwj	mmpnfhkfibz	czmctwkdpvq	t
519	atuqwayuthnf	sohbvzldjmp	djwqnmnfoktkup	f
480	sgoaghvwiccwaj	vtvjobsmex	vclknfxqyznm	f
502	imajau	ustcg	mlniok	t
522	dympqeziquup	gbdqsymzl	vbwcudtuwucqbdk	t
523	hiiuhhnqcsfqrw	sejbugtt	bdevnevs	f
524	fennte	uemgvehbbjk	aezuu	t
525	nbhoktphvil	dfisepuvk	momegnwavynk	f
526	iklwijwoufqhah	esuhncud	ntgqaabosffv	t
497	zqfyaqzjck	sfqyrzkgx	zsvyiqjjddmf	t
528	wattroi	ueppvqmppcnkpwo	bwkpvacmilxz	f
529	coqdxewwgaif	gyhtosoycmdf	lyqjywn	f
530	qhrwygnn	yvnqsysjkanulhy	dsyvxkzbr	t
511	jlduflqkctqix	ybafpgjde	vaphmmaanwiuzs	t
531	khgrifrhcavkx	lpeipn	rzunshdmjtgstx	f
533	dkcdwdkapdzmj	jkwsgwvfhhm	skbofcshntwfy	t
536	pufcfmzjmifj	iexinvqhkh	viqqxlosrouubv	f
537	hlcraihpdtxgava	qbfiomp	zyvpoml	t
540	myszjh	redek	igjvqihgdtrsy	f
543	xkqpjzjbnzowx	viyyjtgnyv	cqrjsrdjbsg	f
546	khgxbmcdtqrpbb	zgqic	jbtby	f
387	zbtffrnivkeelpq	udxyjppysygliz	depbmqxkzsvfem	t
547	tvint	sidavgedtmpcyjg	lexepgx	f
548	teztyctwcx	lowjxbsevtb	fwvoq	f
549	iewedr	gabnnucvfctekx	sgsxzzqc	f
550	iyniicbgcin	uabajwttgc	xcjqglzhmcoace	t
553	gorficotxkoh	gjevmhcvtdqyddj	fhasewf	t
557	wbecth	rafasuztujjo	levkjjc	t
559	ofdikwaewdnemj	ghelam	aqdfovihnhcq	t
551	mamaxgw	xcsvhiyz	ktiwjcpta	t
544	eugrugjdcxq	ytdlsglw	cojmpfbxdasltcb	f
563	srvwcwpsmucrznj	qvgbkschokxsr	jhptqgyshnmxq	f
564	cwvvucvaacnj	wvyfni	oanigh	f
558	dyhdoawnapuq	kcwdhrhcgzhtck	fslpfaqdrwbpaq	t
532	cyiridwj	uqlkibzdbg	xsxjlibwdtjliq	f
517	dinwwywlxd	azgywipkfaqaki	zdtzfdc	f
515	tkkqbmbniliz	yygqzpme	ryoivsiuc	t
541	xvpwvh	vqjtedfewvt	cjojcsoryfmdaip	t
538	zvwkfjmuii	cqlxsdn	wsgxgiugamrk	f
555	ctbygeszcbcaf	vgfrbyoefznp	huvlqqfyvhnruk	f
496	yhgnanrhvihprg	icwzqprm	qpyyzan	t
539	vevggmwnbvcwen	uvdksfunafrrxd	drodfrtlgimbgk	f
476	qojnq	nmbdfcjclpwy	otqlehrnwvc	f
501	ecarbmaboh	ltkxb	ceyhl	t
560	usupvigwycrcj	ysauavleu	ppwnkslmtmeepf	f
521	kgiayka	ppbjt	ixgaqtwmovos	f
508	avvlfwpijywbjd	owctk	vdylo	f
516	zjvbpm	cfwak	hpluxid	t
542	iubxratbtbo	fmrctzielp	bjgxtksgzk	t
554	xpvcxhi	lpeoyftswxszyw	hxnbzwoaop	t
503	hpmrtqilamthbgm	ixloeustq	jxrotjt	f
565	uvmcribatbljt	roeplvrf	dvbdkzyyt	f
478	enzotzuybkfrvk	iyqagxz	wmesnjvuubj	t
509	kbqsthli	izlecdwie	ujwdncu	t
98	zolmbrov	vucebxzdhpxhb	kyxpijkacjyjaz	t
494	pktxq	aamwbbokcmygq	kfzva	t
552	oyrswva	rmovkczvywiifl	drgdtpzzl	t
499	antuaqyrqqev	uhwcazagav	ygwvkid	t
545	hkylbpqqgdrhqkr	pryawi	rlipw	f
556	scnwkbalvvry	rmxvlbqplwcw	hxfrwigjsvox	t
477	cfsam	fmolixeuaar	zgjegg	f
482	oelyti	wwuvy	fxocwmglxduhbfy	t
491	axbwdilfyw	cbzfhyu	qranqzhmx	t
520	qigkbeivh	xvjymtijghh	gvrzeuy	t
510	lpjnjazxsrmfo	ohmnld	liabbogqagqbe	t
561	gspxrx	eoywzrwdivox	fdqkumd	t
479	urvvgkzdesl	kfftgrsketymlzh	vthqadgdwxre	t
562	bhpqkvldw	euymh	wzseva	t
527	jstcpwazub	gtosmxyd	ykhuusf	t
566	gafvjljemdbdvso	tgzrvgmcvgxnzqs	jmukau	t
567	rggkopwn	erargqvqnbjsoez	pxciyr	t
568	mpxicaugpsc	mhcytwgdzr	bikhu	f
571	mobcxbfuaxjtzs	ukgadeae	zlepizmnwzcxo	f
572	cmmwruezzvdbt	helvb	olaesazh	t
573	bnknremdcvnq	yhfcc	zzvmn	f
574	woqpqmmbesp	cczqsg	fqclzy	f
569	qjgqtmeahdsnuej	ouihrlulivrvzk	wrrnhlabpsgyxd	f
575	kbcosythngwb	jizavbanosxrl	lbkfuemgtssq	t
414	irnmbejzxsxwkbg	hfauqfnd	lqsqnzadfyct	f
579	xommerypv	eoftefz	nopepaudwqu	t
234	eakyclmsiuj	sfjrhlqbiffbvq	ysfgedjmegsyiam	t
581	brxheggxaaisnr	obdgyeo	ipmtordeltxu	t
584	mbbfjxerfbsgds	byidzmml	bvxec	f
586	ijutrs	snuncavot	meakjmes	t
587	kovueasqnmmpc	kwgvlfdvxrijzz	xfjwvhwzkpeh	f
592	wfnwhg	ttohy	myzibmft	t
593	zdjvnfepsp	nmtnp	bokorsgkyyg	f
594	rplebedq	bmxosogon	jcoskz	t
596	pqrqhjsh	ssqxapjhaqrat	gxchfzmslnql	t
597	gmggnoa	zuuqzwr	kbalmaeolst	t
599	qnodydlwut	mwmkx	zasbolppgaxxh	t
601	fgstwrdbhagztu	vflagylojbxoqdy	odtncd	f
603	tbxurulwnb	psgdseqedd	nsihmqldvbm	f
604	tppuywqideb	yeltdq	iifimcqzijfkap	t
607	iumdsjyximtj	zxjgqdjmgkbbw	ayuhctm	t
609	bmxrygqafeetsue	vbblyrpbxary	xiugdsffczr	f
585	npjjvtucxga	resjefpee	bwcqvptoicgfuc	f
611	fyxzos	ckrvocxzmjsx	vzkcsmyzct	t
612	ibwquthjtm	zakzywl	wlafvusc	f
608	hcyywiuxj	pkyrlug	tmamztcnjnspby	t
614	iifruypiuon	vgwkra	ghmpcvhmvyw	f
616	wjovs	tluohlhs	idoqzpfejs	t
595	veolevpyyufxkap	afilrtwmwr	mhpztrz	t
617	ymswgypevtkwdm	ktkchmcwmdbjda	luichckeqyfno	f
570	bsbntxnqryl	epyctvhqfpghki	emolqurp	t
620	wlvmrbsmi	pdwxqdemz	tblmy	t
336	zoxcxqyhbzfvd	rjvksysw	hjrzocrrgb	t
621	hvargyanz	ygrutifmgiaj	enxwyzjkexsy	t
622	kvpzwpv	nlbwwbnj	upqmavnkupd	t
623	humkbirv	qnxafbz	smefn	f
624	qysnfzsyuk	kqqhyduhtayw	umuotbqp	t
628	bqjzfhnqx	higujgfurral	wzoqqxfkfrwhfsy	t
629	dwaumouhqy	ndlafopjzpxfvd	jvhbwytypp	t
631	emzbncxkhaj	twxxldiqxmz	gzgbwzolsbhmez	f
632	pkqqccvbenxbq	hapthxpiypburww	qpujyypogkcbf	t
633	tjrgigvwtfplhge	akcdozpp	xgbluo	t
638	adbvynhuz	vqexmsagmf	enhsjlbv	t
639	vfvknkmvakucz	xwzpu	tanqs	f
644	magjzbqzfqoxs	xypntyfm	ksmyoaxp	t
645	ukrwcecnr	byzmoarjebahz	vhiirkylyajkhuu	t
646	ypxzmmhp	sryrx	macvndhwoofhwh	t
647	tzxkofzxfwfbub	tmxiaaxiensuzaq	hcsxtzjxitafmgt	f
648	gfdukxhj	zxhpawtzrkhjjg	tektjdevioxzq	t
649	iouaa	znnnjbmhaqpx	cwotlorf	t
640	iuwbxolwxhs	qbecufe	lembjaxpye	t
651	sproyxsssket	huiiccspbzirue	fwszal	f
652	hydmtcp	jxhhqordi	nkgouyuonjiriq	t
605	bqpwmrmgnnwblmu	gwlytmnijl	prtdxe	f
653	iwvfjkyoyxfwgob	vtntbmdpjjobg	gpzdksvna	f
654	mbhqxliyuhq	cxzredbvon	asfgfrsd	f
655	wfevvzgapxrj	wzoelz	bvlxevd	t
656	uxuugnhrmugs	sujcvyiihgnynx	siqxftomxhyx	t
598	ovnve	syprmevlatp	yhzewzzcekve	f
625	cuclm	fowkmicf	dkgiadgxdpjgrl	f
577	vaqhepp	ozapcjjx	bzanpdxwchpvrbp	t
618	ynivmyeyp	vpdcnegu	ecxanvcul	t
602	ivnoeeodwh	begwlb	jnorscdjwy	f
588	zhuuhkolk	mmrheyswgin	xhoyi	f
610	kbuaafolfxc	rtaxqbiv	pfbhhagirlq	f
591	ruvcmiv	cvtfahplxkymy	wwkiwj	t
615	ahahpgosa	nvgqrnqferwpa	wgzzu	f
657	hikannyhsmkez	lxkvgvel	ctjgwspzoyszla	f
636	zmsccy	kypiokwymprat	hvxbuioahxs	t
606	pjecasr	nnwlowkgpk	omcxnvlgdzy	t
634	wivuwaftqjesfbi	eviquzvtnjko	dobvbmaenpd	f
650	iwwhoyo	qarxkzyygfprs	xmggqlqyfeqdno	t
635	djwvald	bucwee	zcxcyohls	t
576	vrzylwkpsdgx	itpeyzzkmoyuh	liodbnctdpvuaj	t
578	zsoxm	fotybpywvhzmbw	wjgxpvdtfbvao	t
642	xtkvyhnnacm	hhxme	hibityzvfxkqgpt	f
658	lfaimluhjs	hjcdr	xdomylysenf	t
643	pqshghpz	pxrhjvctirf	aaffvgbbq	t
589	xpwwkzdhqwnbvjy	rqtiopelxcqb	lipartphhz	t
583	dbdnxjdyri	ansodexhlataw	ibbxao	t
641	qilzitp	nrbwotqqszyewso	mllacsksuzeeap	f
630	ihmkfrjxz	didbm	qifcoer	f
580	cmlgdgbsawtdotj	mvwhe	ayusgrbylhviabd	f
582	qszrlfpxx	hzdgnn	eepfotccxaohl	t
637	ttmvrqyhdahhhm	eqblbgkxij	toxaswgsojuhf	f
619	rkitritapvfgq	wntwps	cdogpugohi	t
590	qfclvjxcemtlq	suxnfifldenech	prpqm	f
600	nrkyvkpbjurxesa	slrzrpikzfv	yfmus	f
659	wznwrwh	vxbjviuczffrpl	gbgftuhzbm	t
661	nnowtraejwm	pqrxsxdhyezaw	vytvgkrot	f
663	pdxsieaafpnh	yxvuphyvcaaci	ktozzxhfypp	f
664	acjxalgzehai	gjaiu	htlqamy	t
666	jygtqufredva	ropxxf	pyadmtqvpb	f
668	qipkmbm	cuecybu	imaxlbzri	t
669	buvtm	jmwtqbra	mcuzqupihvqt	t
670	oryjzmcsftmvmkt	ajfyvrzdhs	rikzd	f
672	ydyahoec	fbbvcahwvmhkygn	pajekczpqgfqovz	t
675	bwvdsdiol	crsckuoqrgdlm	uyvchtsptqgfwj	f
676	oxjjqhxknyd	qsjtvhsgjisnij	wqmlgteseldtrqs	t
679	cwtviffnirhasge	xdzhnpgivjssx	povmrta	f
680	nbfbvcqm	vqxitbygtfzjwt	dejfhntypzdqby	t
681	skwvpiauiyuuyw	bgwkeefgrtf	tgytzvlm	f
682	jczsmyqgjrg	czypcthfcdbjc	xcmyj	t
684	yucrzypz	jvpozczyzuio	jhhhjvxxhcd	f
685	hkmllfjvghlr	wcgyey	znijenu	f
689	rsphf	xcyqqwfcaroqjx	cdlsvspmddpuc	t
691	zswrksdra	kaetritewy	jnbwmszsenwzap	t
692	sltjckmjchkgl	crwvbv	ifmpfq	t
534	pjpsizmc	aqdasvglids	csghjboyinroaud	t
693	uhqzf	wwvgcce	myoswpymlze	t
694	pmshmwey	pfiddctyovn	coqzektpbt	f
695	ijixmyqatll	hqqmrxtenr	ncgtdlib	f
690	qmgupvljnxdyfme	kxoqdzt	mfnjoloswnic	t
673	ogwcgosyiqncxny	opxzctxvvnux	hjeyo	t
696	zlvmhsrl	usohu	cqrbroysxfst	f
697	rkyukgb	xffjqavojwq	cteklaaju	f
699	sipgamtmcjdixm	zkiadaybvouykng	rddjxr	t
701	hkyvlxkp	ehkbvwkbtdwilqd	yqxfuvco	f
702	mebnpthepihna	uycuyrhcs	meymesxljb	t
703	mukgajr	twiqab	ypniytfpelmkqx	t
705	sogjs	vjcwmvdhoee	jcpwrqlhqlatflr	t
706	tgaqhgvoq	ccmvvuwzw	dkloif	t
708	zprigyqizqzsktw	xnbmgd	qfjzyrespjikab	t
710	tknzifigiqwsn	vbeoef	hbmawtrimghead	f
711	fednnqzsvmaqaph	guawrujiyqcpr	tatxqpyrgtdwnc	t
712	dwimmzi	tmgkifbgsoe	kejxzhzheehf	f
713	hcvxklfwzqv	lqeoqckchvjxw	kkxovdtzhcz	t
714	vashfb	eampykydmafcgh	epgqzuxxr	t
716	uyssflrjteqypdt	puxaazyjsyitvq	fbaokmqbewk	f
718	axictzpshnx	zxqoll	kgupbiqjgbai	t
719	fbapkjulz	jzluhpzcurgcaf	rvsuh	f
720	ciotyimec	amjdwl	tppknovtivbp	t
721	skwsihttet	owimo	neefuma	t
722	rfwpdvdhpxyjlk	yklgpj	bbrhsqbnwte	t
723	pvcdx	ewvsarrjimsuje	fgtjboltl	f
674	bsavesi	nblmzfgphgn	lyctxmupltkhyvf	t
662	fddxwqfmqsm	ncnkqt	qljraxikveya	t
725	zluyebicnexn	ulezm	ddoqm	t
726	afbjqoolckuvvu	fqfitaiyihirtkv	zftozfhjnu	t
727	acucihznhn	mvjhpfcod	zbqmirxwb	t
728	xagwynpvezkg	yelxthrogoke	lvhvxpvnxmhabju	f
729	rrddhgpirujk	ddvkifhlgslfyvn	puwqbpmtolw	f
449	kfzqkxfzqzs	haxgepojmfpwqkj	lzimsblkop	t
730	lujreyqdy	yjukbbpvayeg	ajiukih	t
677	qepte	wgrkzoxfawgeouj	dburduxyxgdrbt	t
715	evfqwh	cnnsksxuszov	rburizb	t
731	ujvtfp	dhzgwwxccxhll	iwamlfarkwwj	t
733	ayagqflvdcilce	glxrjnummfxono	vritktbs	f
734	vxxtrf	bzolbdat	pklayjejjvifi	f
738	uavxyhvtlomblb	lvmstbajb	tpyftkfzfcm	f
739	ubesowbhejj	eedxcpjcvuqdtv	hvjdxxft	f
709	uvtamsjuyqrunvn	agaaofkwmtpbjuf	uqwxiygqibj	f
740	xlqboqgdquyq	ludufhtlmgr	qdmzjfsxrjyiws	t
741	ekmgpeot	tjalfcegtfjp	cxvllpcslbzwiy	f
743	vblsl	wlwnjkprmvllpb	qhhpeesggskh	f
613	acqwodnvvx	ankwsnrcxpyv	pfectiafxfvq	f
745	obcnrkptayjmh	cxjesobcq	gzzslvntdoyk	t
746	dpupvj	ihrxgztiat	fsmqcxikh	f
749	imvobkzajpgvs	vbcfearuur	qmlbev	t
687	yrabgdt	vgwxkbyqn	khvlhxrce	f
700	vfdpck	acyucdmklj	argaspindngtexe	f
750	lpurggal	zgqiekolzqr	wttuvdnhcwe	t
665	wtnamrpfuybxq	rmrglpkffn	fsxzfqgrpmqvb	f
627	vnfiliyl	cvwoxlukcrtjeld	exhndpdamlru	t
688	obanfcoxrfex	aadblvc	uerjqvieeem	f
747	fbseoroxfr	zslumzngarq	qtybhsb	t
737	pjzqeg	efejcnsyphtyt	pinxv	t
707	lbdhft	bapbdzhxhs	yoiczkujw	f
748	ahpatj	eenvgydhfirzn	aapajcsokgnev	t
724	pfxvpsudmkxwjqj	nrnxxc	vwmfdfykhbxmsp	f
678	mjrgtemsa	gjklegnhljvgbzh	tmjdxwpdks	f
732	gdwhub	btqfg	qxwshtqmheaqzqa	f
660	paveolarxc	cdemyirpqet	hjnvcmsrnka	f
698	enskkcuy	tcztr	wkniwfxlmfdyaj	f
683	kohmiull	pxjfzvzxudgzr	ilqikvyuyutokv	t
742	skjvp	hyboaqfy	cgyoneinbwozgja	t
735	gvelyxjygjvvqn	kwjwgbu	goghngnu	f
744	ldrtrz	muazbuzej	pspjxv	f
686	mvgis	yysclrs	puupov	t
671	ctbloo	yfnuphszdw	pbstiofzbpuc	t
736	zfzaioczqhdbabc	oladhe	qlstumtwem	t
717	lnuzupgaykxvw	yjvgsdmbx	ttjqnxmcsghvm	f
751	ffmmxlk	gbavhlpjn	wpgxannjnswzrx	f
667	rbrjkmoio	gpdxlrey	gcxeksmqngj	f
752	oghxfbqd	idteooimnj	sjtjicgfdifldyw	f
754	fmidipd	ztiphhan	baszqifnyovyo	t
755	szukrumjh	huewqjjvwgjyyc	hjijxfp	f
756	lxjtckdqn	zulrrojnrt	tafhrm	t
757	bcreuzixlrbr	yoovqnymqjlhn	xwrnnqec	f
759	kxjmk	ezhlfiwk	hbewktoqjyqfa	t
760	aqegmopoawaqdm	kqopwnk	rquhblnex	t
762	tkvgjx	emypmglmsmyn	qgycngfjdyclf	t
764	huevbxjjox	emaburfveg	llueey	f
763	lgsouetqb	yhfrf	ymsjiiaspdcszqy	f
766	lsshvtrpj	eyruhl	ugcjuolh	f
767	mtubnru	bgkqzl	obshabyki	t
769	mdcbqg	demcnwim	kyibyiiumm	t
770	kqvrvdnltjvbvt	bjuxbewt	odsppbudux	t
772	yscbttmci	algxadecryzcx	occvba	f
773	zeezwbiyquhoi	hqalhdsanll	gqddkjcbyimjpbi	f
774	hdasuheotvt	cjsipi	covlrb	f
776	xbolx	qthugkvbnxdwp	dximyvvgbkuh	f
778	tgvqkwjcqiy	hfdjyd	jwfocpkgf	t
779	hganrelzyzbm	fxrurpkxlqsf	iyqjmcan	t
780	lihqcjax	upatlodnecgnv	quidiug	f
781	zecglbubbqbcwjh	mjqveybq	peztlynfc	f
782	oeoqtifilblz	tckznvworqg	lqoemsgfsmqsmgd	t
783	vgdgrsnbuou	ertwghstwyy	uusdeffa	t
784	lmucxocvtpj	quwgqaoaw	wsexadutr	f
785	pvzhkzpq	rpbpirriyfvgtk	klatp	f
786	nqpyafifasir	adglkvimjwyrllw	zzqcuvwhyc	f
787	perjqg	xbpmchklhfwtxud	jtqmuxobl	f
761	bpkwqccpu	vdspqyor	fgsajaeanun	t
788	urfnaxalbizrs	uccaipfhmjavudw	bzaksuwwcmmtrn	f
789	qjgpbzmq	dvbtecfpj	mcsyjatjjwnax	f
790	pbhzobk	czfyadjeaqvbmj	opldoahiatmjdye	f
791	badwwjaouetjtk	umszb	tuafyfkphlvqb	t
792	itygaaggmszib	zcnwxm	iupgzeffahb	t
793	lwfcczc	huamhg	hmusqfsnfjm	t
795	uhtec	ichznjze	afnblzmukmun	t
796	zhhuaw	kadphthziu	olognwcqkxxdkkk	f
797	vlqvkgjmxopsfhj	uyiywchhcdmd	kligdngfhnkf	f
798	fshggfjvwnpynm	pewrq	xjhzl	f
753	lhsbemirjfix	kghypyinzc	bfxjcvabu	f
799	nxiwvykwhbptzew	ktendccx	mfmmsouhubmdeax	t
801	gfisav	lvugs	zqmebieehgatqzc	t
802	pmybhwquad	iabjpznziwwpeb	latdnhwvuw	t
803	bafpibhohtqk	bluwveohvnzqyfx	fnjljuzl	t
804	awrwdbzfkljiv	wzlgzewwqpaup	fmduajqxc	f
805	udospmcaorhesxk	mivookupdkpvy	vkusvlcippo	t
806	ojrphsjc	etcdn	mobqhkmeqiz	t
834	hrmjmvgtkcv	mbspforer	uvhcrohfx	t
807	uawbnwm	hzabrvmewylvvb	kfylnfhgaqu	f
800	rcgdllku	vvszqvlvmmyb	cdhtgwuqx	t
809	elaia	qnrgkroljqr	rijhhpmvhhgkery	t
811	bblchfmhl	gyodsdxyxtp	rafgdkufmhwz	t
813	louoemhbkii	gontaz	lwhcfzgx	f
814	uizjbatxinpmif	tdmvf	xxazquo	t
815	cinbb	icetmgsyq	khrhaybbsyw	f
816	qgpraobxvttjt	zgriiovdyfzxf	oimctmzdd	f
817	gbrkb	nkpdozgljoee	deqgmydr	f
818	yisnm	gxsdankeqkgsbx	gnqintrxsp	t
777	acyhdvwhfywy	wgrlgwctf	lqlawsdnffsx	t
819	axbjkrbxsoebnd	vtffeka	ijukqze	f
820	audfx	gkiieishkvnx	psrfqefjvqpvw	f
765	ycjbibi	idbztnewgk	rcmkfikjopdzae	f
821	cvgtqkwytaklx	wbynmsrzxi	sydptxng	f
822	ykjxcpjte	wybfmfxbdob	aolbkfyqe	t
823	afeinmzx	zbdpy	iityeucbgmntt	f
824	ksspoyljyg	wuxmjyjzl	adlkoq	t
356	sgzwogofhesuuke	yrewntslofujgf	slbrysvmdradwoy	f
810	eopifwhggvakq	aasswgbzhtjvhk	rkpurhvll	t
825	spyzrs	wtgcchkzxzu	oqywt	f
826	ebcbesyrlceo	vpwdqrdxvftg	iwwgvins	t
827	kmetzc	gpmxhxcea	uhipocihswhezg	f
828	accpsprmkz	lqxicdfhi	cpeneedkhuqovxv	f
829	nwdukxzed	bcqkau	oifyjvdtt	f
940	ejsviqqfgsfn	wzmwixhe	owvhpe	f
830	lcrozkbhjeaamf	msetafe	iwgrmqyfzgaiwr	t
794	dmjdaer	ksyie	ktrtxuwfvcvt	t
831	przgmgf	mynarvvmptbuw	euywshuavgqjmir	f
832	zzxfwzaaasgxaps	dkpodoe	whmzuzjgsrawu	f
775	pluglykjwgaj	vabvqewxdn	hcyfwpehlr	f
833	cldgacsti	jgydy	eilmnujmnhflv	t
835	illgdz	awqzlsfae	zaciqziy	t
836	axbxbsxnawerkon	abzrxigzks	iavrccplozzwqsf	f
838	ngcvgxsfkeoa	lmgphkfvgrcw	zbgtsybaqgiof	f
839	ekrbslxiivgy	geswswrbfdrew	mvexnyw	f
840	hqjuhmd	ubmtfo	uhxtktf	t
841	clcrkimugxoacn	syejnjwz	hpzzkly	t
842	kvrfzxd	oexgl	agtfetx	f
843	byccvduzik	awrufysylmxas	fpuyxihxftultml	t
768	dzbhqat	zsgpzunpyhghn	fhogb	t
812	swqkbgrvsihuaq	qpcqahmsfsm	ifebyzkrkukm	t
808	vvkcrnhdmjrc	exgun	vzdzefuutipdj	t
844	mpdweu	zqzkcuizpbfzhle	xafppwagfnltu	f
758	jejttccvoqrnrcp	xaoqigtciw	avnsen	t
771	gxdbcgdwjrg	ielxeozvsxlfl	kpydyamieanju	t
845	txupvrgesybx	dtiovaoh	ritvopxau	f
846	vieewdt	bzovzygvmni	kogtn	f
847	tgxib	dsdvwa	ziyjmyvtoieck	t
849	udnipjvp	lubmvktbhckibmc	lqrui	f
851	ephhacppqqyp	uetavdod	qvdspkvvjhc	f
852	lzqujer	vdtmio	wjlipgxx	f
853	tzzrsb	ibrinlld	egtqktkzyyn	f
850	wjrajab	zzgzfwwowhwr	wbfmenjq	t
854	kuogfegpgciv	ustneyuzytps	ldzntyljv	t
855	afnyeqfz	jvdjgzolypqyez	cnyldsbspmsojjz	f
856	xnvtne	vnvlu	okfniqgpzluq	f
857	ebeggqksrh	zrwzakjhluxdws	mpgykgllerddur	f
858	whlrtxoixvnf	wmfsiyd	ihcsfqkvvh	t
859	atsvmvth	pshtcrmijfdpcq	ibfvzggoyxa	t
860	xspczvzulboss	ebuxvjddjytzpzw	zewnpulywecvp	f
861	vdiifmqaq	uiktor	bbuadomypiyb	f
862	njfobvftgdmuyyy	itvriwbq	pywqrkdjkjalm	f
863	jaevstszyjbsk	hdjjhnttvotsmsb	kabubwtr	f
864	hnhoiqtqrvqxn	ksdsqivvjn	sqbbm	t
865	tojsgekyluxrsbu	ucaoi	mbwxmmxyp	t
867	tfdvlajfzs	kgsxsq	wxlowicxwb	t
868	taoknfsvobb	nqoyzpf	itnmatvqjc	t
869	yjqym	mehwpko	runxfnk	t
870	cdreoniie	wurhdyqs	kldsrmjetbcngt	f
871	rianewceke	bqnup	vlahymtqqjvqjlm	f
872	rqkhvbmdpypos	rcznsso	ugppouabyhqwyhq	f
873	rmxcuh	yqhbcwscui	wqwpbutlvwrph	t
874	xluysdl	bgnbfhrpcxloa	asgnu	f
875	qgueip	qstwqrfdb	lnsvvqhhgvvpcw	f
877	cgebrzjjwfcjs	ubmevrfqgyuq	dydrkcjwmjqi	f
878	svwptns	xuwbtkpjnq	jvxcadm	f
879	wfxyzglfyplmkbj	fcfatgerat	lioenr	f
880	jfpeinpnbakbd	fpzhc	ctqiytth	t
881	ajaoejj	dlwcryldnvb	mazvhr	f
882	hoviaxjm	udaivxykrbhxgol	enpxotxneitoegf	t
883	igwuvtat	xotpmawaxwpns	faede	f
535	eldzeyqwxqkddwu	bobvua	ebuhgkpqicmzqdg	f
884	lysygz	xgyfm	hemmuy	f
886	izednj	fladh	ytgwzavjkrgtroe	t
887	tnjxfceoyn	xtqivdsdnjfehi	auibafsygvarle	f
888	ekjidqcvmpashv	qykbagt	lchqsksn	f
889	kluim	ceircdp	vxpwvcvdiy	f
890	rfsufzvmiznhqnr	tpuzcpzfoxo	yepkilwt	t
891	ulqalooyc	jnkmqllajsiz	eaujcqppqym	t
892	guymcihobjqgu	ejyinucuvy	dlocbkdcflou	t
893	nzicfchii	uuqmccgh	gvosu	f
894	ktbxgk	afbowwvgzbpdftr	xrtjjyxcipggwq	t
895	zlfqhcfnjpkg	fwpmctdlebfgwtk	ityumwxoqk	f
896	zfpjwkfgfdtrjn	wuptqfodg	yvrukpwde	t
897	ikljssqpwe	kawewyxldtib	rffrsebojmdxu	f
898	rindwpjndc	jsfvnbhqukmwt	uuaih	f
899	aodfayxhcui	hckvkd	utpkucjahk	f
900	ieezvgyiwd	rvanvz	ifsvokj	t
901	yoblfslvyzmufo	wlzodjhfpmmdxns	ahzvgzxhujtmthn	f
902	zddwpppzrcn	pzkavim	mqpam	t
903	umjqpsur	uutoh	feqkymbn	f
904	kravlyuhcerct	pteqm	ucqlgkzmddp	f
905	dypvw	bfdoeg	rurwwegpojo	t
906	cqriojn	xgxfwa	ajwsvuzkmjipe	f
907	ntiqrzde	sqqnetgmkyypsek	jzwdwgxohid	t
908	jjtduv	ezgbwh	ixucmk	f
909	offunpdnss	nmfpwm	btrmdguvlyvy	f
910	micjz	gbrezuyzggrzm	lhvrubo	f
911	jlfcj	lhctqo	oapta	t
912	sklpavxtxpmuzzh	xxgnnfadmykgj	ukmdelaua	f
913	qgmioa	ifmnfudssmqavv	oigyjl	f
914	vhdbfnnllrbkex	uixgay	llwqy	f
915	qezqdgpadawyfqp	osnhnwurctazex	eidgaufvunk	t
916	auzseuernmilnz	lizjuylbt	sciobfjgrrvmi	f
866	gtaxckan	pixvozwayrrkr	drtbvjqnwgcovz	t
917	wdsrksufluz	nymsg	bnvbvqld	f
918	klenhndc	ezqtwjme	yzixm	t
919	hdfdnztgdinmes	opvumefv	ltpurtdsvfbjtgy	f
920	ibczfdrcfy	czkuvbarqxhpf	zqnioekewwdbtg	f
921	erszvpndrpj	aylumrwfggbpeb	yqtnjsfqxq	t
922	cnfyenvmhb	azdsdtjwcye	pclktfkp	t
923	oeibyr	ogtnoqp	uhkyfwf	f
924	qivotreq	mkrqllcy	bgngu	t
925	rzyyoyqqip	rgsemcttddhm	dvozzryqybrb	t
626	rkgzqliwbzrnlbm	ucouonheidnzdym	fyzanlgilo	f
926	nupvoinqvnpoa	bmitfoy	gegec	t
927	wojdfklggsuad	xxlbmjktnyfboh	nkkpmsrcfhrm	t
928	adhrsekutakty	sjpbtlzzhtqj	ntxef	t
929	sdeijc	rsincuvd	luiim	f
930	fbpldf	zvyqnw	vnxgcxcgozesig	f
931	mxrfnnqntqo	kzcvuffhry	houtgoirtvmcmq	t
932	hwspqxvol	byrrlcpg	pcgltdrbeu	t
704	bttzikus	uqnhdpyuxzqkfd	aholuvckchvbxya	f
933	reaiww	iiezd	epcsodw	f
938	uxzrwrjqbvyng	nupitphfqipjgv	dgizjopkgc	t
934	ftfqdvnzf	izgzzvieapo	bdrgqctpihgthoq	t
935	bvnnjfotash	wrxmurela	xyzlhbnoakcxk	f
876	ndyyxjrvpnvaqy	flufmwey	ochkmczuc	f
936	zutrshqodaa	hlbijvd	tgxsiokpb	t
848	wpivw	ffuyl	grmgvmdgm	f
885	mamdfhkuwlvo	liujlnvikx	gkaljuabnmrs	t
937	wkotufhewvgml	ccuxykdetjd	zxwrwvnqh	f
939	nxydxyu	wkmbpata	lhehz	t
941	hyrdzniqjq	cbtzx	tdwjnmnc	t
942	wjjokucfnsuvr	akdsvxxlgoy	ooeajlvqdew	f
943	ranxxunr	jcghto	wmkwxfps	t
837	qhytv	wbswrnoyjs	hehnndsnaevtfcv	t
944	xxpev	obqvhr	hxidla	t
945	nzgugurdvxkrh	krjeea	zdwmbralme	t
946	uceaginukasn	itfchurfj	gwyawjdwr	t
947	blklctaa	ytojdfw	axdhkizrcib	t
948	lngyzecsxnudpq	crmcxyztbyggtg	mqaiqptlipyqn	f
949	utyrg	olwjlmosnpuddb	jlgftyopttc	f
950	vryxxckezbv	capxdkknee	oisemgozpnbbgo	f
951	chnnvjre	oaaogjblusjlg	slecuhnpyacljx	f
952	tunvrzori	qsvgjy	tflduaagufigz	t
953	vojpya	frnlyer	npevqy	t
954	abpilvbkql	yunplb	ivfvummlnr	t
955	vhzplgrtzhwrz	wsraffxbikbexbg	cgkuawewtytdus	t
956	rkxkghfvhvqs	mldldtoyawgkqx	rqcdzwjtlcziq	t
957	ybknb	bnvhwyvas	zdfsyiigzwf	t
958	iwlhcxjarueunmn	wvvlgbod	atvtih	t
959	wloho	tinwntiwdeg	ihuvkzj	f
960	kuuozpp	auoazwmhycnjbv	rtidp	t
961	ghkylnkiaqkleq	ajagzdmpun	nhsvyvdzhkvr	f
\.


--
-- Name: customer_id_seq; Type: SEQUENCE SET; Schema: public; Owner: testuser
--

SELECT pg_catalog.setval('public.customer_id_seq', 961, true);


--
-- Data for Name: product; Type: TABLE DATA; Schema: public; Owner: testuser
--

COPY public.product (id, name, cost, amount) FROM stdin;
29	fcqojvcnoyf	469	851
39	okmdlyfnvksdnqz	590	634
7	bhtefledtxigwq	124	6869
22	ygmiydpoin	257	9018
109	kgayyoawgikg	575	1521
6	tzclpiuustezas	110	3360
56	mjtgvrros	445	7140
49	yulmngmsqvq	445	3663
92	ytgiskzq	614	3873
62	dgptns	296	6654
15	afqfub	224	7131
101	sgvtd	342	4171
75	zszwy	634	4279
40	rkqmevvmvzb	784	5035
86	gsyix	61	3934
9	jjpndmksk	335	9520
82	ymmhs	809	1343
70	mqmbobqk	349	2694
26	ekbrq	882	6359
78	lmagnwnooori	108	9076
80	saomxsv	357	1592
105	dpgeteindav	928	2250
34	alzyxwmmyfncn	354	3490
16	amiozujabmton	943	7903
47	jrdlangpakoybwq	686	7179
27	vxbtakuw	895	680
94	olyifknq	312	4613
77	wzuqyegk	776	8079
72	dtytidzipbkyive	730	1284
21	pyaqmcyruhidkml	965	1326
30	nvfgsarw	477	9561
20	qaxrd	717	1175
64	zcfjitvuhmsftea	590	2042
111	yppnsioilsw	998	236
18	tolxxn	674	2825
33	ufchaq	169	5642
53	ihjaocvpbv	327	1154
97	mpdthztrlgqt	895	4012
68	smvwoeytwy	782	5593
57	qeouldoolabwh	841	192
38	kkyurxmhbpwsac	281	1873
96	oipahr	52	5415
93	rhnvuip	266	7796
71	zmjohirda	762	2796
14	grtxypedzikjurl	471	5048
87	oxgvvvdfimk	61	7390
73	lpvnxl	778	8306
98	qtpkojqwjwjzb	55	282
23	fekakhmvaoptbpi	648	75
100	gfbkdzor	743	3304
88	mjzyw	295	6120
61	jwicq	961	3031
60	vjvegxlmcy	800	5094
19	cymxc	703	6301
84	tncigggv	576	4639
65	iyitcrev	250	9260
11	mowiiadas	760	5477
12	dkzmpmte	209	6244
106	ypnfqyqlvxju	134	4844
63	nacgyemrms	54	3973
37	ittapdhrpbucfh	712	4027
107	wmhrhfqtpcold	156	605
99	syhbomjvujefqoe	227	44
51	glvmzxzlhqfziz	104	191
10	sgiix	782	201
76	vfhxuuqthhryp	36	9991
104	whrpfmc	230	4193
89	capjekxdtszvgme	902	6862
55	ncbujzpyafqxb	933	3501
2	ybqoe	397	6127
8	zrtmcnh	795	9670
35	hexxyh	562	2669
102	lgftbfhgyrsmddb	198	4476
1	gsslnnozjyjyh	201	7949
58	cpxdyojmmrnsmac	627	1038
79	wcrorndoopg	74	5415
31	rqsmjqrdvm	27	9964
95	folkl	313	306
17	zjkivey	365	7870
67	xvucxkmlmkxsvae	749	1930
110	zbcirvbtji	213	2468
91	kedwluf	397	2362
52	cnhjdx	672	9259
54	hxitem	217	6769
90	wvjcwpqpokrhb	335	3974
44	atqjiaymhahwpgr	51	1246
59	eoqax	851	3891
32	kxejauziwzj	419	61
69	iyqcsuvo	872	5283
3	swmox	564	6847
83	zzmkxocaya	156	9241
46	hydpctr	280	6175
45	ihmzbpypgfhl	798	1803
13	uitaowvhzl	545	7199
41	uryfor	333	6106
50	zpgqcgmkb	224	7979
66	pvruiapvangljoo	683	5782
85	pkzkx	172	4086
4	bxmkwhiclmpmise	161	6776
43	gyscnieh	232	4341
42	wjxwllaoagndh	382	2730
25	qqmvw	142	9193
28	bqjxvoafypqbrq	775	7446
74	jxnfyagxqauw	685	6737
24	akkzuf	978	9513
81	bdkonnmpabczj	755	4621
48	cwwepfegmqeacl	855	7167
5	yewuozn	381	5043
115	oeqjssvb	141	2147
164	qabkka	130	2656
117	jsown	621	6560
119	aturszassbjm	69	7070
126	wivkrdzgnbonpd	328	9239
128	rsvnx	216	7162
134	pndinvkcydqwjhs	567	9320
181	mdigjqfnvsdf	426	1050
135	quzvrozogx	372	246
139	yneyafrzxvwxf	280	657
143	rkphwnuefuuez	59	8415
148	cnvoefsewiy	473	9734
208	rdlhl	844	8688
150	oftujjlzbt	850	5316
152	nstwbhjtgpwqcg	33	2468
153	oyjjdzalaa	999	9795
217	hefkqeaaeiznta	742	8698
36	agcbcgvggajnwg	338	2810
131	lzcsrv	95	2111
162	hznhun	766	9125
189	vwfjmfqmwf	961	4445
108	voirrtcjprjwe	54	6504
171	rkvrke	790	6253
157	fhawkjyzdtv	327	2938
168	vivhbzwvibwlz	150	3540
174	qvsdiqsbppvkqgs	376	9215
121	iywpmkt	686	8960
177	yizolkesmn	494	2341
179	amhkhfxfqgrkxkf	903	7190
147	gevin	505	428
182	snzybx	898	8816
209	zrbjtrvjwb	494	9805
190	qnvuk	404	4581
146	hvcqf	134	6230
188	nxaxb	516	3061
138	dupoqxokgetqbn	842	1823
142	huern	554	7754
136	krqbhcjq	466	6703
170	xuklogmxur	582	2622
114	hlaovuahlnzr	921	427
169	oskumvhk	937	2614
183	zkfwiakcv	279	9592
120	tqxweeuvuwye	909	3191
210	jdxfutgzn	37	7055
192	edzabptsgzkbsng	95	8319
214	wyzrkreweraxxj	421	5032
103	whpyrlroompsr	760	9580
220	vpcuhisn	6	401
158	njnksu	652	7762
167	sxkwkfmjohyw	629	6860
137	bmnhg	946	711
205	zzptogujzv	937	3910
193	sxtujfltiuui	674	272
154	gmvadoqj	642	1783
201	rtlgxnbubayhhi	67	4394
207	xmwaaf	333	5671
141	kedplrzxffajw	453	4255
122	vubvbmujjkgl	418	835
199	vllexztnfshkxpc	856	2560
144	ylryopvwk	673	7464
184	asuidoszftshjo	8	574
123	bhcjooaahiba	274	6719
203	umwlbzkuyc	97	7837
127	ftkzjmjdatbqe	563	7809
165	fnujvrfjnvtnafx	137	5893
166	eoqma	37	9401
130	fdmvijpzjxn	164	3352
132	lumndcd	227	2467
163	ywabmlmvkymlz	941	3948
149	vtejfbulicq	857	3116
125	nfhzqmqu	309	2436
206	lwekjykapiojysc	159	8409
145	toqhwczi	442	8171
200	ofbpmsfcreddaad	552	3397
215	nxcpgq	692	6090
133	ipemfe	407	3652
186	fyyhmjr	869	1337
112	qakvaswdi	423	701
173	cqopahligv	894	8644
218	tpkmgs	845	5452
159	rgcgxohpoqeb	787	5505
124	aqbzgi	730	3932
155	qyfcuurknv	21	3125
195	erisbbhmxf	968	9603
129	kvmsg	126	9668
160	lninfvaornbhnyd	94	4803
151	uaamuclfv	674	2175
211	wgwbwrhsecmeuqy	641	5919
213	ezykrclkywtu	838	5565
194	iqffscscgeyzj	980	8229
175	yeveyklyvqitag	797	1068
178	xxnqn	913	8160
198	rhurrjwkfhc	929	2411
204	cbksnzvou	194	9536
176	rriihyafdhhw	814	5800
196	uofdj	889	9444
116	eycmfjqcjassc	804	3108
197	hanqusgtggtmt	910	4688
113	tptslcl	486	7489
140	siwcxvkan	46	6028
212	ltkekxespfab	181	8107
156	dfmptflijdpg	831	354
161	rtziwlnekd	328	3882
187	lrxfxhwfoxs	524	4328
118	ddtfqbsvzcuv	350	6918
185	qfacxqhdslmsaa	781	7767
202	fnpqix	581	3300
216	rgjxfqrtckhcetb	191	4369
223	ftlpozftk	497	2006
237	vnuloh	547	8819
238	ahqdhhbd	126	5211
243	hbculchblqim	205	404
244	exuecj	157	8094
245	fjzhxvxoofc	410	5944
191	cdvfcr	39	2619
252	ywxqdhpzi	153	1173
249	tzyvixkxwijwth	539	6389
256	edewyhsrduup	127	9318
258	ynxqgz	969	2438
172	puizusyigznrvh	8	5809
269	randqayiepap	68	2899
222	ntxvkx	67	5052
270	wycbo	697	6834
271	vacoazgokf	587	9101
278	brntjsbrtqyftwm	394	1207
279	erkiorbpo	868	890
280	jncergmupxfvsfg	606	3660
255	nibtmglt	347	8213
285	exwyajmskllm	51	5142
229	tbfmmwbpiale	700	3837
319	cbzflkbs	462	5567
315	jkmtttbgolcyb	501	8909
331	hdjemdrbldvzu	125	2996
329	hzbwa	312	6831
284	jrputribf	506	4693
297	ygzpupih	35	9619
233	nxbwfi	34	8202
304	tggxjgocfey	883	6954
235	zhysohufsux	792	6387
311	uwhtjbosfaeanb	729	6403
307	xkcinnsxm	211	5771
312	lreouixzyilf	350	8719
320	pplzvdcg	19	5753
230	uxhxsteuocpnyh	904	6267
325	zuixymwql	976	6369
302	zrbqj	725	7215
322	wnyxpt	337	3286
268	mlhovnnqa	381	9321
326	enfdyjxgnmxbg	79	8831
262	vbipkkhlttqik	504	4762
231	hhosdv	909	8469
330	fkkng	443	2353
224	wwfkgj	531	161
257	niiyflejikyybpb	766	7051
316	zxvwisacxdxrv	236	7352
301	hctgtyjmwqpfrx	271	7172
265	hiidvjbn	942	4874
232	zagpikpfvnxh	518	4591
296	ynnkrdvdnuhwoco	408	2623
227	tljqacldgc	648	6638
288	jbtvexovxxweczx	66	5015
323	quxajzdsa	657	1563
275	awwovvpaea	628	6522
241	mvufxcyhqq	763	9638
261	xriglz	772	2743
290	ljpla	358	2909
318	yizsnbbrhhfar	666	4076
314	sntuizbmtzjszs	496	6182
299	tofnkbhwcnrg	496	1794
276	cbpgutj	375	6917
236	mdvgnbdrh	171	5498
228	izlcguhzh	953	1588
295	smpgxezzjja	541	7347
313	ffztiwwe	76	4451
298	mpejojg	913	2374
260	ssmxkgjizeqp	776	5062
282	qeoui	954	2127
289	dvujh	620	9000
273	uwocmkiuudchq	636	5125
263	nkcfhlv	557	2557
328	pemzuasoax	99	2559
291	chbhrmxcrfv	789	6693
300	rypikpzluvkkf	330	3818
277	sruotrvvo	185	1731
293	bwndfrqbky	373	4522
251	jiafwhngiloeu	301	594
250	agsglaqwflswl	521	6264
309	pwipem	128	2902
225	aygazke	860	8469
254	kpmikaanmrdoifr	684	5643
292	brtuwiamie	865	4704
321	hwmzzqobadz	949	7168
221	vzbxqtvxtgugvtc	693	9337
287	qsmkmb	86	8233
259	ajnmkgroror	275	4388
306	fdjxtquw	819	2030
303	xqesedsalje	46	9885
327	hrscrg	47	6981
286	rbqirckhmxwq	661	234
281	pwpsoykdzbt	255	9154
240	tvvbdvdihrhccw	655	283
272	harfqehgheg	928	5033
253	wyzzuemlsyndr	211	8226
239	ggkjv	487	6243
234	xlwgcbknoqqw	38	3598
247	ztbit	165	4983
317	wgrwmfgjwvaf	475	2418
310	nceojlysrz	475	329
274	yvnukszijwsf	916	2387
294	dtmtixqawohaus	853	3077
266	vvaattq	882	6545
246	bpejpakgevlcqww	309	3656
324	olrxfmroecyjrs	892	2092
226	mbvtamsvlafnmm	956	8400
264	fleyluurrcyii	496	5073
248	vpttkqhfkx	662	6881
335	xguojgynsz	591	4659
336	drqynmsotanv	839	5774
180	oatpnbtnvrij	763	2137
340	iaveplrymznvmu	850	752
342	tkmrafhrnawmjt	188	1945
427	kxeuvdfu	947	5871
344	gnjffrwimuyuzpq	951	6647
350	xjonrizh	832	5778
351	cucumt	857	1422
356	sibzmwu	642	3355
357	mdnjstaknyin	69	7843
401	xxgbgxw	103	3258
362	woikztazwciorl	637	228
370	qwszqdokfaxrfoz	905	3306
373	ycgersbp	52	2349
375	jolgkcemlhluhg	609	9858
379	mxbzxl	291	1922
380	gowudxoly	890	9120
381	mpfivpffyysx	196	6523
382	odvidph	502	4269
385	beolzmumxm	413	5581
387	omrcdqc	854	6723
388	knbebm	750	8671
392	jxflayoa	745	6805
393	byjjcctcq	208	609
390	nnqoyusahfco	512	3751
400	wkcvx	466	2207
405	lvdiusmdgzcv	751	2539
437	vfzpr	231	8058
407	dzlmkloeiboqiw	887	1652
408	kvumznxfvy	181	6947
412	irwqw	106	4369
367	usthcgitm	1	6065
417	qspxeeb	716	8543
420	cvwaafgjgk	554	1951
421	nxrocsed	757	9643
422	trpxgwuwoqi	98	6900
424	eaurccge	110	8565
426	lnemrol	543	6679
428	nmwmzqatkcbm	349	4739
429	afgnjzpphohm	1000	9038
442	hortckki	557	5195
430	rsfjozfinvgpoek	104	5253
436	wjxmgsstjt	882	1773
358	pljlhyxe	982	3258
438	tkuck	447	610
439	cxtivdv	312	6017
406	kuuyxmi	454	566
374	zoggvxn	839	2399
354	tppcsntfsksvlad	796	4708
399	vblbyiacaep	283	306
396	wmamikefxiy	484	3427
365	chicwlv	7	8724
423	dstncwztbbr	303	7358
361	cowkcfdqw	450	9655
413	dgybuozlkgtbm	389	3114
416	lzqelmhcvvikmz	493	7516
343	yngjcjsyoo	506	6650
425	lxeuskfst	483	471
355	xojqrnvqnkualo	478	2725
378	gwhzsilnwhdfv	517	5667
338	emdfq	944	4889
337	vtzevfm	52	706
404	psrphmwkuors	995	4874
410	gcwlmjldq	887	7954
348	vvexafrxc	707	7401
242	bnbnark	502	3843
347	hvyixoinwxd	430	1194
441	hljjum	934	46
349	mbzxxjnmo	454	6715
283	miqbgvnab	863	5733
443	oazmpmoqlgb	79	2297
366	wftxlugkohaq	942	7050
433	kusqfvurw	160	5136
376	arzvcxi	244	5740
386	ngkbcb	955	8776
403	fjppdbgwii	174	6136
359	brkbw	904	7467
431	vtkxahrfn	260	4576
377	htinnixjgvtf	108	1675
369	adaxy	64	5002
414	cdihr	187	9089
339	wehbkt	954	8459
352	yohrcpepeysd	664	6847
372	fkccz	610	1095
411	qjxzppqxvg	528	2984
360	kvygudke	101	7858
389	ojmpjqgibcmpzz	427	751
383	waauvw	289	819
334	lkvsu	492	5806
434	fidzwaadaaclzp	833	3595
341	dfyjwce	156	257
333	uepgwblqxmdqp	901	9441
353	rrkvcqwriyrvl	573	1601
419	ccyudqwiht	537	8402
332	pomtwouezojg	268	9947
398	ttqydcyqhawfu	375	2
394	mgprfh	104	9173
346	ihjeeguor	510	2338
363	mckgrvnbjzue	858	3036
418	cfrffjsylpy	39	3401
345	rdajnpmhhsqq	955	9288
432	wukbgkezir	290	6593
440	dhvwrhebfsr	892	8748
395	lkcckouqnyetxt	77	4557
364	lrnfljzcxkc	855	815
415	oxrzegcxqx	164	9510
402	vapvdsrwbj	822	3095
368	ljsdeggekaak	334	402
397	ibdsctasfia	364	8433
447	mzttshxac	719	6946
371	inmghihiqhtlovh	345	3642
450	sbaqlvwdnqxx	358	7586
391	pnpbmgvdsbsqyr	711	8405
452	pwzdwuqkesfe	299	3049
454	ksdllo	216	6482
456	lzusktywtaoviw	987	9505
459	hlnslc	970	389
518	vdbwzyobksslnw	48	3905
465	xlmslwsko	448	5395
469	gqcuinloc	610	2697
471	sgbkhmhyoaoepja	99	1987
472	xuruin	670	8239
474	wlmithhrvb	78	2686
519	kfbwldjjjqrtq	839	6390
475	ecbcmvds	89	6007
477	hxznhysijj	237	1350
480	qvzwjuiozcmt	991	7291
482	abzcejluufpcwf	830	169
484	gkfvl	62	6032
485	wutlbzszzuqdro	945	5548
491	thbgqsqshtaz	911	6369
492	pnlcy	75	1406
493	pgjsnjpsbamayv	662	1397
497	tskktfgupi	433	2093
498	njalifzn	20	7153
521	nfjum	691	652
499	bhneaf	374	975
500	rjrsryziz	779	5324
501	fbiwnehjuob	231	9699
502	chynp	143	8043
506	boeoimsqembksds	905	4289
457	ojbeoiswm	929	5975
504	rpgdtqgiwsquul	398	357
523	wmtmbzce	664	9563
507	uljvtinj	895	6296
508	ofjrozyewoi	129	4079
509	vcgroavzhy	914	8556
510	mmqjj	745	5831
513	nxbyd	528	3805
514	wblclai	825	1495
384	sisxjspzeegmwr	716	8181
515	eedvodpn	885	4902
517	sfvazhhtbvuyynq	429	4123
481	bpfhtdlfkcavrf	545	6146
520	rxmke	358	8945
536	rvnenahtapljj	736	1816
525	brsqpjadrtymhi	339	34
526	qafvrwxdnjgr	88	4438
527	zkapforodra	665	9734
488	lbskklcfdpu	592	2531
529	kzouevks	758	2835
530	jxuzzrhk	110	3353
219	uvmuwnhiuczxf	188	9217
532	asmgo	731	5229
533	catwvbvhmpfrxb	838	3633
538	hfthfwovnax	48	3082
539	rhyeflwcqrygi	317	2098
540	adzxmgpffw	79	438
468	qkccdhbouns	621	876
541	kqrmbmq	147	4031
542	ylzxfjleorqv	668	5829
524	peahwrcp	430	7168
543	zvuqjnaun	463	7230
462	beazbtc	545	8562
545	yqtwugll	779	5351
546	fwwogstyrx	297	9149
547	ihgyezwcmcul	960	7286
548	yempecapcdzb	231	6294
478	vpbhbgzk	564	7851
550	lmwveyqi	232	2248
483	chjxltgtmdlgsa	260	9476
552	pmgtprdxydy	432	2963
460	cbmetdy	50	9949
505	tlbdegcjldxizwe	479	7180
503	vyerwcdsmigikrs	638	6293
449	ewcvmoguomjqwjq	959	5736
490	kttdvmciqybgft	8	2302
495	ydirw	840	8103
448	hpehv	384	1155
522	mwhkze	965	4248
305	kvijopytml	275	1031
534	gxngfvkxer	768	5133
467	syxpkrsxuxvliq	1	1741
464	ktfhbtuxjcrldch	933	9926
528	zqebneefd	681	3936
516	yyiajggn	837	7543
446	jnhxtuqpojwwux	115	8625
511	nktmwcqus	938	9560
551	aejttxfzmyegvqq	796	3933
496	fnqphlfrjly	333	9801
455	tjrwmmyhexgoo	898	2536
494	usetczxznluzhbb	895	9854
486	ifngrgx	184	7163
466	egpckszeklxfa	592	8666
512	snurqztvaykiur	396	2613
461	peqlppjcmj	612	5516
531	htclo	646	9230
535	vllpjljlk	597	7147
445	jvwqicolc	459	3854
463	rzbmeqhbjxt	299	1564
479	btljczy	886	8009
470	wkele	64	4231
451	wfaggjdcrjy	500	5153
487	ncpulhn	472	7980
476	yhgkcnzegrp	313	7693
489	feoyxnqhwsw	789	1065
537	uclwp	445	4027
453	zzvczw	190	8453
544	lbcxgycxolxl	290	2346
473	qfaqs	667	8164
553	ourfwwzcyozffc	298	8430
554	qbxengcjugnssuk	804	5969
557	ysdyfgtmlqzm	854	5965
559	ufhzcllw	227	6238
561	iotbipgpyjwmct	822	2299
562	bnezg	819	4323
444	jxzisnql	826	7732
564	hagujyekh	877	5662
566	wqijtomoiamcec	835	7519
567	xjnexeg	641	9889
569	lncwl	229	1045
571	cwidjq	983	5533
573	zwclnvivhtcwv	96	3857
576	bofmfdpxeggzyx	8	3069
577	ofafunrqaswryb	286	2173
574	hvnzmhymz	491	5611
580	uinuiedcs	35	3814
583	gfioowauwzz	713	16
584	meiola	66	4229
586	djcxlzdvl	576	549
588	lyrpi	271	8848
589	gnvnriu	734	2266
591	bjhqo	532	2069
592	gcbnkkf	725	1553
593	mcarxmpggoekrmn	193	6829
595	qhxqebfgfxopaor	224	5672
558	ctjlqrhq	791	6122
597	xtzcgjbuod	516	334
599	xbnzydeddhvf	93	9422
600	plcewmiw	934	4815
570	acqthmyagzxx	356	2779
601	zfgegwgjqtngof	299	2750
602	xarngh	3	4138
603	mrmayrybbhqf	996	6142
604	lfyylkrin	968	9364
606	kixqhiluw	351	8064
624	pjyyp	310	1159
608	pcexbytbi	211	7571
556	mbrml	541	745
610	jpufkamsp	797	8255
612	dycqlnay	874	1407
615	erjrmeko	316	6955
617	lnqjh	52	3956
618	jjulu	234	8614
622	fjylk	961	7396
623	shnxmhfwaaqteh	277	2463
625	guefvrcyozi	68	2932
626	mdldvpvgaed	43	979
627	vcwgprjglqu	603	366
629	hcahcimeknzbbb	917	5423
631	pqescckpm	51	3432
633	wbjsrjyznwoar	933	6969
634	clcrfiw	659	9251
568	vtjtj	214	829
585	lghnruc	236	4989
637	qgedetrzphm	96	5163
638	ttizetdhcsegtc	583	1451
639	ahanwbk	846	9781
641	thoarrimloejipy	32	664
632	gaezvsabekfmhuv	906	9921
642	rlnske	108	1163
308	hzphbg	96	8887
587	slrrfsz	411	5704
643	aypkbpsscjxi	31	168
644	zamuuch	174	6321
628	ascvttylzecdhn	149	6429
646	lyguoghqnbhgi	152	526
648	wujzzyxpitghm	869	5142
650	qnahok	214	5079
616	hfwkrkatyntd	391	6488
651	ejwmxk	210	8672
653	ocemqkgeuy	405	9478
654	mqsirktyaozepxk	60	805
657	kzvqbnmam	92	5713
661	jkuajzwo	809	5108
662	tclbpe	868	5482
578	tshiwsmwrmfboyt	971	9646
630	lxyxfvhxictcve	124	4823
658	ltwardbq	349	1593
621	gvnghpdfj	743	8831
636	fmbrmrs	323	3640
572	twfdobgeavqp	304	9317
649	uezfzuyewfa	982	7443
560	smvchub	193	5136
613	dgutyevgbos	233	7894
647	bspfiz	384	7621
611	ucwuufii	709	9222
565	eyzecjhjk	719	7538
655	agfcrcqll	492	6187
656	gtudahned	590	6922
563	mijdfec	250	7050
620	iafypofwuvosfx	998	898
645	soqoppaa	55	7772
607	vpznrs	370	6037
659	pdmaxdegrvntj	744	5850
590	dskvrtwr	806	8923
605	kfbcpjt	550	7645
614	dxjznfy	127	2836
458	ujunqwdzfa	967	7585
555	wdlrtu	27	3891
594	tllqrkailomemzj	355	2114
652	niwjdaojgios	717	6933
579	njefwkrarvj	831	7776
596	wudrwwkhjftdbf	347	5807
582	spfkd	18	153
660	ztkldpvcyn	137	730
598	quzgfba	780	4656
575	jklhno	445	5307
435	snqwqhkpukkro	794	4425
609	pdkpxh	172	605
635	xgbblikqpprk	8	4731
663	iozelas	559	1906
665	hlfpmnsuyghv	257	3128
667	aszmtz	827	8494
668	nztkvggajnw	847	5518
669	oiutg	145	4446
670	rlytqrbz	527	6809
671	xapqitgf	881	3851
581	qiwcubuquavkns	23	5738
672	jshddartlonni	147	7549
675	ojevsanaymhg	401	9751
677	uyuwhttmgks	751	489
678	ssstumku	829	7190
679	clbbudqevy	969	5720
681	kxccgxdmvhobt	508	7850
682	uxwanldudhklte	810	5045
683	xkzjshlbabke	470	6287
684	iabzijos	612	2804
685	bzajxsyvwi	869	9107
686	mbbpslaveqeqxa	863	6146
688	tpbcmzuqch	73	8906
690	wcwowqmg	287	3355
691	mphwexqbntl	954	8724
692	tbmcdhgoewn	241	6501
693	etoynpwf	35	4382
694	ezrkcv	948	1460
696	efwizsszkcnoktu	491	8863
699	ioieidwofj	87	6423
700	zwvcqsngogbfsc	238	7962
701	rapmrnwtftowx	892	5460
702	dndhkvkouhhtic	216	439
703	sehptpzwyuiva	925	4764
705	nomncodmraxl	20	6357
706	jbkdnsyxtur	154	8212
707	kfiwuil	914	2753
708	jcmjluy	61	629
710	bocjcqhvy	922	9318
711	fgxywyenzvwayyi	412	6811
712	xufcbvqtkpdsvll	672	7973
713	scqjhtmk	160	432
715	mfsoaiqgqgoo	264	7874
716	lfclw	127	926
717	hrwdr	913	9112
718	fzqmbs	528	4063
721	nxliwdlhnh	201	5081
722	bienhlmmma	483	9637
723	msopftthqedbat	604	9811
725	hkprcztsob	766	157
726	msfzcp	387	9889
727	feypzwmkxlyzywk	295	732
728	kdrdwxbbrzdt	175	7217
664	clssimuqg	805	6557
729	hfzpwzmw	81	83
730	tduuzhbithtqt	568	473
732	yoluhlts	158	379
734	khuvwdrnp	930	9392
737	wfaxhbuotran	204	2832
738	fhxibvqsma	982	3263
739	nqnwi	921	5859
740	ggvfvzscbpnqet	887	8526
741	umrxyk	723	2224
743	rsssbafhhnwe	165	5825
744	hlmonbrshcioaq	828	1766
733	ilkitvjdcfdlvbs	715	557
747	jvtxmcczxqsl	419	770
748	siaptzhklgdaj	216	9194
749	asokacnsyp	659	9288
750	ekqoskhhustry	239	9065
751	qkuqvitnklj	354	8958
752	mdhndtnpbcg	525	6015
755	abwpalz	346	9567
758	dyglpnxtxjyjxvm	849	1996
759	zxtkvidzafthfd	334	6546
760	tuyvyqbsjdyr	671	8232
761	nhdphvsy	698	6364
762	cfaazkby	917	2991
764	ftmjzueijnc	196	6908
765	xolxsnofpmqaun	660	5466
766	zyhiyctjgpjng	76	667
767	jtlulj	590	3065
768	oqhgfrgoftmlx	940	7602
769	sfxjzjd	28	7780
771	qacebrv	535	533
772	qeaefxeup	561	6661
774	lypyiq	386	6610
775	xarfsfjyfitaz	58	2431
695	lwiqifdt	673	7599
673	zixmcpau	872	8313
731	kjhrsg	9	1964
756	ncyyamjkqkwfk	809	7111
746	kmifugbgnyp	297	6289
753	fsjbudkgy	553	2358
742	cucxitmem	132	4853
719	docwokucwyvxl	73	4842
704	lyxujmhzqtyvd	6	2681
698	uoahprrmbu	600	3940
736	jikdd	519	2459
709	stoqaboltiwf	18	97
773	vmquykf	910	7271
763	varsgmyxrcbsvv	481	9820
735	njrygygrvdomt	385	7204
757	fumtqdapkhhkct	413	235
689	zqllqfvgyjnxbiz	588	4481
676	gxuphqmazpv	292	7395
720	gkdos	122	3073
754	ktwnjoymcnwqhh	112	9320
687	lkgsssjgjuueiz	489	2399
745	oeihvhryrmfsdfc	448	1035
697	ksgcw	734	5430
674	rrpwzm	179	7309
680	tvgez	2	8733
770	bdsxoiskkijdo	105	2177
776	biuhrrligdgkgci	570	9016
780	exngcsyvqluwrhc	494	7473
781	whiihysf	534	8709
782	vgjqq	205	3154
783	mjteujfazpf	139	9370
666	jozngtwktti	276	4449
784	yggythcce	569	9467
785	egcsnhgun	736	2058
787	okccguy	116	6450
788	jfglrlq	597	5026
789	mfpforkohwlzwh	522	3938
791	rjbuzgpmezjoj	931	4808
792	krfqvctthhbnnz	974	5842
793	zvblaqave	314	7455
794	novdmqicfjc	116	4659
795	cihmaoso	165	3063
797	unzwmcq	319	7410
798	soxonwba	493	5550
714	tjmnbxtwpesrwa	667	765
799	fsbrckpje	398	9661
619	hirjyvbyhhcbm	992	86
800	excxppky	720	8184
803	covzokeeztyqchc	171	7500
804	izkooomxhowqo	367	4647
805	oegaorqgxpaonw	861	8237
806	rrdlfa	802	6169
802	yoipx	19	2075
880	ethlkyrenxq	774	8116
808	cxdpbqtjaqqnjqc	222	9707
809	jqcpfbuqha	642	3670
810	pjuoksuxtvxnt	895	2878
811	rkapyejxu	667	6112
812	qsntapbcsjpmc	737	9941
813	gpgwmiubmsb	795	9392
815	nrwihjhfbklej	566	9947
816	nqdpuur	358	1468
817	vcejzyvhchgik	544	7007
819	kgkrpvqo	910	3670
821	ejbbvcdc	571	8577
822	rlitwbgwkp	431	8274
823	yrcgvpdulntbgk	659	8101
824	wytwvr	482	717
777	svrjrhgjabsk	457	538
549	cjxyziklnepvrlo	512	363
825	hgkbkukvsdwiw	787	5791
826	ppmsmydmtlbgg	64	565
827	bqnlwdhh	959	1521
828	mdxqpa	277	1948
829	ufkmpkosmxukkwj	511	5456
830	fsgorqqsar	694	1592
833	yhfvygjmpv	111	3289
834	hjqskbigveugag	261	9664
835	qydwtfz	200	5975
836	xrdopdpntjtkqc	511	9463
837	jgjjxwq	140	2838
838	zwhrwmorn	222	6471
820	lxmgobnvjtvllxm	764	457
807	hoxlwzpsxuluss	561	2982
840	rnxqeu	596	4215
841	xclvldcvjyf	467	2336
831	yxvgopdmrn	271	5169
842	qbxvcryqtigoxyv	804	4410
845	hkqifvoirqhu	351	2638
846	ehmndhuwdzltzi	592	7720
847	huxupotju	137	8687
849	lrgctd	110	4735
850	favprzjbav	833	9729
851	fgbejyvbokhgjvu	923	4420
852	owwvwtkjpof	388	9054
843	hvqcvbuatyouy	536	6349
853	rvlskjhfkdq	234	1509
855	uvcpvfbqzmzju	106	6691
267	kumyhodkngblt	675	7015
856	jiwhobgcf	298	255
858	xpmskafjixkluy	303	1188
859	epzpyxid	501	1694
860	wwwawplee	489	4718
861	yhuhalq	724	7203
862	xebfjhs	67	2440
863	eyqavru	160	7307
864	utazdavpjv	455	2154
865	sgwjdyrkttf	961	9013
866	kuaxnr	693	7226
867	npjnsybcwd	365	1386
869	aueosgzzwpgnrkh	448	2880
870	ockswmjnkwyaed	681	90
871	ycablzeqc	690	4259
872	qiwrstjg	799	1452
874	nmpiroj	20	5267
875	hdbcmvcaxf	76	859
877	vfbkeulnpin	735	8197
878	ieqbsd	600	6904
879	gbrymoczj	906	5942
786	zlaxx	57	1315
882	owvdpe	553	1886
883	nvmapcpnpxxc	242	557
884	ekxqdvljrhcpgzx	203	362
801	ehcybytkbhu	615	3445
818	gcftnb	235	2088
796	anhxfuxmluhh	135	6012
779	tysuyrqjlmtjq	631	7128
839	qhjxvpfejbp	553	4704
814	sjgpegjive	24	3423
844	emnkoksan	381	1772
857	zfhiwtjqn	119	6255
832	znsetvfenqdxd	954	9257
868	fhctzxmyf	372	9875
876	injcn	301	4055
790	pgeuizcopn	276	5761
873	bmnfqvif	368	8079
881	kvoxvhxj	12	5491
848	gnkbykpyo	554	7129
885	aghfjifyzf	958	721
886	eyximmtr	981	8055
887	opffnmistbmiyk	863	8784
778	jrzgsepzrjdxv	292	7777
888	iscefxko	815	4090
889	lmlyiexaojqd	758	2263
890	vhivng	698	6841
891	vqcgzqzjinordc	506	4693
892	ezlqmu	819	4162
893	tkyimtpgy	637	8097
894	knisrpzrrou	128	4967
895	ijzowbhc	128	482
896	tuiqpehs	258	3430
897	kkpydctfs	101	8349
898	iurhr	824	945
899	wflafxluuxghnpr	782	3653
901	fcbgaxsava	669	4211
902	mpqnojar	32	8375
903	ustzr	349	8668
904	qwrmla	877	2243
905	syzqvtoeqv	110	9730
409	uhhwxjdpdqubd	962	1905
906	ifnbfiixdqshrcj	641	166
907	tfrgffavuo	812	303
908	qgyeknojmc	835	4511
909	xbdzqnenycpzvvp	852	9398
910	vkvqpazloujfik	168	3552
911	mfhgfnodkjir	335	439
912	xuwymy	656	4230
913	auetwxy	946	5039
914	eparvar	248	6394
915	qvxamtn	755	3542
916	uvqetolqbkdzfsy	397	4215
917	jddrlimowcw	974	7927
918	lwyzqhawtzcsvh	908	5034
724	bqzyowctbmkqgaw	411	198
919	sbbekwecskows	59	9990
920	nozunsqiwulgodp	185	3074
921	thgxjsxzrisckd	490	9493
922	qedixzunuwnzzy	41	4623
923	hhsbsoy	133	3860
924	jmzvekinbqe	697	3260
925	cajeh	745	2807
926	vxkitlrufxvrqs	954	373
927	ghivy	409	1391
928	tffkx	525	5178
929	bwzrhy	93	4866
930	yevht	314	1814
931	bskwnmgnv	863	2342
932	gzciqadd	777	8915
933	fzheuapyphbqa	467	8941
934	vvjkcf	71	9804
640	fzcsdzoxcwxdlcn	637	79
935	kqfaddlk	132	2146
936	uzljgzlffqzq	785	4661
937	awbumcuhukwbkj	852	281
938	oleoplnpsksfhzq	691	8218
939	fzykkgfpub	51	8556
940	yyidh	650	7009
941	xvtchcp	923	1463
942	rffunbyqed	110	6255
943	mvbikkqueptom	887	6733
944	eyrfumyrmpxthxb	359	1988
945	axkcogah	103	359
946	wocbyfjluo	952	8653
947	iwjhtjxnao	84	2276
948	yxxtwmb	347	8121
949	oakmzjqjhrmbt	959	9052
950	znsxvdwwslrxzt	167	3722
951	pjgaevljsdqc	974	7902
952	zgwjkkigf	115	6498
953	zamovnna	696	4276
954	rkhnwrjv	416	920
955	njugpqu	745	9026
956	jtgbiqh	552	5128
957	galldcwcxddj	602	8533
958	pesqw	772	9918
959	cgbitqbfv	894	8759
960	myniagsrshe	215	5503
961	ehgac	903	388
962	gkgny	32	4437
963	dzcjbarmfktxq	446	4261
964	vfwinjnllynlx	185	1376
965	nnnsgewtt	409	9496
966	cgnxebqqvrthiij	164	6314
967	srntnigd	576	5677
900	mhzyt	452	538
968	lnmwonp	544	2270
969	cjwdsnefbel	150	8098
970	rhjae	681	548
971	kxndkfvqrvghj	561	3158
972	qzdidjv	888	1685
973	qefvcbryxg	297	3497
974	ervzczhpb	287	819
975	docxya	446	1562
976	ovzwjkhcraspsa	161	9272
977	ckineugvuercxg	540	1173
978	xaxrblsneqozxs	287	7920
979	ywfjkhooelkscrw	184	6196
980	tdkltmdgxgncb	493	7680
981	tmnnrapsjznlt	521	8598
982	bpqzbbwyko	896	2226
983	yyhmverwvn	631	6030
984	soyszwdhuxswf	204	5358
985	nymzpyhvrxzz	873	2137
986	yfyiu	996	5115
987	tflfczg	44	2776
988	bwsgjqbmlcsl	230	6913
989	itkyjoesmw	495	8997
990	copqzlzrmvo	260	8598
991	rngudjndgf	284	136
992	zdvfiq	980	2979
993	esfsfdxfhsmwy	487	9442
994	ayugsicwpku	989	2300
995	hfzeqsqpxmw	948	7961
996	xjaialwsh	502	218
854	hgqdsjafkatvke	457	9323
997	weqnsmjy	730	406
998	hzozvxwi	642	7516
999	bubnxtuufd	751	9020
1000	jksjpnc	495	6278
1001	ldkpofumsrose	754	4621
1002	opjufbet	72	292
1003	djgzgv	802	720
1004	npuhrkwiomzq	980	1633
1005	yblqtsqy	172	6539
1006	ayouyokxbllt	507	4879
1007	hxjgjfewkrj	441	6302
1008	egbly	377	1424
1009	hljmxshgaklsxs	771	2874
1010	dflnclspjfrzrnq	510	1686
1011	sztnqdx	841	9192
1012	vxrvodtegijuy	697	1630
1013	zeehfwmmby	903	7454
1014	qxwggixgvv	218	752
1015	otxjdi	15	9214
1016	ovqerzregzepo	32	1801
1017	xcvbughtwkszt	474	4440
1018	quwniwelazklrm	840	6142
1019	fxdbrjbomkfzka	762	7224
1020	cfhdh	820	9368
1021	xpqwlyp	937	115
1022	ikosoxd	949	714
1023	jsspqyaydopk	15	1440
1024	poawkyuyvpvr	567	2966
1025	jboabfxfpr	119	2349
1026	xaisqbhftqwqgax	123	2537
1027	apszmaxutsgtw	381	5507
\.


--
-- Name: product_id_seq; Type: SEQUENCE SET; Schema: public; Owner: testuser
--

SELECT pg_catalog.setval('public.product_id_seq', 1027, true);


--
-- Data for Name: purchase; Type: TABLE DATA; Schema: public; Owner: testuser
--

COPY public.purchase (id, date_time, customer_id, product_id) FROM stdin;
21	1990-01-11 19:00:00	85	24
47	1990-01-21 13:00:00	97	26
90	1990-02-11 21:00:00	62	19
11	1990-01-07 01:00:00	258	10
74	1990-02-07 13:00:00	90	32
107	1990-02-18 06:00:00	448	85
59	1990-01-27 17:00:00	363	7
1	1990-01-01 16:00:00	451	1
103	1990-02-16 19:00:00	154	90
44	1990-01-21 00:00:00	287	28
2	1990-01-02 06:00:00	256	2
87	1990-02-10 01:00:00	287	28
38	1990-01-19 23:00:00	26	38
15	1990-01-09 00:00:00	173	8
77	1990-02-08 10:00:00	48	88
51	1990-01-24 07:00:00	25	38
68	1990-02-05 15:00:00	433	21
82	1990-02-08 22:00:00	107	39
93	1990-02-12 20:00:00	357	92
32	1990-01-15 20:00:00	62	19
8	1990-01-06 07:00:00	59	12
12	1990-01-07 03:00:00	59	12
34	1990-01-17 11:00:00	59	12
9	1990-01-06 12:00:00	369	9
91	1990-02-12 09:00:00	87	96
3	1990-01-02 23:00:00	143	5
106	1990-02-17 22:00:00	287	28
100	1990-02-16 05:00:00	146	59
20	1990-01-10 23:00:00	258	10
31	1990-01-14 19:00:00	150	35
50	1990-01-23 23:00:00	130	46
84	1990-02-09 07:00:00	211	74
19	1990-01-10 17:00:00	143	11
35	1990-01-17 19:00:00	13	18
85	1990-02-09 16:00:00	90	32
92	1990-02-12 17:00:00	381	67
29	1990-01-14 06:00:00	889	16
64	1990-02-02 17:00:00	889	16
18	1990-01-09 22:00:00	80	3
66	1990-02-03 16:00:00	88	40
57	1990-01-26 06:00:00	802	31
104	1990-02-17 09:00:00	130	46
41	1990-01-20 12:00:00	74	29
67	1990-02-05 08:00:00	57	56
70	1990-02-05 21:00:00	138	53
97	1990-02-14 01:00:00	56	98
111	1990-02-19 16:00:00	57	56
40	1990-01-20 08:00:00	358	22
108	1990-02-18 16:00:00	190	48
112	1990-02-20 05:00:00	200	99
33	1990-01-16 19:00:00	88	40
6	1990-01-05 10:00:00	156	6
10	1990-01-06 15:00:00	156	6
88	1990-02-10 14:00:00	310	27
109	1990-02-18 22:00:00	357	92
113	1990-02-20 10:00:00	32	78
99	1990-02-14 22:00:00	477	61
25	1990-01-12 19:00:00	310	27
80	1990-02-08 20:00:00	48	88
63	1990-02-01 21:00:00	87	37
5	1990-01-04 12:00:00	256	4
89	1990-02-11 15:00:00	363	58
28	1990-01-14 03:00:00	258	10
78	1990-02-08 13:00:00	363	58
27	1990-01-13 15:00:00	304	34
54	1990-01-25 10:00:00	304	34
49	1990-01-22 22:00:00	88	40
7	1990-01-06 00:00:00	250	14
16	1990-01-09 13:00:00	250	14
52	1990-01-24 14:00:00	284	43
14	1990-01-08 12:00:00	5	15
23	1990-01-12 04:00:00	5	15
94	1990-02-13 04:00:00	363	7
76	1990-02-08 08:00:00	41	71
55	1990-01-26 00:00:00	110	25
98	1990-02-14 04:00:00	87	37
95	1990-02-13 08:00:00	605	84
17	1990-01-09 18:00:00	451	1
65	1990-02-02 19:00:00	102	68
102	1990-02-16 15:00:00	310	27
37	1990-01-19 14:00:00	80	33
53	1990-01-24 20:00:00	173	8
61	1990-01-28 19:00:00	173	8
30	1990-01-14 08:00:00	451	1
39	1990-01-20 06:00:00	250	14
72	1990-02-06 22:00:00	250	14
110	1990-02-19 07:00:00	250	14
62	1990-01-28 21:00:00	258	10
81	1990-02-08 21:00:00	258	10
86	1990-02-09 23:00:00	48	88
101	1990-02-16 14:00:00	248	52
22	1990-01-11 21:00:00	143	11
36	1990-01-19 12:00:00	444	30
71	1990-02-06 12:00:00	444	30
13	1990-01-08 09:00:00	373	13
24	1990-01-12 06:00:00	256	4
43	1990-01-20 17:00:00	256	4
42	1990-01-20 16:00:00	451	1
69	1990-02-05 20:00:00	364	80
83	1990-02-09 00:00:00	369	9
105	1990-02-17 18:00:00	369	9
96	1990-02-13 13:00:00	173	8
73	1990-02-07 11:00:00	802	31
56	1990-01-26 02:00:00	608	42
4	1990-01-03 08:00:00	256	2
48	1990-01-22 01:00:00	143	11
58	1990-01-26 12:00:00	143	11
45	1990-01-21 09:00:00	256	2
196	1990-04-01 07:00:00	554	166
184	1990-03-24 14:00:00	240	139
195	1990-04-01 05:00:00	12	203
137	1990-03-01 17:00:00	569	119
124	1990-02-26 16:00:00	58	20
126	1990-02-26 19:00:00	73	20
168	1990-03-19 17:00:00	13	18
210	1990-04-07 06:00:00	87	96
142	1990-03-06 05:00:00	65	115
212	1990-04-07 19:00:00	363	7
117	1990-02-23 03:00:00	338	83
213	1990-04-08 00:00:00	13	181
178	1990-03-22 12:00:00	569	140
26	1990-01-12 23:00:00	156	6
148	1990-03-10 09:00:00	814	144
163	1990-03-16 05:00:00	121	152
121	1990-02-24 17:00:00	351	93
226	1990-04-15 03:00:00	444	128
143	1990-03-06 15:00:00	477	61
118	1990-02-23 06:00:00	143	5
166	1990-03-16 15:00:00	640	104
123	1990-02-26 01:00:00	182	113
181	1990-03-23 03:00:00	195	174
115	1990-02-21 16:00:00	53	76
155	1990-03-13 16:00:00	146	59
122	1990-02-24 21:00:00	191	41
187	1990-03-25 21:00:00	48	187
157	1990-03-14 04:00:00	769	111
204	1990-04-04 08:00:00	149	156
206	1990-04-06 17:00:00	106	115
127	1990-02-26 23:00:00	365	70
161	1990-03-14 22:00:00	211	74
216	1990-04-09 22:00:00	143	38
217	1990-04-10 01:00:00	23	178
129	1990-02-27 15:00:00	56	98
135	1990-02-28 19:00:00	56	98
177	1990-03-22 11:00:00	722	69
160	1990-03-14 18:00:00	107	137
173	1990-03-22 00:00:00	260	154
201	1990-04-02 22:00:00	620	91
165	1990-03-16 13:00:00	234	165
136	1990-03-01 01:00:00	763	118
186	1990-03-25 13:00:00	191	41
151	1990-03-11 05:00:00	176	157
170	1990-03-20 14:00:00	548	109
197	1990-04-01 12:00:00	173	8
223	1990-04-13 20:00:00	444	30
182	1990-03-24 07:00:00	261	94
138	1990-03-02 11:00:00	107	39
175	1990-03-22 03:00:00	130	46
153	1990-03-12 05:00:00	138	53
169	1990-03-20 07:00:00	234	165
214	1990-04-09 04:00:00	585	44
146	1990-03-09 00:00:00	141	127
221	1990-04-12 23:00:00	374	54
128	1990-02-27 05:00:00	248	52
185	1990-03-25 06:00:00	142	153
144	1990-03-07 05:00:00	234	101
207	1990-04-06 19:00:00	435	202
152	1990-03-11 17:00:00	281	155
176	1990-03-22 09:00:00	289	132
119	1990-02-23 12:00:00	74	29
130	1990-02-27 19:00:00	74	29
141	1990-03-05 04:00:00	185	65
205	1990-04-04 14:00:00	185	65
183	1990-03-24 09:00:00	200	99
149	1990-03-10 10:00:00	386	145
188	1990-03-26 20:00:00	652	183
145	1990-03-08 20:00:00	501	134
140	1990-03-03 18:00:00	72	82
208	1990-04-06 22:00:00	188	171
162	1990-03-16 04:00:00	351	93
131	1990-02-27 22:00:00	363	58
147	1990-03-09 07:00:00	250	14
134	1990-02-28 18:00:00	99	106
139	1990-03-03 14:00:00	48	88
132	1990-02-28 03:00:00	131	108
218	1990-04-10 18:00:00	345	189
179	1990-03-22 17:00:00	310	27
120	1990-02-23 18:00:00	41	71
171	1990-03-21 06:00:00	41	71
180	1990-03-22 23:00:00	338	133
219	1990-04-12 15:00:00	271	122
172	1990-03-21 22:00:00	72	82
222	1990-04-13 15:00:00	239	194
154	1990-03-13 08:00:00	234	101
46	1990-01-21 10:00:00	256	4
189	1990-03-26 22:00:00	62	19
198	1990-04-02 04:00:00	91	158
116	1990-02-21 18:00:00	433	21
211	1990-04-07 14:00:00	240	139
125	1990-02-26 17:00:00	57	56
225	1990-04-14 18:00:00	363	58
158	1990-03-14 08:00:00	373	13
215	1990-04-09 15:00:00	373	13
133	1990-02-28 05:00:00	107	103
167	1990-03-19 15:00:00	138	53
159	1990-03-14 12:00:00	131	108
156	1990-03-13 19:00:00	121	64
199	1990-04-02 13:00:00	338	83
190	1990-03-27 09:00:00	580	45
174	1990-03-22 01:00:00	144	63
224	1990-04-14 04:00:00	159	170
192	1990-03-28 09:00:00	338	133
227	1990-04-15 21:00:00	677	205
200	1990-04-02 15:00:00	554	166
209	1990-04-07 02:00:00	641	214
164	1990-03-16 07:00:00	472	57
194	1990-03-28 23:00:00	477	61
79	1990-02-08 17:00:00	143	11
114	1990-02-20 23:00:00	143	11
234	1990-04-18 03:00:00	223	208
243	1990-04-20 13:00:00	101	117
247	1990-04-22 15:00:00	141	117
309	1990-05-22 19:00:00	116	162
252	1990-04-25 01:00:00	94	114
255	1990-04-25 13:00:00	272	32
257	1990-04-25 20:00:00	226	25
301	1990-05-17 07:00:00	52	321
202	1990-04-03 13:00:00	234	165
260	1990-04-28 13:00:00	53	203
262	1990-04-28 22:00:00	174	110
264	1990-05-01 05:00:00	66	246
266	1990-05-01 09:00:00	5	180
248	1990-04-22 20:00:00	150	35
271	1990-05-02 17:00:00	24	115
150	1990-03-11 03:00:00	74	29
220	1990-04-12 22:00:00	74	29
274	1990-05-06 17:00:00	233	120
281	1990-05-08 10:00:00	149	74
251	1990-04-24 22:00:00	444	128
286	1990-05-10 03:00:00	38	62
288	1990-05-11 15:00:00	265	112
290	1990-05-12 08:00:00	242	187
276	1990-05-07 05:00:00	107	137
292	1990-05-13 04:00:00	39	187
338	1990-06-05 03:00:00	576	274
294	1990-05-14 17:00:00	82	253
302	1990-05-18 22:00:00	381	67
261	1990-04-28 20:00:00	763	118
283	1990-05-08 22:00:00	520	173
305	1990-05-19 14:00:00	39	279
296	1990-05-15 09:00:00	158	308
324	1990-05-28 21:00:00	814	144
278	1990-05-07 11:00:00	374	54
228	1990-04-16 04:00:00	154	90
279	1990-05-07 13:00:00	80	33
316	1990-05-25 06:00:00	188	48
293	1990-05-14 16:00:00	586	283
318	1990-05-26 20:00:00	292	152
295	1990-05-15 06:00:00	451	1
321	1990-05-28 00:00:00	72	127
329	1990-06-02 21:00:00	87	96
299	1990-05-16 17:00:00	87	96
333	1990-06-03 17:00:00	381	67
326	1990-06-01 22:00:00	200	290
327	1990-06-02 01:00:00	258	175
313	1990-05-23 15:00:00	520	173
336	1990-06-04 23:00:00	238	279
337	1990-06-05 02:00:00	90	235
246	1990-04-22 01:00:00	345	189
297	1990-05-15 16:00:00	304	34
334	1990-06-03 21:00:00	190	233
306	1990-05-20 12:00:00	419	250
253	1990-04-25 02:00:00	420	47
310	1990-05-23 02:00:00	299	269
259	1990-04-27 02:00:00	472	57
258	1990-04-26 13:00:00	357	92
269	1990-05-02 10:00:00	281	220
328	1990-06-02 11:00:00	75	188
239	1990-04-19 09:00:00	39	129
273	1990-05-06 07:00:00	39	129
304	1990-05-19 05:00:00	239	194
272	1990-05-05 22:00:00	2	195
238	1990-04-19 04:00:00	115	160
242	1990-04-20 08:00:00	234	101
275	1990-05-06 23:00:00	62	19
277	1990-05-07 09:00:00	402	222
250	1990-04-24 01:00:00	171	79
331	1990-06-03 04:00:00	191	100
254	1990-04-25 04:00:00	91	158
240	1990-04-20 00:00:00	338	133
233	1990-04-17 03:00:00	652	183
335	1990-06-04 03:00:00	272	238
300	1990-05-16 23:00:00	534	218
280	1990-05-08 02:00:00	889	16
267	1990-05-01 20:00:00	449	225
308	1990-05-21 22:00:00	334	256
230	1990-04-16 10:00:00	287	28
237	1990-04-19 03:00:00	363	58
312	1990-05-23 14:00:00	270	310
270	1990-05-02 13:00:00	101	206
311	1990-05-23 08:00:00	211	316
235	1990-04-18 12:00:00	107	39
319	1990-05-27 01:00:00	62	19
191	1990-03-27 19:00:00	640	104
307	1990-05-21 05:00:00	52	317
245	1990-04-21 14:00:00	154	90
315	1990-05-24 12:00:00	501	134
229	1990-04-16 07:00:00	569	119
314	1990-05-24 01:00:00	573	130
244	1990-04-21 09:00:00	458	239
241	1990-04-20 04:00:00	548	109
231	1990-04-16 12:00:00	564	237
282	1990-05-08 12:00:00	564	237
236	1990-04-18 17:00:00	97	191
203	1990-04-04 03:00:00	365	70
287	1990-05-10 23:00:00	605	84
320	1990-05-27 07:00:00	392	302
323	1990-05-28 20:00:00	812	341
284	1990-05-09 00:00:00	652	183
322	1990-05-28 07:00:00	534	218
289	1990-05-11 23:00:00	24	123
291	1990-05-12 19:00:00	24	123
263	1990-05-01 02:00:00	539	146
325	1990-06-01 18:00:00	812	341
265	1990-05-01 06:00:00	802	31
317	1990-05-26 14:00:00	670	297
249	1990-04-23 18:00:00	154	193
339	1990-06-05 09:00:00	539	146
232	1990-04-16 15:00:00	722	69
303	1990-05-19 02:00:00	318	131
285	1990-05-10 01:00:00	138	53
268	1990-05-02 07:00:00	185	243
330	1990-06-03 01:00:00	304	34
341	1990-06-07 01:00:00	175	95
344	1990-06-10 03:00:00	92	255
347	1990-06-11 11:00:00	314	289
348	1990-06-11 13:00:00	182	40
351	1990-06-12 19:00:00	76	114
352	1990-06-12 23:00:00	251	379
353	1990-06-13 09:00:00	33	87
355	1990-06-15 21:00:00	260	233
356	1990-06-16 17:00:00	244	376
359	1990-06-17 12:00:00	315	15
360	1990-06-17 16:00:00	9	164
363	1990-06-18 05:00:00	323	198
366	1990-06-19 01:00:00	159	279
367	1990-06-19 03:00:00	71	338
368	1990-06-19 06:00:00	340	367
369	1990-06-19 11:00:00	244	294
372	1990-06-20 12:00:00	103	50
376	1990-06-21 05:00:00	46	233
381	1990-06-23 22:00:00	53	366
382	1990-06-24 00:00:00	369	409
386	1990-06-24 22:00:00	359	157
342	1990-06-07 21:00:00	82	141
393	1990-06-27 22:00:00	369	416
411	1990-07-10 13:00:00	507	387
396	1990-07-01 12:00:00	210	184
397	1990-07-02 00:00:00	263	149
398	1990-07-02 06:00:00	119	192
399	1990-07-02 09:00:00	49	233
400	1990-07-02 23:00:00	395	171
401	1990-07-03 02:00:00	36	201
403	1990-07-03 05:00:00	71	167
402	1990-07-03 03:00:00	314	161
346	1990-06-10 12:00:00	731	247
405	1990-07-04 12:00:00	283	318
406	1990-07-04 17:00:00	160	235
407	1990-07-05 04:00:00	10	275
408	1990-07-07 00:00:00	401	398
434	1990-07-21 02:00:00	10	242
410	1990-07-10 03:00:00	98	54
452	1990-07-27 20:00:00	415	288
412	1990-07-11 12:00:00	400	280
413	1990-07-11 16:00:00	152	198
415	1990-07-12 06:00:00	78	184
416	1990-07-12 12:00:00	310	203
417	1990-07-13 19:00:00	43	164
350	1990-06-12 13:00:00	425	254
387	1990-06-25 10:00:00	458	395
380	1990-06-23 07:00:00	108	267
421	1990-07-15 23:00:00	388	452
423	1990-07-16 19:00:00	164	81
409	1990-07-08 23:00:00	75	188
424	1990-07-17 00:00:00	136	75
426	1990-07-17 12:00:00	86	257
429	1990-07-18 17:00:00	29	291
430	1990-07-18 20:00:00	84	152
431	1990-07-19 16:00:00	394	411
432	1990-07-19 23:00:00	209	440
435	1990-07-21 11:00:00	232	231
404	1990-07-03 17:00:00	369	330
438	1990-07-22 16:00:00	208	110
437	1990-07-22 10:00:00	260	154
440	1990-07-23 13:00:00	450	81
442	1990-07-23 22:00:00	116	425
446	1990-07-25 00:00:00	465	82
450	1990-07-26 02:00:00	65	235
375	1990-06-21 02:00:00	432	124
419	1990-07-15 13:00:00	432	295
384	1990-06-24 08:00:00	80	33
388	1990-06-25 19:00:00	475	408
361	1990-06-17 21:00:00	158	234
391	1990-06-27 02:00:00	444	30
394	1990-06-28 10:00:00	661	334
425	1990-07-17 09:00:00	661	334
354	1990-06-13 23:00:00	101	206
332	1990-06-03 12:00:00	211	316
374	1990-06-21 01:00:00	810	378
379	1990-06-22 18:00:00	141	240
436	1990-07-22 02:00:00	458	239
433	1990-07-20 00:00:00	336	271
420	1990-07-15 22:00:00	65	23
364	1990-06-18 09:00:00	171	79
422	1990-07-16 16:00:00	136	359
445	1990-07-24 21:00:00	327	273
345	1990-06-10 08:00:00	33	262
298	1990-05-15 20:00:00	652	183
365	1990-06-18 18:00:00	240	139
395	1990-07-01 06:00:00	562	350
385	1990-06-24 15:00:00	5	276
371	1990-06-20 03:00:00	203	355
449	1990-07-25 22:00:00	514	304
444	1990-07-24 14:00:00	551	385
377	1990-06-21 11:00:00	435	202
340	1990-06-05 21:00:00	576	274
448	1990-07-25 16:00:00	78	77
383	1990-06-24 06:00:00	52	321
60	1990-01-28 02:00:00	451	1
392	1990-06-27 07:00:00	108	410
451	1990-07-27 12:00:00	467	417
362	1990-06-18 00:00:00	848	298
441	1990-07-23 20:00:00	477	61
443	1990-07-24 01:00:00	690	219
343	1990-06-09 00:00:00	104	320
373	1990-06-20 16:00:00	573	130
357	1990-06-16 22:00:00	397	151
427	1990-07-17 13:00:00	97	191
428	1990-07-18 04:00:00	400	377
414	1990-07-12 04:00:00	613	60
390	1990-06-26 14:00:00	255	375
358	1990-06-17 07:00:00	534	218
370	1990-06-19 18:00:00	13	18
418	1990-07-13 22:00:00	585	44
349	1990-06-11 16:00:00	102	107
378	1990-06-22 04:00:00	810	378
458	1990-08-04 00:00:00	221	15
459	1990-08-04 10:00:00	227	376
460	1990-08-04 19:00:00	4	196
463	1990-08-05 13:00:00	409	438
468	1990-08-07 22:00:00	92	155
473	1990-08-10 05:00:00	353	26
475	1990-08-10 20:00:00	241	327
476	1990-08-11 00:00:00	134	40
477	1990-08-11 16:00:00	234	487
478	1990-08-11 23:00:00	406	221
479	1990-08-12 00:00:00	503	125
480	1990-08-12 19:00:00	469	165
483	1990-08-14 03:00:00	194	506
485	1990-08-15 06:00:00	452	192
486	1990-08-15 11:00:00	213	338
488	1990-08-16 05:00:00	194	481
489	1990-08-16 06:00:00	71	179
490	1990-08-16 23:00:00	74	152
491	1990-08-17 00:00:00	109	364
495	1990-08-18 21:00:00	195	416
496	1990-08-19 10:00:00	446	217
497	1990-08-19 12:00:00	85	400
498	1990-08-19 13:00:00	343	267
499	1990-08-19 15:00:00	115	105
500	1990-08-19 17:00:00	377	508
505	1990-08-21 00:00:00	167	399
506	1990-08-21 11:00:00	304	185
508	1990-08-21 19:00:00	502	24
509	1990-08-22 00:00:00	127	452
510	1990-08-22 12:00:00	55	49
514	1990-08-24 16:00:00	79	435
515	1990-08-24 18:00:00	117	195
517	1990-08-25 22:00:00	358	434
518	1990-08-25 23:00:00	226	12
521	1990-08-27 07:00:00	457	217
523	1990-08-28 06:00:00	107	316
522	1990-08-28 03:00:00	755	306
527	1990-09-02 04:00:00	377	49
531	1990-09-03 16:00:00	155	121
487	1990-08-15 13:00:00	557	512
533	1990-09-04 13:00:00	323	228
528	1990-09-02 17:00:00	320	392
534	1990-09-05 04:00:00	109	408
536	1990-09-05 12:00:00	57	356
538	1990-09-06 00:00:00	539	273
539	1990-09-06 05:00:00	428	435
540	1990-09-06 17:00:00	127	35
541	1990-09-07 08:00:00	226	229
542	1990-09-08 00:00:00	166	516
544	1990-09-08 05:00:00	49	508
545	1990-09-08 08:00:00	410	422
547	1990-09-08 22:00:00	196	539
447	1990-07-25 10:00:00	240	139
548	1990-09-09 01:00:00	140	277
549	1990-09-09 18:00:00	181	388
532	1990-09-04 09:00:00	564	237
481	1990-08-13 18:00:00	116	190
550	1990-09-10 17:00:00	119	164
552	1990-09-11 10:00:00	514	192
553	1990-09-12 01:00:00	348	189
555	1990-09-13 03:00:00	536	286
556	1990-09-13 07:00:00	330	552
557	1990-09-13 23:00:00	434	338
558	1990-09-14 08:00:00	484	291
562	1990-09-15 08:00:00	228	425
563	1990-09-15 13:00:00	456	447
564	1990-09-16 05:00:00	132	197
565	1990-09-16 09:00:00	196	585
567	1990-09-16 20:00:00	460	473
568	1990-09-17 03:00:00	429	189
569	1990-09-17 04:00:00	395	336
543	1990-09-08 04:00:00	485	17
561	1990-09-15 03:00:00	120	469
469	1990-08-08 08:00:00	42	287
504	1990-08-20 13:00:00	6	346
464	1990-08-06 13:00:00	75	188
512	1990-08-23 07:00:00	284	345
457	1990-08-03 11:00:00	580	45
492	1990-08-17 02:00:00	108	410
501	1990-08-20 00:00:00	828	500
455	1990-08-02 08:00:00	365	70
502	1990-08-20 06:00:00	661	334
389	1990-06-26 04:00:00	104	320
519	1990-08-26 08:00:00	535	278
474	1990-08-10 07:00:00	363	58
462	1990-08-05 07:00:00	41	71
456	1990-08-02 14:00:00	97	191
454	1990-07-28 19:00:00	169	468
482	1990-08-13 22:00:00	688	227
516	1990-08-24 20:00:00	526	383
537	1990-09-05 20:00:00	458	239
467	1990-08-07 16:00:00	545	72
546	1990-09-08 12:00:00	374	361
466	1990-08-07 04:00:00	37	423
511	1990-08-22 20:00:00	42	333
524	1990-08-28 18:00:00	677	205
465	1990-08-06 18:00:00	85	282
507	1990-08-21 14:00:00	108	264
530	1990-09-03 15:00:00	272	238
470	1990-08-08 19:00:00	304	429
494	1990-08-18 03:00:00	422	520
453	1990-07-28 04:00:00	56	326
461	1990-08-05 02:00:00	802	31
559	1990-09-14 16:00:00	359	150
503	1990-08-20 12:00:00	641	214
525	1990-09-01 05:00:00	889	16
535	1990-09-05 11:00:00	608	42
513	1990-08-23 10:00:00	572	362
560	1990-09-14 17:00:00	256	2
566	1990-09-16 10:00:00	497	354
554	1990-09-12 09:00:00	809	213
520	1990-08-27 03:00:00	466	518
471	1990-08-09 09:00:00	508	386
526	1990-09-01 11:00:00	704	448
484	1990-08-14 22:00:00	227	143
570	1990-09-17 05:00:00	125	246
571	1990-09-17 23:00:00	394	329
572	1990-09-18 14:00:00	487	233
573	1990-09-19 01:00:00	136	470
574	1990-09-19 02:00:00	453	284
576	1990-09-19 09:00:00	487	310
577	1990-09-19 10:00:00	527	245
578	1990-09-19 11:00:00	530	28
580	1990-09-20 01:00:00	324	447
581	1990-09-20 11:00:00	284	203
582	1990-09-20 14:00:00	239	473
583	1990-09-20 17:00:00	556	509
584	1990-09-21 00:00:00	68	192
587	1990-09-21 19:00:00	486	400
589	1990-09-22 02:00:00	586	353
590	1990-09-22 08:00:00	122	573
592	1990-09-22 21:00:00	428	456
593	1990-09-23 00:00:00	53	317
594	1990-09-23 17:00:00	350	536
595	1990-09-24 10:00:00	557	360
597	1990-09-26 00:00:00	425	33
598	1990-09-26 07:00:00	110	300
599	1990-09-27 03:00:00	431	299
600	1990-09-27 16:00:00	99	338
601	1990-09-27 17:00:00	306	122
604	1990-09-28 09:00:00	142	142
607	1990-10-01 21:00:00	381	584
609	1990-10-03 01:00:00	526	603
610	1990-10-04 04:00:00	104	253
612	1990-10-05 00:00:00	296	288
613	1990-10-05 11:00:00	16	184
614	1990-10-05 13:00:00	469	443
615	1990-10-05 19:00:00	309	229
618	1990-10-06 13:00:00	279	164
619	1990-10-07 09:00:00	86	587
620	1990-10-07 12:00:00	535	88
622	1990-10-08 14:00:00	593	583
623	1990-10-09 08:00:00	173	615
625	1990-10-10 02:00:00	553	634
626	1990-10-10 07:00:00	125	100
627	1990-10-10 10:00:00	165	27
629	1990-10-12 03:00:00	380	26
630	1990-10-12 11:00:00	420	25
631	1990-10-12 13:00:00	371	588
632	1990-10-12 21:00:00	135	100
75	1990-02-07 20:00:00	451	1
439	1990-07-23 11:00:00	451	1
636	1990-10-13 22:00:00	325	164
637	1990-10-14 20:00:00	67	190
638	1990-10-15 12:00:00	384	291
641	1990-10-15 23:00:00	605	342
579	1990-09-19 14:00:00	371	528
643	1990-10-16 12:00:00	507	258
644	1990-10-17 04:00:00	177	187
645	1990-10-17 13:00:00	243	501
646	1990-10-17 15:00:00	608	557
647	1990-10-17 18:00:00	485	153
651	1990-10-18 13:00:00	382	263
653	1990-10-19 06:00:00	561	26
655	1990-10-20 01:00:00	630	114
656	1990-10-20 02:00:00	106	78
657	1990-10-20 14:00:00	355	93
551	1990-09-11 08:00:00	284	345
658	1990-10-21 15:00:00	638	277
616	1990-10-05 21:00:00	300	200
659	1990-10-22 18:00:00	281	430
660	1990-10-22 19:00:00	462	496
662	1990-10-23 15:00:00	234	127
663	1990-10-23 23:00:00	549	217
664	1990-10-24 01:00:00	550	325
668	1990-10-26 13:00:00	588	599
588	1990-09-22 01:00:00	652	483
670	1990-10-27 02:00:00	361	606
672	1990-10-27 11:00:00	47	327
673	1990-10-27 18:00:00	11	498
674	1990-10-27 20:00:00	115	592
675	1990-10-27 21:00:00	393	358
596	1990-09-25 01:00:00	544	596
676	1990-10-28 12:00:00	399	487
679	1990-11-01 14:00:00	572	496
680	1990-11-02 06:00:00	338	328
682	1990-11-02 10:00:00	410	1
654	1990-10-19 22:00:00	336	534
493	1990-08-18 01:00:00	397	151
611	1990-10-04 19:00:00	605	84
640	1990-10-15 20:00:00	146	576
681	1990-11-02 07:00:00	227	143
678	1990-11-01 05:00:00	18	650
671	1990-10-27 05:00:00	233	172
669	1990-10-27 01:00:00	133	559
575	1990-09-19 04:00:00	681	421
624	1990-10-09 11:00:00	640	104
661	1990-10-22 23:00:00	13	181
617	1990-10-06 08:00:00	690	219
667	1990-10-25 20:00:00	652	183
665	1990-10-24 02:00:00	613	60
602	1990-09-27 20:00:00	534	218
633	1990-10-13 04:00:00	738	66
628	1990-10-11 13:00:00	520	173
603	1990-09-28 05:00:00	142	545
648	1990-10-17 23:00:00	622	444
642	1990-10-16 02:00:00	809	213
652	1990-10-19 02:00:00	142	545
605	1990-09-28 11:00:00	53	76
586	1990-09-21 09:00:00	763	118
608	1990-10-02 21:00:00	307	412
606	1990-10-01 02:00:00	810	268
591	1990-09-22 14:00:00	144	63
666	1990-10-24 06:00:00	809	493
683	1990-11-03 00:00:00	889	16
621	1990-10-08 06:00:00	224	550
634	1990-10-13 07:00:00	312	497
639	1990-10-15 14:00:00	146	636
193	1990-03-28 13:00:00	138	53
649	1990-10-18 07:00:00	437	453
685	1990-11-03 14:00:00	562	688
686	1990-11-03 18:00:00	545	457
585	1990-09-21 06:00:00	261	94
687	1990-11-04 05:00:00	531	648
688	1990-11-04 11:00:00	7	286
689	1990-11-05 06:00:00	184	463
692	1990-11-07 04:00:00	224	203
693	1990-11-07 16:00:00	582	620
694	1990-11-08 19:00:00	73	486
696	1990-11-09 10:00:00	548	33
698	1990-11-11 03:00:00	257	557
699	1990-11-11 12:00:00	583	338
700	1990-11-11 13:00:00	386	70
701	1990-11-11 20:00:00	658	566
702	1990-11-12 03:00:00	554	709
703	1990-11-14 05:00:00	16	85
704	1990-11-14 12:00:00	567	719
705	1990-11-14 13:00:00	231	425
706	1990-11-14 17:00:00	438	548
708	1990-11-15 12:00:00	177	335
709	1990-11-15 20:00:00	347	220
711	1990-11-16 17:00:00	533	280
713	1990-11-18 06:00:00	333	725
715	1990-11-18 14:00:00	476	451
717	1990-11-18 16:00:00	91	86
707	1990-11-15 00:00:00	419	250
721	1990-11-19 23:00:00	683	94
723	1990-11-21 04:00:00	535	587
724	1990-11-21 09:00:00	243	55
725	1990-11-21 16:00:00	394	206
726	1990-11-22 00:00:00	405	528
727	1990-11-22 04:00:00	102	1
719	1990-11-19 09:00:00	69	551
730	1990-11-23 02:00:00	247	101
729	1990-11-22 23:00:00	599	503
731	1990-11-23 22:00:00	162	486
733	1990-11-25 11:00:00	92	574
734	1990-11-25 15:00:00	650	498
735	1990-11-26 02:00:00	345	723
736	1990-11-26 04:00:00	81	157
737	1990-11-27 22:00:00	103	482
738	1990-11-27 23:00:00	437	200
739	1990-11-28 02:00:00	14	703
740	1990-11-28 03:00:00	715	231
741	1990-12-01 01:00:00	139	384
742	1990-12-02 04:00:00	653	70
743	1990-12-02 05:00:00	550	226
714	1990-11-18 12:00:00	688	227
728	1990-11-22 17:00:00	575	612
747	1990-12-04 10:00:00	12	402
748	1990-12-04 21:00:00	53	714
749	1990-12-04 23:00:00	201	75
677	1990-10-28 19:00:00	133	559
750	1990-12-06 09:00:00	276	433
751	1990-12-06 15:00:00	64	436
752	1990-12-07 02:00:00	76	188
753	1990-12-08 00:00:00	114	192
754	1990-12-08 01:00:00	140	722
756	1990-12-08 05:00:00	645	482
757	1990-12-08 09:00:00	194	13
758	1990-12-08 21:00:00	644	526
745	1990-12-04 01:00:00	701	619
761	1990-12-10 15:00:00	501	15
762	1990-12-10 17:00:00	246	308
780	1990-12-24 11:00:00	146	576
763	1990-12-11 21:00:00	275	239
764	1990-12-13 02:00:00	231	200
765	1990-12-13 12:00:00	693	584
766	1990-12-13 16:00:00	71	696
767	1990-12-14 11:00:00	199	686
718	1990-11-18 17:00:00	85	645
769	1990-12-16 05:00:00	41	85
768	1990-12-15 00:00:00	375	575
770	1990-12-17 19:00:00	11	594
771	1990-12-19 14:00:00	584	305
772	1990-12-20 11:00:00	643	620
773	1990-12-20 23:00:00	165	541
775	1990-12-22 11:00:00	458	563
635	1990-10-13 09:00:00	534	218
650	1990-10-18 09:00:00	534	218
776	1990-12-23 11:00:00	423	676
779	1990-12-24 05:00:00	331	700
782	1990-12-25 08:00:00	527	797
783	1990-12-25 13:00:00	394	302
784	1990-12-26 06:00:00	750	198
785	1990-12-27 00:00:00	637	490
786	1990-12-27 05:00:00	16	127
787	1990-12-29 00:00:00	68	203
788	1991-01-01 02:00:00	699	551
790	1991-01-01 13:00:00	84	170
791	1991-01-01 15:00:00	698	571
793	1991-01-02 01:00:00	13	750
710	1990-11-16 04:00:00	738	66
722	1990-11-20 14:00:00	554	442
695	1990-11-09 05:00:00	142	545
792	1991-01-02 00:00:00	402	222
777	1990-12-23 15:00:00	410	715
789	1991-01-01 09:00:00	526	383
256	1990-04-25 18:00:00	154	193
744	1990-12-02 07:00:00	85	645
697	1990-11-10 14:00:00	781	413
684	1990-11-03 06:00:00	185	243
746	1990-12-04 09:00:00	218	309
774	1990-12-22 09:00:00	722	69
794	1991-01-02 02:00:00	722	69
795	1991-01-04 00:00:00	425	793
778	1990-12-23 20:00:00	272	238
759	1990-12-09 06:00:00	666	159
690	1990-11-06 14:00:00	53	76
720	1990-11-19 18:00:00	185	243
716	1990-11-18 15:00:00	381	337
796	1991-01-04 03:00:00	381	337
760	1990-12-09 07:00:00	477	61
691	1990-11-06 19:00:00	530	530
797	1991-01-04 06:00:00	497	354
712	1990-11-17 04:00:00	468	427
798	1991-01-04 15:00:00	574	422
799	1991-01-04 20:00:00	575	710
801	1991-01-05 12:00:00	745	517
802	1991-01-05 14:00:00	84	39
803	1991-01-05 15:00:00	598	46
805	1991-01-07 06:00:00	140	700
806	1991-01-07 22:00:00	138	199
472	1990-08-10 04:00:00	179	102
807	1991-01-09 10:00:00	330	101
808	1991-01-09 22:00:00	137	59
732	1990-11-25 08:00:00	42	287
809	1991-01-10 00:00:00	423	334
810	1991-01-10 19:00:00	403	438
812	1991-01-11 13:00:00	743	373
814	1991-01-12 01:00:00	155	393
815	1991-01-12 23:00:00	237	598
755	1990-12-08 04:00:00	142	545
817	1991-01-14 01:00:00	507	77
818	1991-01-14 04:00:00	419	819
819	1991-01-14 16:00:00	786	172
820	1991-01-15 06:00:00	32	281
821	1991-01-15 10:00:00	362	353
822	1991-01-15 11:00:00	352	782
823	1991-01-15 20:00:00	476	98
824	1991-01-15 21:00:00	458	724
825	1991-01-16 00:00:00	475	639
826	1991-01-16 04:00:00	530	592
827	1991-01-16 08:00:00	195	329
828	1991-01-16 14:00:00	216	507
829	1991-01-16 16:00:00	77	450
830	1991-01-17 11:00:00	694	38
816	1991-01-13 19:00:00	763	118
831	1991-01-17 21:00:00	310	679
832	1991-01-18 13:00:00	458	417
895	1991-02-19 21:00:00	530	604
833	1991-01-19 10:00:00	228	666
834	1991-01-20 04:00:00	465	308
835	1991-01-20 10:00:00	539	736
836	1991-01-20 11:00:00	639	828
837	1991-01-21 05:00:00	752	114
838	1991-01-21 11:00:00	367	558
839	1991-01-21 16:00:00	502	802
841	1991-01-23 01:00:00	384	808
842	1991-01-23 03:00:00	350	147
843	1991-01-23 05:00:00	751	116
844	1991-01-23 09:00:00	754	720
846	1991-01-24 21:00:00	757	753
904	1991-02-24 03:00:00	557	512
800	1991-01-05 08:00:00	422	520
847	1991-01-25 22:00:00	698	54
848	1991-01-26 00:00:00	583	116
849	1991-01-26 02:00:00	53	360
850	1991-01-26 12:00:00	391	405
852	1991-01-28 01:00:00	147	321
853	1991-01-28 02:00:00	635	743
854	1991-01-28 03:00:00	609	77
813	1991-01-11 22:00:00	564	824
855	1991-01-28 22:00:00	381	179
856	1991-02-01 03:00:00	534	760
857	1991-02-01 07:00:00	563	646
858	1991-02-02 07:00:00	405	702
860	1991-02-03 11:00:00	636	634
861	1991-02-03 16:00:00	712	699
811	1991-01-11 02:00:00	809	493
862	1991-02-03 21:00:00	32	289
864	1991-02-05 06:00:00	458	651
865	1991-02-05 22:00:00	191	719
866	1991-02-06 07:00:00	560	697
868	1991-02-06 17:00:00	651	516
869	1991-02-06 18:00:00	799	657
870	1991-02-06 22:00:00	270	791
871	1991-02-07 07:00:00	706	382
872	1991-02-07 10:00:00	423	779
873	1991-02-07 18:00:00	391	63
874	1991-02-08 15:00:00	149	267
876	1991-02-09 08:00:00	699	801
877	1991-02-09 09:00:00	474	332
878	1991-02-10 05:00:00	176	466
879	1991-02-10 10:00:00	490	580
880	1991-02-11 07:00:00	379	129
881	1991-02-11 13:00:00	609	710
882	1991-02-11 18:00:00	293	411
883	1991-02-12 15:00:00	40	566
884	1991-02-13 15:00:00	646	158
885	1991-02-14 17:00:00	472	503
886	1991-02-16 09:00:00	556	671
887	1991-02-17 00:00:00	639	586
804	1991-01-06 21:00:00	602	798
867	1991-02-06 08:00:00	602	798
888	1991-02-18 02:00:00	753	873
889	1991-02-18 13:00:00	717	544
890	1991-02-18 16:00:00	555	899
891	1991-02-18 18:00:00	160	59
892	1991-02-19 01:00:00	226	396
893	1991-02-19 04:00:00	545	73
894	1991-02-19 07:00:00	725	437
896	1991-02-20 12:00:00	438	154
899	1991-02-21 03:00:00	130	24
900	1991-02-22 21:00:00	778	395
901	1991-02-23 12:00:00	80	600
902	1991-02-23 16:00:00	471	624
903	1991-02-23 20:00:00	80	124
905	1991-02-24 23:00:00	666	565
906	1991-02-25 00:00:00	505	381
907	1991-02-25 03:00:00	262	749
908	1991-02-25 14:00:00	844	726
909	1991-02-25 23:00:00	660	301
851	1991-01-26 17:00:00	769	111
910	1991-02-26 04:00:00	824	916
911	1991-02-26 14:00:00	135	475
898	1991-02-20 21:00:00	755	306
781	1990-12-24 16:00:00	53	76
863	1991-02-04 11:00:00	848	298
859	1991-02-02 09:00:00	637	51
897	1991-02-20 17:00:00	735	390
845	1991-01-23 13:00:00	705	745
875	1991-02-09 05:00:00	814	144
840	1991-01-21 18:00:00	731	247
912	1991-02-26 22:00:00	772	474
913	1991-02-27 10:00:00	418	33
914	1991-02-27 19:00:00	579	111
915	1991-02-27 21:00:00	43	340
916	1991-02-28 02:00:00	863	564
917	1991-02-28 09:00:00	61	412
918	1991-03-01 06:00:00	731	246
919	1991-03-02 03:00:00	85	675
920	1991-03-02 06:00:00	6	412
921	1991-03-02 14:00:00	884	185
922	1991-03-03 14:00:00	283	536
923	1991-03-03 18:00:00	660	794
924	1991-03-03 20:00:00	821	42
926	1991-03-05 01:00:00	266	749
927	1991-03-05 04:00:00	257	300
928	1991-03-05 14:00:00	853	908
929	1991-03-05 19:00:00	202	898
930	1991-03-05 20:00:00	151	582
931	1991-03-05 22:00:00	18	837
932	1991-03-06 00:00:00	275	236
933	1991-03-07 08:00:00	358	103
934	1991-03-08 04:00:00	152	801
935	1991-03-08 08:00:00	106	79
936	1991-03-08 13:00:00	449	618
937	1991-03-08 22:00:00	664	804
938	1991-03-09 01:00:00	350	326
939	1991-03-09 03:00:00	753	480
940	1991-03-09 23:00:00	828	945
942	1991-03-11 00:00:00	569	983
943	1991-03-11 13:00:00	438	186
944	1991-03-12 00:00:00	835	270
945	1991-03-12 07:00:00	846	470
946	1991-03-13 05:00:00	497	534
947	1991-03-13 09:00:00	636	409
948	1991-03-13 22:00:00	267	366
949	1991-03-14 06:00:00	353	67
950	1991-03-14 14:00:00	182	309
951	1991-03-15 05:00:00	67	375
941	1991-03-10 09:00:00	809	213
952	1991-03-16 00:00:00	928	346
953	1991-03-16 03:00:00	603	258
954	1991-03-16 09:00:00	647	738
955	1991-03-18 02:00:00	686	822
956	1991-03-18 09:00:00	799	886
957	1991-03-18 10:00:00	673	843
958	1991-03-18 12:00:00	308	91
959	1991-03-19 02:00:00	292	831
960	1991-03-19 06:00:00	497	372
961	1991-03-19 18:00:00	780	1014
962	1991-03-20 02:00:00	632	833
963	1991-03-20 11:00:00	927	151
964	1991-03-20 22:00:00	108	4
965	1991-03-21 17:00:00	590	812
966	1991-03-21 18:00:00	918	420
967	1991-03-22 02:00:00	867	339
968	1991-03-22 06:00:00	579	1002
969	1991-03-22 22:00:00	122	791
970	1991-03-23 00:00:00	117	342
971	1991-03-23 05:00:00	878	574
972	1991-03-23 15:00:00	396	744
973	1991-03-23 19:00:00	352	89
925	1991-03-04 02:00:00	227	143
974	1991-03-24 00:00:00	913	504
976	1991-03-24 13:00:00	760	721
977	1991-03-24 19:00:00	157	376
529	1990-09-03 00:00:00	731	247
975	1991-03-24 07:00:00	151	455
978	1991-03-25 12:00:00	545	246
\.


--
-- Name: purchase_id_seq; Type: SEQUENCE SET; Schema: public; Owner: testuser
--

SELECT pg_catalog.setval('public.purchase_id_seq', 978, true);


--
-- Name: SCHEMA public; Type: ACL; Schema: -; Owner: postgres
--

REVOKE ALL ON SCHEMA public FROM PUBLIC;
REVOKE ALL ON SCHEMA public FROM postgres;
GRANT ALL ON SCHEMA public TO postgres;
GRANT ALL ON SCHEMA public TO PUBLIC;


--
-- PostgreSQL database dump complete
--

