--
-- PostgreSQL database dump
--

-- Dumped from database version 9.5.12
-- Dumped by pg_dump version 9.5.12

SET statement_timeout = 0;
SET lock_timeout = 0;
SET client_encoding = 'UTF8';
SET standard_conforming_strings = on;
SELECT pg_catalog.set_config('search_path', '', false);
SET check_function_bodies = false;
SET client_min_messages = warning;
SET row_security = off;

--
-- Name: plpgsql; Type: EXTENSION; Schema: -; Owner: 
--

CREATE EXTENSION IF NOT EXISTS plpgsql WITH SCHEMA pg_catalog;


--
-- Name: EXTENSION plpgsql; Type: COMMENT; Schema: -; Owner: 
--

COMMENT ON EXTENSION plpgsql IS 'PL/pgSQL procedural language';


--
-- Name: temporal_tables; Type: EXTENSION; Schema: -; Owner: 
--

CREATE EXTENSION IF NOT EXISTS temporal_tables WITH SCHEMA public;


--
-- Name: EXTENSION temporal_tables; Type: COMMENT; Schema: -; Owner: 
--

COMMENT ON EXTENSION temporal_tables IS 'temporal tables';


--
-- Name: generate_inserts(integer); Type: FUNCTION; Schema: public; Owner: lukas
--

CREATE FUNCTION public.generate_inserts(size integer) RETURNS text
    LANGUAGE plpgsql
    AS $$
declare
tables text[];
my_table text;
sql text;

begin
with sub as (select table_name
from information_schema.columns
where table_schema='public' and table_name not like '%history' and is_updatable='YES' 
group by table_name
)
select array_agg(table_name::text) from sub into tables;

sql:='';
foreach my_table in array tables
loop
sql:=sql||generate_inserts(my_table, size);
end loop;
return sql;

end
$$;


ALTER FUNCTION public.generate_inserts(size integer) OWNER TO lukas;

--
-- Name: generate_inserts(text, integer); Type: FUNCTION; Schema: public; Owner: lukas
--

CREATE FUNCTION public.generate_inserts(my_table text, size integer) RETURNS text
    LANGUAGE plpgsql
    AS $$
declare
sql text;
columns text[];

begin
with sub as (select column_name
from information_schema.columns
where table_name=my_table and column_name not like 'id' and column_name not like 'sys_period' and table_schema='public' and table_name not like '%history' and is_updatable='YES' 
)
select array_agg(column_name::text) from sub into columns;

sql:='';
for i in 1..size
loop
sql:=sql||'insert into '||my_table||' ('||array_to_string(columns, ',')||') values ('||array_to_string((select array(select ''''||generate_value(my_table, unnest(columns))||'''')),',')||');';

end loop;
return sql;

end
$$;


ALTER FUNCTION public.generate_inserts(my_table text, size integer) OWNER TO lukas;

--
-- Name: generate_updates(integer); Type: FUNCTION; Schema: public; Owner: lukas
--

CREATE FUNCTION public.generate_updates(size integer) RETURNS text
    LANGUAGE plpgsql
    AS $$
declare
tables text[];
my_table text;
sql text;

begin
with sub as (select table_name
from information_schema.columns
where table_schema='public' and table_name not like '%history' and is_updatable='YES' 
group by table_name
)
select array_agg(table_name::text) from sub into tables;

sql:='';
foreach my_table in array tables -- return table?
loop
sql:=sql||generate_updates(my_table, size);
end loop;
return sql;

end
$$;


ALTER FUNCTION public.generate_updates(size integer) OWNER TO lukas;

--
-- Name: generate_updates(text, integer); Type: FUNCTION; Schema: public; Owner: lukas
--

CREATE FUNCTION public.generate_updates(my_table text, size integer) RETURNS text
    LANGUAGE plpgsql
    AS $$
declare
sql text;
columns text[];

begin
with sub as (select column_name
from information_schema.columns
where table_schema='public' and table_name=my_table and column_name not like 'id' and column_name not like 'sys_period' and table_name not like '%history' and is_updatable='YES'
)
select array_agg(column_name::text) from sub into columns;

return generate_updates(my_table, columns[ceil(random()*array_length(columns,1))], size, null);

end
$$;


ALTER FUNCTION public.generate_updates(my_table text, size integer) OWNER TO lukas;

--
-- Name: generate_updates(text, text, integer, integer[]); Type: FUNCTION; Schema: public; Owner: lukas
--

CREATE FUNCTION public.generate_updates(my_table text, my_column text, size integer, my_ids integer[]) RETURNS text
    LANGUAGE plpgsql
    AS $$
declare
sql text;
var text;
ids text;
id integer;
idtxt text;

begin

if my_ids is null 
then my_ids:= array(select round(random()*1000)::integer from generate_series(1,size));
end if;
ids:=array_to_string(my_ids, ',');
size:=array_length(my_ids,1);
idtxt:='id';
sql:='';

foreach id in array my_ids
loop
if my_table = 'category_product'
then idtxt:='category_id = '||id||' and product_id';
end if;

var:=generate_value(my_table, my_column);
sql:=sql||'update '||my_table||' set '||my_column||' = '''||var||''' where '||idtxt||' = '||id||';';

--'from generate_series(1,'||size||') as generator) '||
end loop; 

return sql;

end
$$;


ALTER FUNCTION public.generate_updates(my_table text, my_column text, size integer, my_ids integer[]) OWNER TO lukas;

--
-- Name: generate_value(text, text); Type: FUNCTION; Schema: public; Owner: lukas
--

CREATE FUNCTION public.generate_value(my_table text, my_column text) RETURNS text
    LANGUAGE plpgsql
    AS $$
declare
my_type text;
begin
select  /*case 
when data_type='character varying' 
then 'varchar('||character_maximum_length||')'
when data_type='numeric' then 'numeric('||numeric_precision||','||numeric_scale||')'
else*/ data_type
--end
from information_schema.columns
where table_schema='public' and table_name=my_table and column_name=my_column and is_updatable='YES' into my_type;

if (my_type like 'character varying') then return (select array_to_string(array(select chr((ascii('a')+round(random()*25))::integer) from generate_series(1,ceil(random()*20)::int)), ''));
elsif (my_type = 'integer') then return round(random()*1000)::integer;
elsif my_type = 'timestamp without time zone' then return current_timestamp::timestamp - random() * (current_timestamp - '1990-01-01 01:01:01'::timestamp);
elsif my_type = 'boolean' then return random() > 0.5;
else raise notice 'not supported';
end if;

end
$$;


ALTER FUNCTION public.generate_value(my_table text, my_column text) OWNER TO lukas;

--
-- Name: measure_exec_time(character varying); Type: FUNCTION; Schema: public; Owner: lukas
--

CREATE FUNCTION public.measure_exec_time(sql_txt character varying, OUT "elapsed_time [ms]" real) RETURNS real
    LANGUAGE plpgsql
    AS $$ 
declare
t0 timestamptz;
t1 timestamptz;

begin
CHECKPOINT; --DBCC DROPCLEANBUFFERS; DBCC FREEPROCCACHE; v sql 2016
t0 := clock_timestamp();
execute sql_txt;-- queries
t1 := clock_timestamp();
"elapsed_time [ms]" := 1000*(extract(epoch from t1)-extract(epoch from t0));
end;

$$;


ALTER FUNCTION public.measure_exec_time(sql_txt character varying, OUT "elapsed_time [ms]" real) OWNER TO lukas;

SET default_tablespace = '';

SET default_with_oids = false;

--
-- Name: category; Type: TABLE; Schema: public; Owner: testuser
--

CREATE TABLE public.category (
    id integer NOT NULL,
    name character varying(100)
);


ALTER TABLE public.category OWNER TO testuser;

--
-- Name: category_id_seq; Type: SEQUENCE; Schema: public; Owner: testuser
--

CREATE SEQUENCE public.category_id_seq
    START WITH 1
    INCREMENT BY 1
    NO MINVALUE
    NO MAXVALUE
    CACHE 1;


ALTER TABLE public.category_id_seq OWNER TO testuser;

--
-- Name: category_id_seq; Type: SEQUENCE OWNED BY; Schema: public; Owner: testuser
--

ALTER SEQUENCE public.category_id_seq OWNED BY public.category.id;


--
-- Name: category_product; Type: TABLE; Schema: public; Owner: testuser
--

CREATE TABLE public.category_product (
    category_id integer NOT NULL,
    product_id integer NOT NULL
);


ALTER TABLE public.category_product OWNER TO testuser;

--
-- Name: customer; Type: TABLE; Schema: public; Owner: testuser
--

CREATE TABLE public.customer (
    id integer NOT NULL,
    name character varying(100),
    email character varying(100),
    password character varying(100),
    active boolean
);


ALTER TABLE public.customer OWNER TO testuser;

--
-- Name: customer_id_seq; Type: SEQUENCE; Schema: public; Owner: testuser
--

CREATE SEQUENCE public.customer_id_seq
    START WITH 1
    INCREMENT BY 1
    NO MINVALUE
    NO MAXVALUE
    CACHE 1;


ALTER TABLE public.customer_id_seq OWNER TO testuser;

--
-- Name: customer_id_seq; Type: SEQUENCE OWNED BY; Schema: public; Owner: testuser
--

ALTER SEQUENCE public.customer_id_seq OWNED BY public.customer.id;


--
-- Name: product; Type: TABLE; Schema: public; Owner: testuser
--

CREATE TABLE public.product (
    id integer NOT NULL,
    name character varying(100),
    cost integer,
    amount integer
);


ALTER TABLE public.product OWNER TO testuser;

--
-- Name: product_id_seq; Type: SEQUENCE; Schema: public; Owner: testuser
--

CREATE SEQUENCE public.product_id_seq
    START WITH 1
    INCREMENT BY 1
    NO MINVALUE
    NO MAXVALUE
    CACHE 1;


ALTER TABLE public.product_id_seq OWNER TO testuser;

--
-- Name: product_id_seq; Type: SEQUENCE OWNED BY; Schema: public; Owner: testuser
--

ALTER SEQUENCE public.product_id_seq OWNED BY public.product.id;


--
-- Name: purchase; Type: TABLE; Schema: public; Owner: testuser
--

CREATE TABLE public.purchase (
    id integer NOT NULL,
    date_time timestamp without time zone,
    customer_id integer,
    product_id integer
);


ALTER TABLE public.purchase OWNER TO testuser;

--
-- Name: purchase_id_seq; Type: SEQUENCE; Schema: public; Owner: testuser
--

CREATE SEQUENCE public.purchase_id_seq
    START WITH 1
    INCREMENT BY 1
    NO MINVALUE
    NO MAXVALUE
    CACHE 1;


ALTER TABLE public.purchase_id_seq OWNER TO testuser;

--
-- Name: purchase_id_seq; Type: SEQUENCE OWNED BY; Schema: public; Owner: testuser
--

ALTER SEQUENCE public.purchase_id_seq OWNED BY public.purchase.id;


--
-- Name: id; Type: DEFAULT; Schema: public; Owner: testuser
--

ALTER TABLE ONLY public.category ALTER COLUMN id SET DEFAULT nextval('public.category_id_seq'::regclass);


--
-- Name: id; Type: DEFAULT; Schema: public; Owner: testuser
--

ALTER TABLE ONLY public.customer ALTER COLUMN id SET DEFAULT nextval('public.customer_id_seq'::regclass);


--
-- Name: id; Type: DEFAULT; Schema: public; Owner: testuser
--

ALTER TABLE ONLY public.product ALTER COLUMN id SET DEFAULT nextval('public.product_id_seq'::regclass);


--
-- Name: id; Type: DEFAULT; Schema: public; Owner: testuser
--

ALTER TABLE ONLY public.purchase ALTER COLUMN id SET DEFAULT nextval('public.purchase_id_seq'::regclass);


--
-- Data for Name: category; Type: TABLE DATA; Schema: public; Owner: testuser
--

COPY public.category (id, name) FROM stdin;
7	lukjixpnsav
137	sjkjfesosvs
20	xphvq
139	vsupjfhx
158	whhudckojvom
149	yvdtbzswlni
16	hssfhsonmk
61	buqzazayfhtr
114	wuawvkdcbwz
101	ugrisvirvmjyvq
65	rmovb
66	zswqfyvk
12	njfobtd
17	puzcsoqrsbgzf
157	mqveyitn
92	gfdbbfhzlt
151	ggtzaltms
74	mggsxg
49	bzygcrqkkrnma
47	jnujfrqc
24	vcmjbd
98	pwxzty
67	vfxylj
119	djoujvwnldcvxic
121	ngekwa
88	slodhqeow
141	zlgikrxjjehhdrc
19	zkqugwm
161	hyqjmbmrhwob
32	xuamk
84	ltwkjpabpqrk
106	cnfqkequkyuw
23	rmvcewfhy
122	uqvhnfzdr
90	ibxmqwmoskxxns
112	dkshxojukpl
41	pjpfaji
59	qiuktzqvaqgwj
162	mgtiozjzpatpca
69	zgqeumglphqgn
138	wzsmrgxbzjmqeo
60	yvdjsvfblda
136	tyxqqemjsi
80	moimcofxjczdxn
107	grhqx
164	ixdjrzovbezuu
150	hmhazauwbgruagj
127	mckgsfo
163	remhwxypfciyb
159	btjsnnm
133	nfcuouez
39	plitjybcdrsxrf
15	jumdgmgqggp
40	pfuiucsrztcvxa
29	woufvertic
135	vytqpvjdyueltmk
124	uovfmdlvxq
105	dlruukzavbtgv
8	ugryjttxvqruuwn
34	ehpxb
111	hbnmfrioxuaykys
140	npjazbashat
6	lknyyxa
72	yoougn
1	ykbibuqht
147	pcwwm
125	kbgcintnsu
62	kztdesabf
144	pzpbtdgf
128	qbxhlyqchxbp
58	beyemqghcb
131	mqrkftavhunfs
110	xfgjnp
103	urtrb
102	ajltm
25	ihynnuujoovbw
71	tmcjpgipq
13	dwhrkahosgw
73	rbzti
42	znkkc
120	izydcyfwqbxbzzm
116	nfdhsgbbhvc
109	sotzciyqhzyd
21	txfrzjkxzbfian
83	vsuqitj
155	egkbyjtrxljydg
117	gvsuk
87	xedualrxjnwo
148	vdolntlcknfjp
3	yqvhndjp
35	svmptjmntzlxz
75	ochmhsygme
14	bymucgxixohppf
85	tsorasflkdgchpu
115	xpxqypuknkysj
9	oafjhudujuaf
89	gmlkzykxugz
143	aqltu
96	yfeacfvucszh
93	mihegzp
97	hinuvxttfnca
156	xukleglhbizdrmi
18	fkbgwstlgscuid
91	igzajzxhutlv
82	wioprttikdewr
36	rcvqlhbsann
55	iqxybkomhexxm
129	rvaupqfjy
99	mgbxudvephmi
154	nljgu
31	mvqukypdiudea
50	eciscgmr
146	hvvanbpnny
26	tkrxlq
37	efrnyor
134	rtzpikfint
95	dcldaubrnchm
43	bnhmwadmhbdo
53	vyegdsvobt
142	poqgobtrorf
152	qlrxlqefcwctzrd
45	stpbruebhldo
104	udlaqmetb
153	mrsugi
28	jcdpkglggicfd
108	yopbncpejyswibo
63	dplgbtvqrq
118	wxmpog
64	cqwmeobtnnjl
160	fcpykmi
10	jipyjkfsmhqfv
4	njkrrqo
126	fabfkenxzsqdw
48	jftgwevyn
54	bdxzhlpcq
165	cmomqwywotaxly
169	spvjcom
174	nepvzgzkb
176	jwjtlsmubcgvvgr
179	nkslpesmjh
180	sfjzxrgip
189	cnmevfsfi
187	hoqjqfutym
255	vupflzndstjfivj
212	vdgfn
194	jqastuhzzgpxnye
306	fxapsvfls
198	mifevuvz
207	hzzay
263	vdifjzy
208	dlmtkaprctpwulc
170	wjrmlqs
214	gyjxtsgnyqnuhd
216	iuhtxhqhf
217	xpiqp
222	xvgkdkrb
223	nogrmkeeivd
123	jvsbngted
252	fwfltgbi
287	gkizhwzygpczvra
284	pifxylkz
240	yzmlpxldntybjo
241	eiefpe
280	dezxnfe
196	naebkyauud
273	nfloixkk
279	mlakblotlcuon
237	xqoogbaldbcfnvu
78	tiyahydznt
256	kmcgdqmiviapb
257	rxincvenqtx
81	pxoegaz
300	fpyqxj
185	rmkrnexwzrkdaf
259	sgcfkjmif
295	vxjjkdmtfz
249	bzbkubt
285	vcvmdzwhplb
265	zyvnxprghwuiif
267	ifdcnqsb
271	qcsmewr
130	vgsysc
272	hbdmtxwphi
299	ezsnnzokocb
201	mgmzamftgtkqjz
275	sfitmtsouwkqke
233	diyto
281	fvclu
76	kwnpjadrxuxyqao
283	xpjdka
186	onuuexm
235	makec
288	crcjfhydjvin
11	cnpokoltbyrtp
229	ffczvgkyba
290	nvniuom
183	yvdghihyd
38	vycgicquc
258	xfqhnjwlx
296	ngyvqxs
297	mpdvwddfdfklkjs
298	nwkibefmkemcamy
182	eqezpdgw
206	pxefuruuwmxwt
305	msemkdfqwtwauu
304	pkofcietl
313	mfptqiarp
261	ktaakifodshk
317	jcjcjznoavbrjpp
318	sesqtoexvxcem
231	zdjsbldzhxvmto
132	zvdcnfjlg
309	qczeznscas
203	mulhkd
166	wlwebi
292	hjbygmctr
232	jlxskbbjtfxdx
202	fafxyydakjtev
274	boufvo
181	numxpg
172	myorqfucar
294	djzvh
245	jalsxm
243	bdndijombhuutx
270	zccuuiavorv
293	trbnsqml
226	rwgtphaggp
197	vfpmajcymeiaajx
242	xwuciq
167	xftjjhipkqaz
205	kefyomhopizk
77	wklxgodtqpnfuvw
218	qihhnygdlldk
246	kpqnspu
22	khaurcoyn
276	jthmkcovo
225	jzfsznmja
311	sumezwstbgosz
282	cparlvsve
33	tojutt
193	ycxouusir
228	zjcxwoozbq
289	xgtfxdtceazie
221	jztewflwqsnc
44	lyicommfjrciok
94	mrloiejworftbk
204	qnpfaglkvfahj
307	ctabtjjpdlxbx
269	utzzaxgtrddf
254	djokrdgg
192	ypljrnmel
30	slpeimpafdwega
190	sldscsvxksupxi
250	ormtcgxsjfuq
52	zxxjfqvyoxjptl
195	sxohhjg
251	xrvvcpmoeloqu
312	gsqvwrlrey
211	cdgnes
184	hsmzu
213	npnrz
173	bmiunkremcbush
210	uqpjkgdmyimr
316	zetaoxrfmrylvw
236	xiiyips
253	almcvemd
264	tjaidmkdaixmyty
314	poiekwzaszxszj
175	ruwvfsitg
247	sminm
168	sksrnwwitnxwqp
277	hudmaqjgpejyaw
209	wmxtt
239	ibzegbtdc
230	eqlxobgqhuqkjnq
238	xsnhjvucfncrxfi
291	ppgribcxphpcbp
301	xahllv
315	ryypgdjoiut
260	knfehicj
224	axgfou
200	duzrlazzv
199	karhtvuxus
234	vhbboplkhh
177	usbgkus
278	xngpemqzfjz
191	mgbhow
227	liermqp
248	iilrnvkoonj
268	kegogxfncvr
308	wlbljbu
188	einhtziboziajav
310	hmnkhh
244	ofardujxz
219	shqsnkzdfotg
220	ebekchkhpqou
321	juhdk
322	kjhszazqcgpo
327	dxjnfvkh
86	plcrzvyx
331	lcvfnsgeg
100	jzemqqoa
358	rdgoxnkzsv
471	emxipjy
337	cbzwipehfl
339	efjkugfwkoi
342	bvvfgnvpnbaku
347	yvjhuiemppqf
350	ajpmzojizrjxsuw
359	nzmesywvghilsiz
364	xwdbbjxihtnabme
366	mhfnhoou
472	wqxwapjjr
320	rqbintuy
372	leuppsyeuxihy
374	huokcurkcogjiy
376	cgbootqehjzp
378	swyfq
379	ekgdajy
330	manqrqden
381	jfglcmy
384	bolkcivdzzq
386	zaszcvmtj
398	aixiwq
399	xxdwcudcyymw
402	ytrhni
409	mupiekscdosw
410	dhbnahfao
413	prurwp
415	prjposvbn
416	ofgako
417	kamah
395	ffjanp
419	dzlicwum
420	jepidhnmld
365	knzkllkfywpaw
68	xrwnbw
422	chfbjcgj
382	kmjxdmfrlzxrgu
424	cpzujbttq
430	fcvmdm
448	riiltzvdaemab
431	vluzcbxnlcyu
324	evjyaj
458	orizoslgv
433	aaobtmp
435	sxwhsnhruekyutj
437	qpjxejdsbmu
440	stutraybbo
329	dqatsqo
354	hssidathd
369	jtetypptbosz
414	ijciuk
334	rgpyyhmkstq
445	fmsqxbxsl
451	fwaznk
453	pmhgjljrrn
454	jwcvg
426	croani
455	rwgviwnefnvww
456	yvugkskdxwxkmid
338	zxkvryzggmiv
286	qhqegxpbuek
351	mrbetbycxtpasn
460	qluft
463	urbtepydi
467	pcpdb
469	gkanywqi
473	wxjygjpbsuym
476	nalmvjk
477	ouqnlulwmhij
478	vsaopkv
5	gpgcijrf
464	heqsazmhbl
2	hpyijvkllflftnm
345	pvxlik
363	pgswjunveil
423	pnqukh
375	cfpvtsy
475	pioyvyso
447	efrjipjwwzrpmog
303	ksqayqb
383	yjuaseks
397	cjgbppgpaha
355	xdzzfnj
403	uhkhgmpv
389	tijwih
343	puzrqrlbqabx
425	enqgw
325	vofrjotfbiw
387	gebsdnptruwbcn
392	ccmseyjakx
344	ytmyfvjhvdwckh
438	pptyakjvkkmjs
319	emrakmrecxgf
51	vzjzeply
444	oclndy
465	fowzmehzf
346	aitxhskb
390	ofzin
348	nkaxaucxnafxt
394	vsafvkcfis
335	nrdxa
328	ybjsl
468	uefbjmpvg
385	kwkjcubwqpigcj
56	jsbeozq
145	wikqwmj
432	szmhdbawxyfv
459	mhdhlyquujds
171	wbhjumliwrnuvcu
441	hmnildfyclnnuwl
443	buieoie
412	zrnxi
404	xlgyjtpwsmecq
470	qpvcotgx
411	ggftndxgblxwa
439	oeakggy
323	ajipjv
405	bhlyexzca
326	qgpzqtjrlcxgt
377	wwhcaiwnjkktq
450	nordtsq
393	iobtjens
353	zpcxktuzdmxm
429	npyrq
457	rpumt
400	qttyxtakcvkrjfh
407	gjujznxnkjivt
421	fdzecrssdj
428	tuxzdz
462	myaxm
356	symcvf
368	slcayrzjuedrbp
446	stwmt
452	muirofvfqmvmwf
396	uccwbtayyle
427	prgozoflcsqc
357	xjxyuxkvrxm
436	pzdjy
380	ntnftasul
479	tnlpkcgiwwlrr
332	ebxauztwqsqqm
401	ynrmtw
418	eowsobpfnpghfuf
373	qgifsudc
340	ztxhbvzxr
406	cwyngfb
349	yqninupgfck
461	ebjeshq
388	mzrwrg
362	dmqpgizpi
336	gxqaithxjb
360	dxonqwmpjdywc
352	sesctgsmuswn
371	nqrzeamnv
434	vtycqyb
408	xcrtb
370	lempfydnpk
341	jigce
483	snpljikeeujrkpg
489	ezrqziluy
492	xwjjlbrxjgtbkx
493	ncevgumncbardkf
496	jbmnvpmro
497	ktqkbsswzxhjqn
499	xsthrw
501	dpvahqqvejziyvk
498	trwngcalsu
482	kdvqmycpke
513	sabdfzhtdspbz
518	ahyip
525	nudvzooc
503	cosmudykopmjjtq
528	weffnmfizekfmlk
530	pkvhrrhknfow
508	vwswqc
361	woestxcvyvioprr
531	hbjdexfhmxhv
533	xtpewbw
113	ibjmpqegulomsg
534	unoclro
535	hvmckthroxtl
536	amrvvmnmcglcfmw
539	uogdovhlueb
526	zhvxqiv
540	dlduw
541	vemszc
542	nnlqrqfpkaaqxdd
544	dkgljbr
548	gowloucqrb
549	jkmroedqucmnged
517	fdzerjd
551	kzjvwgyhazsrw
555	rybsauzgnyn
556	guwomivtzb
529	ulbxxdhcarori
558	zqugosmjcmgdx
570	gbhbbzbturdlr
561	wdhkb
563	ufrdhuvtfglcvw
566	aaofze
567	whtcwn
504	koqpehu
512	qqnlnmrrolk
623	ehxll
487	rbxileshn
571	pznmitjosouvkt
494	rtttjtz
575	hurqjezku
577	vipeouchwjw
579	mlmxusg
580	kryhcapfbsxb
581	udrxyaivqrap
583	rrqlswwaqws
584	hakgvgukfhoruqk
587	wwlurnzluh
589	ezbuekrkgm
590	fqqxhtqewarxx
626	yxonvegsfzl
514	iraueokfhbeejlb
592	drbjbimcuq
597	rjdtmqeern
598	njedioygoicye
599	tknpl
600	rfynyefzpfcovy
601	likkzntptniwm
602	onqdzfubkili
603	cbtwfkvfafoi
604	yhjupk
605	pcdvhbbraumolb
607	yyhvtmfcsst
608	tyzfkrqfx
569	muiohwb
614	ckzsbiyapnve
615	bflefezjbqdnlo
616	otpihfghpmqasoz
617	llbhek
632	aocntfkvfz
621	zxmidizlrzj
622	ntsmpkytf
624	tohmwsfjgmbxve
629	gbkxspdfetiy
630	ahuahqcb
631	iofwhw
484	rpvmq
618	poukjofhtk
634	wazfq
391	kzsxpcdjwfszyws
215	vsoqbcdm
635	kyqdqstqaixqr
637	lxusnmf
640	kjjqpqq
641	lhardcqjl
574	edctrcgvkvcra
560	tghwwwt
500	jyzhyjyuonqyrl
625	ughoifjt
545	hlafmgk
527	wnogvrzkhicgkpj
510	ljqjw
547	kbesvjgbk
585	hrwnedvrmgs
553	tjnbekckn
546	apjkbwuj
333	azstxpvbykcvfnq
613	ycogr
550	uobyejj
491	cwllsmoxbcqfx
474	ncihimfv
588	tmqefpdudf
557	qounmisu
502	ogavkvmglodct
521	jvvqrchp
490	gzxqxxfe
262	gsnocosjbizgg
520	cuktucdyrx
620	sdbew
573	rbxkrigq
515	jkhqheqhnqdzvbx
593	tvrqzunvfooj
509	yrftrkz
639	obtajv
636	kjbpacals
522	mekluznhyrt
565	mbundgwb
596	psunpmcixq
582	cyeunpjjnrfbzee
488	hlsebeiprfk
619	xbltnsngk
572	povimoynnvbkjow
594	jcgydaip
554	gwtqtznyn
576	iudgmkprrct
606	gqewoeyvogqpes
595	jsrtwnelipjq
628	yhxjyyh
507	ytknvrxooyey
495	dpydsgg
627	qexcovlcoe
523	dtbkiyqssuqfd
524	gvwgjwocvdnjzz
511	jpltyvxjftxdtr
562	ojbevzk
568	girgs
610	vtntuqvtnaci
506	vfdeuyjptnin
516	rhhdwvjkddnjk
578	lhpeyfy
564	skqkmr
481	cysomganucd
591	sbdwufthdw
537	tjwkohi
505	uxvamtqyzbozvlr
486	uacabh
79	eelmfb
611	henea
552	zprtumljmu
538	jkldphfshokh
559	jnjyid
638	gqspadwdlca
609	csdxorjfubkgyvo
519	rgkcnlxzfudcx
612	pkrozwvdkv
642	rirysyibcqwxoog
645	entwhffvy
646	fhlilurdlcysnz
656	tfaxikjnjmpymt
650	brzgdgfsqjb
653	zxomunr
654	mrwmqyhpnsim
657	afdvpcs
658	kgear
659	ajdvamdsnnttir
661	ydvehke
662	lrgyyz
665	qiheybwxeyuc
666	nbusb
668	mdebiddkxgs
670	pmnagtvtk
671	atzggszfytzrn
674	xeiwicxl
675	olkshr
678	zytut
680	jyoprnvvlzb
681	sxzeiqvltx
685	xtccyldv
794	frzrelbmmcq
686	bnefmbr
655	xlxkngxao
633	kanmmvcspqlpr
688	vcfhqshc
690	dtgvy
691	acmcrqsomszx
669	vqmesrtwrq
649	mfqczywsyaqadi
693	bvtgu
694	chobvsz
696	kemcttxjdxi
698	ipycdjbokqthipn
699	mzruowdgrr
700	qtjes
703	hpgtrglgpbovi
704	gdmrozglckrg
705	ndsggjimnb
707	ldpjmknue
709	ryjvsuattqwp
710	hbxmzcihkzfkgq
712	pkppiyoiomvyzqm
706	bsjsrrbb
480	nnnlopnjswbmxx
713	kedvibl
789	xuvpcwdd
715	qkwfdbhcppnple
718	imhoryjcui
719	iuxvftwmunlqyf
720	uhggttpuzezznt
721	rirbyu
722	hxxarvckx
740	iyibpkovy
725	gaffgqdekhp
178	xngsrqb
727	nayawqfgdgcnz
644	knnebqaza
729	aldsdguqeco
730	uugedgodkmof
733	svkdvkipggjtbfr
735	bmdigcfst
736	tqfopcqzr
738	zcmayvfgwta
739	uausck
781	xblef
745	zpcumnqqxxs
747	ilapwsutbiu
737	fjxxhmecflsneoc
748	fpzqlejgdesnaxo
750	yjuiexykdcgrjb
753	lgftb
754	alyljbfhavcvdyu
755	wpkoh
756	etdjquzw
757	fzcqnqqgryd
759	dkotgzzwzpzjrc
762	liiiqrzcpnczji
765	tkibrbfi
766	wepxdidkxqmfw
769	pvulg
770	rypjyjfwrtduvm
716	odxvq
532	wmvpschz
772	zkvqzhcvsw
773	sdlca
774	zesrjfxzs
726	rnfafymwnsbxjel
780	ivydujsefe
702	vtphifhytaryhi
784	mecabj
785	aigjoyn
724	hzjcgguwgg
786	guodovyitrcly
787	hrvijor
788	fbgvjqybhdupqnl
790	rtnaimwcfjw
791	bstaeiak
793	bjxxu
746	ohtooghfqjjwil
795	uwztfbrfbbhlqm
752	enftgvloiajxkub
797	sqfswbwqwdxv
798	bjheihvfyih
799	tvipmxggomqner
679	eddea
800	eqzfm
801	ygmixdpfu
667	npzkhezctim
760	mmbmnhdqtrqwbrt
708	iwxexwwwkycozl
805	tlihzll
689	ndjmiqdgzuzrbmx
701	mdsrbtiwfdhc
778	ugfwyuhv
683	chghkwgjz
672	ziuamrseizicser
652	dutladyigrrkh
782	kjvwyxkrwaxjgft
643	bqkzw
695	hsmvhxobrvu
767	nmusezpgo
802	ldokxabe
804	rsddlotxuzmhilz
803	kwlfypvvbam
367	zgjhwqc
764	ljeqxljvk
692	yszkjmecwfq
807	fruzyny
664	cgqisgpf
663	ikrjwi
771	tduyjn
792	zyktoce
682	mxbuimwkvuopgni
731	bwvzazhv
687	rvdnkhxbipjw
742	vcfexryquomojx
806	fttujs
723	mzufl
779	fiwstte
732	muxxmjhqpf
777	hcopfotnqkyl
46	iictybu
776	lguaqil
660	xzvymqfokfd
768	zyapsmehvl
763	qfvoljwwqzz
651	siktjgrmn
676	xawazowvlosgl
714	rgaqerltkzqhca
761	hmjbafxq
741	mdcbinmiq
783	ydrhruqskqd
775	piznkzxdrruzahy
749	zfgvbynirrxh
744	insvkgqwzno
684	tsbjd
758	oexfjuajxak
743	ofwhn
711	clizxnoo
728	jjzhquiuh
751	ocbzlrbwnb
677	cfkrtquetpxilt
648	iffgde
647	lhxjiiuhdui
808	fusixvi
809	utibvagwxbwxcv
811	qshxj
814	vnmehvbsvaexbw
815	dedmezvgdvsex
816	zzhqqaezhyay
819	muvazccztwjed
821	gjqjzxmhqfvj
823	fsispwm
825	kdsuqvzlwu
449	mipttetipfkqxpa
826	kculzbfubjus
828	chbnq
829	qgvzailb
830	payjnkgn
831	aqjhnybp
949	diykzrjfhh
832	rmlatamushum
835	eatrkweojzle
836	seagvu
838	czuhyzepakmjyvc
841	bxfxnkehfhh
842	qxwipszr
844	fbyuoqwc
845	kyjmssqtmd
846	cviugurth
847	skotcdcbtvhrwst
848	icqaylxqrix
849	bnmnxrjkne
851	xyvncegllxh
852	bbzuavgdvgd
853	qisanrzuuus
855	hkpoyno
856	mjkcpdapwzvgwjr
70	bchxfpiwqgafzo
857	cpxftebshhlel
859	zemicr
860	qzadvs
697	ctwodqm
861	prjywm
862	qfzqz
863	bqghvvdxo
866	iweoyuba
867	wcohcktylae
868	uvdno
870	shhhmgrjup
871	rawaqsw
872	jmjxwzvnvxuspq
875	hfufoskii
876	nxbxlscsfaed
877	draautk
878	tueytkabgsnr
950	ahudlb
880	dwoysdvxzl
882	bmucenyhblfnwrr
883	sodvrdjs
885	gdeixkhpmzf
886	ogqqhscijpypclh
887	qkleo
888	npifyu
889	mbdyzxjrchwgubm
890	whwweluhauymke
891	rlolgzt
812	xxxfenzrl
893	salbs
895	cqyzzurauatlb
896	yzxitsnwm
897	edfbziljf
442	ncanie
900	ptdtywfhztzo
818	xkuott
901	pgufkrbkc
902	fahqckinrknhjub
904	pserrbwyq
905	korrdasa
911	bncyiwhi
914	cxvcjrcw
824	gqrwdbyorncnzn
916	tttamfohxviot
917	kzncpiowfxwg
919	uxzmp
920	uveulbgwuom
921	ctbhvhs
923	gmvfwffzfbubcg
924	ysuqdkd
925	praafvozmsw
926	lpfbustgfhhqod
894	pcvbxsbqsj
928	tpxrch
929	zlumsk
930	zqhxwqtfecg
931	oudkjsaiqi
932	onpznafbffvk
933	dzfcybgjckj
864	owdoljuwzsie
935	toejitonnhoercs
873	spxlqukcfnl
937	cpyqdzznpz
938	svuckwwfg
939	gmernimqat
940	yazplxljrdkkkx
941	hcsftsynafu
834	flcemcc
942	yqiajbwojaxgzr
943	owlrmjo
945	qqjnkmpsrziwqkp
946	pgaaxobsgehizfs
948	llkcheapxeq
951	yqjvptdypfcegd
952	rmsanx
953	fplxggbhf
954	qruddtfgi
955	hpxweiiicxddfhg
958	svjrbeyvsfc
959	ofvlp
960	zllpxs
961	gqzyhgkqpsfitao
963	rmmfgjskruq
964	iyielftxijkj
965	gskbhqxq
966	whpgdp
967	plftk
968	lipegyvlinkspb
969	endygpzblvalbyp
970	mdyccwwhldmkam
972	zowdaxup
973	xevwspva
869	uutholtgjhowqo
850	ocfkxiliwfxwyng
912	exhqgxnejukocf
837	sphutzi
907	aycjauafyiaohro
858	ehtbi
822	twdzopw
918	cvzziwpmh
913	gbgvw
957	dppzzwhkke
302	bgxvlgmsxduvid
962	ehsjgyhsnj
813	srssmupt
915	ilrlyzkxd
910	lqzzmnayz
833	tnyfuepinaercxg
817	qwuxjgher
909	gdinvonmcjtkrq
936	addyvov
865	isvsd
892	bgbmrqbnokypp
899	wpfnfjjqez
934	lxrborxre
843	vzkxah
903	jfxjrmpon
810	wzveswakvxi
906	mtpmcaziqvdk
717	omdhvzmmhflsiwd
820	aoefjprdqdg
898	oshvxvuervstf
827	ibxtwdnvtjz
908	rutyzgtem
839	dremn
884	apqvuibbnernr
947	uzpfanzn
927	zebknjspy
874	axujqo
879	uqsigcalcxx
854	vvdfiqrvjjci
956	pktlsiayrc
944	vhvaqeyklbmcq
881	rivneabpjo
977	luxrkuyn
27	ojqhyzrnz
978	gqveo
979	rcxendfcubeqd
980	hrjgheeg
981	cihxkgcejwhdao
983	snhhglg
984	htuvf
982	jyqzofvzfwova
985	uxnokvhwjrmb
986	pcserxlrtcvg
987	lcfhrzh
988	obvohmg
989	jktljqt
990	fyvdqfqbdstlqv
991	ylwybx
1119	edflupifmbdl
993	qaqyezykbybnuwv
994	ktxpe
995	qhhdqvojpcnin
996	uyahbl
997	myskaqbt
998	dqryzcxcm
999	jlxfjotaduxlkm
1000	uaogabkece
1001	jvgrcygcifmmat
1002	iqenx
1003	cmwnryiykzolwyy
1004	ddztc
1005	cscymqgedo
1007	ltlpwpxscnvw
1008	gesybazwlsu
1009	xoyzhit
1010	pctkifskgum
1011	fgqdnu
1012	hxjhggddpuf
1013	aoapljft
1014	dsvschitzu
1015	bsqjrcwnx
1016	cwisyagsovsvu
1017	lxmobftuzcr
1018	vneisqweruhggmr
1019	oommz
1020	dcwotoneztcfevj
1021	scwtrwdwmodn
1022	ukgqshzmoxgxq
1023	comoijl
1025	cualumh
1027	damszpuelbxcb
1028	xlaicvlwbxkwvt
1029	gqyibbpiezuk
1030	swqrrlrtok
1031	sbktviaxjbfqye
1032	ozqyhzkbuylqur
1034	lvzdlke
1035	jwerdyrdhg
1036	tbfbvomgg
1037	csjyohihj
1038	lybxjq
1039	ehhqfopdaw
971	ewkulshljcfmudm
1040	fjhstcutqxl
1041	coslu
1042	seucidx
1043	ldyyjswrjvhzs
1044	updeuc
1045	wxnfyzux
1046	idiunfmojuafuf
1047	afiqbznthyryqbm
1048	lbqjzqpvzofoigc
1049	znmxzdsvxvqk
1050	tgdvojhffyepnf
1051	loklzaswcfuv
1052	vvhfmzhjo
1053	fheguukww
1055	msrxtd
1056	bvnuglxw
1057	lkgwztigimkz
485	sgytznrqdp
1058	hikocwszwpk
1059	baqusolf
1060	rcpxqdwwclgw
1061	npzlrawmlclbzy
1062	sblxpfz
1063	nohwynaogupm
1064	yldjuo
1065	enfru
1066	zziyfunk
1067	tkgxeiw
1068	qtedl
1069	qymxlbfcoozchy
1070	qyzuqaqq
1071	ntcucfvfucfa
1072	kcvtmficau
1073	kilpagvyu
1074	wmidayhpuv
1075	bafftcey
673	ssmdqiycrjae
1077	ozxnmphuwjh
1079	xpczhsyszw
1080	aouxerfcuqjojf
1081	abwppenoopjfny
1083	dzfeu
1084	xfdritvspxi
1085	fstpchukdn
976	ssniunjtheo
1086	jvpwedlbvnenkk
1087	mnmpho
1088	bzlcknaullmuok
1089	gydbvkn
1091	bpyiiuz
1092	qdsamxxw
1093	patqmeayz
1094	tdyqivcgpspf
840	xgxjopcwbh
796	mlvytrtkp
1095	mjroheyasjxp
1096	ojwokksm
1097	qclikatmapsaum
1098	wdwqd
1099	qlejoxng
1100	ahtdtruph
1102	taqnlslwzg
1006	flcotormj
1103	ydgwde
1104	bvtoanrckjt
1105	vwwjmapmpjlyden
1106	mvfxjdckqsjswy
1107	mrscshklp
1108	bindelbrostl
1109	yoztvfjlzakfp
1110	vacwzjktipuze
974	frvhrbsmwygai
1112	prrek
1113	jfelklamezyi
1114	fcewzjupyrj
1116	pajmxptxabbzh
1117	cglrrxbopguwsq
1121	hcmiwasysykm
1122	awafxlfuajmvetu
1123	hsqexz
1124	mlbacwwbnjey
1125	lbijlza
1126	lkofnvjjnlsqpdd
1127	ejjrv
1128	nlilszmmxzg
1111	flkztzvvd
1130	xyhsxtsf
1131	rmtjfqrxuggna
1132	awjxfxb
1133	xbvfwiag
1134	obsqvcivuaipj
1135	tmuojwrshmtx
1136	cgtlbybxwzpf
1137	ulodmgiipioe
1115	bnogyouf
992	ocpawarrqj
1118	rsywsikfv
1033	ljptlhsg
1024	otgkqi
1076	jxxzabnh
543	gffmydn
1101	nnfbkidkethnrnu
975	twbpnwqy
1026	kqxsltyb
1129	zicfo
1054	wkjnpievggxv
1120	ahnbsejo
1082	czsxy
1138	jtussmgchtoixme
1139	zfrjzjvuovirh
1140	vdqtgi
1141	qogqpf
1142	rxxxrwm
1143	qbshpur
1144	cafaazzzxjbuz
1145	ljtvtiwkj
1146	vnsiiloxkikn
586	pvqlscut
1147	bvafugiflhbqc
1148	dbygopwkpvf
1090	dpmchxeegr
1149	xwrbosazss
734	utbejxfribrw
1150	ishvegru
1151	rkfbbxlo
1152	qdfazmws
1153	jzdcmtex
1154	kfdzylfezcyinx
1155	foizvwyvzomhgby
1156	msqnmjpwhjla
1157	iyvwnh
1158	tilpfasjp
1159	vjvihfnzcs
1160	tfdztsd
1161	dnivrv
1162	wimakdatlc
266	yfmpsltjilpl
1163	igezrzat
1164	pszuiukzh
1165	moxqbmwo
1166	sprutdb
1168	reioatmv
1170	dcxqnjvaz
1171	rputpq
1172	cnvkdylw
1173	dmbtizndtwg
1174	dnppj
1175	pswcgqggbwgvuis
1176	qqnkygovkpbvmy
1177	kjxtiske
1178	wyzrflhnqcwvean
1179	shmti
1180	roymhuhwca
1181	opgzsywlmav
1182	edouwebnqqzkaj
1183	mrsfsetvaimm
1184	lmjwiwpv
1185	rcacxervatneyof
1186	cfwcddixrj
1187	fpksu
1188	nagmlxzlgeas
1189	cieegqmi
1190	pvhiitbbrq
1191	ogvzmjzyzb
1192	klogqkuzq
1193	nvmhqkmialjbc
1194	sqoangjtyfblmlr
1195	qrvshpg
1196	bxckpoetvrtovrz
1197	ncyjentobhwvbl
1198	srzlnyjhwttmkb
1199	xjzfg
1201	yowvovykmwtm
1167	xjddok
1203	voxzzcddfx
1204	oejklapiupofhel
1205	ewcglpvmw
1206	yruvitflrzfiaa
1207	epxuzutb
1208	fwbthv
1209	xoxpj
1210	ekpzzfvzxphlugz
466	rxqqshoaio
922	mowtexomoqndrhe
1211	zbhllddunkikbaz
1200	zigqqqpstzbepez
1212	barhim
1213	rbfhfgesuzwduy
1214	ssqyswbfoi
1215	lovzjgarir
1216	puuzmirvhdb
1217	sndejafo
1218	gnyywcrq
1219	hzevgkmbajcepvn
1220	wrtvrpxcqm
1221	grjblblqt
1222	mowrpdehzs
1223	sqxyiogxlrenhk
1224	klszxuj
1225	hfjjltn
1226	bxschusbjbna
1227	pwnkotclbsb
1228	phpnxhjgpa
1078	qmasylggiqxsev
1229	bllgdyyutidxidh
1230	uyqpeiygql
1231	fqfohsnrn
1232	rxgewmqbunr
1233	oygtfouyivmz
1234	ngccnhzvbskhdu
1235	sghpxcqpjear
1236	yhnbzqxo
1237	uujzkiruyhuqsp
1238	vlvvwxwzqo
1239	gzwtfky
1240	ektxyliamcdmtaj
1241	igdktuwroq
1169	qcxirj
1242	hoznmlytmob
1243	wqgqoec
1244	ghjngrwbwkudkhc
1245	xuivt
1246	erjgw
1247	xxdcajicdz
1248	qokwdwhoeapqfmi
1249	hvrhld
1250	jfnazbkrrqrkru
1251	sarsizoia
1252	ibwthmdft
1253	jagyks
1254	rpoilzvf
1255	jxmsrfbbi
1256	eqehulfyjxqfzx
1202	jkjwufoyyekvgi
1257	wbinieibtmcqsy
1258	itrrwajueaccxmb
1259	mdyijbmeqtn
1260	galcytj
57	bnbpyoozwkoarb
1261	evtvg
1262	usejo
1263	nhcegfiiekuvot
1264	fsasq
1265	miblby
1266	ieuxiiwa
1267	oyplexwku
1268	oumzdlxanifqr
1269	iedfhaka
1270	prrgxkhbn
1271	ibjcjy
1272	fsmfrf
1273	ivxkavia
1274	sdvhpttdttorrq
1275	wpluobefiezizw
1276	korvjicfxisdqe
\.


--
-- Name: category_id_seq; Type: SEQUENCE SET; Schema: public; Owner: testuser
--

SELECT pg_catalog.setval('public.category_id_seq', 1276, true);


--
-- Data for Name: category_product; Type: TABLE DATA; Schema: public; Owner: testuser
--

COPY public.category_product (category_id, product_id) FROM stdin;
2	17
6	6
22	10
1	11
8	2
21	10
25	8
20	2
22	12
12	5
16	32
7	1
14	6
11	15
31	22
31	34
30	36
34	40
23	3
32	27
27	11
35	15
32	37
4	23
11	27
35	41
12	26
2	27
45	30
35	9
45	24
42	28
1	27
31	36
32	56
36	32
9	11
26	54
42	9
17	62
57	60
16	2
34	25
6	20
53	29
18	50
61	25
59	27
41	74
6	23
17	69
28	72
57	29
67	24
62	58
17	63
75	79
33	68
76	91
77	91
37	57
37	15
74	6
33	35
34	72
18	18
35	16
50	90
44	57
58	49
3	89
80	79
9	64
76	89
78	70
40	44
88	9
2	26
16	91
33	92
86	61
94	109
61	109
1	43
44	85
1	47
11	6
67	100
46	69
7	32
33	2
92	59
54	74
79	31
41	102
13	124
67	71
103	126
79	63
110	45
83	34
82	88
67	107
58	22
4	103
59	68
9	115
56	52
74	31
47	78
7	104
15	30
22	6
5	21
22	87
11	97
62	111
110	143
88	144
120	9
102	4
6	102
36	34
59	103
126	57
48	127
111	77
12	131
102	115
64	115
49	133
33	106
71	51
2	1
132	48
20	51
63	12
92	98
134	63
47	5
71	88
122	151
43	110
119	36
69	72
96	103
98	115
61	34
143	58
150	94
127	84
98	145
18	73
100	82
142	85
109	64
62	162
136	34
133	121
105	88
57	94
18	22
61	19
151	39
13	151
24	28
138	140
58	29
102	42
8	75
13	141
85	21
73	16
74	118
116	119
66	21
144	28
64	71
70	6
16	30
78	106
45	45
171	42
132	173
60	85
82	167
163	164
116	187
175	161
31	186
74	59
82	203
49	31
87	107
12	51
58	173
52	153
48	116
149	12
42	103
93	125
80	200
4	180
80	55
64	137
83	126
99	211
111	174
101	74
144	90
152	152
27	80
55	111
67	180
37	152
34	202
167	123
166	49
51	222
178	147
39	140
89	156
76	211
155	29
124	153
91	197
2	178
14	97
170	27
78	194
78	97
35	143
202	84
117	80
189	71
148	106
27	181
80	31
94	162
144	51
141	188
213	241
17	119
30	192
9	67
12	40
106	116
59	201
122	173
171	248
238	248
219	209
64	38
9	162
163	41
234	147
108	270
54	85
207	8
136	48
136	250
93	255
35	199
51	37
136	202
9	94
75	2
76	16
105	227
163	15
136	147
6	280
162	284
81	53
86	58
156	208
216	240
80	138
158	31
83	185
84	246
211	49
125	154
54	110
95	214
234	252
253	289
257	121
143	95
141	18
245	273
227	317
92	145
243	305
167	260
242	27
213	252
252	238
235	195
225	215
214	299
24	76
289	239
170	186
172	91
119	323
217	306
175	160
101	274
171	80
128	181
286	349
76	345
163	188
256	87
213	98
162	278
151	263
122	20
320	7
15	121
20	244
69	341
78	233
68	235
212	344
322	223
241	346
64	281
31	196
174	47
162	157
45	205
301	280
179	388
56	106
227	156
86	79
61	3
82	90
2	129
79	74
303	393
62	394
292	157
239	383
121	40
164	182
41	53
257	358
271	154
69	168
89	176
96	382
185	92
9	243
324	278
187	392
295	3
144	108
97	309
343	257
320	370
77	67
297	290
241	33
73	266
222	280
129	197
367	151
247	169
306	3
319	110
100	57
172	257
47	328
90	194
238	261
227	195
240	390
149	52
89	251
38	353
128	12
92	125
298	27
197	94
188	44
174	11
388	340
3	444
400	438
95	154
19	332
195	77
48	274
3	445
96	229
2	456
332	210
375	369
342	218
314	383
38	17
9	41
288	235
4	25
172	349
294	96
70	70
359	358
26	315
402	154
247	113
54	81
78	173
355	154
87	284
272	6
129	107
348	287
237	198
12	216
190	26
75	216
139	377
49	52
213	7
184	298
378	57
259	491
37	325
237	13
295	62
114	269
246	277
170	485
196	125
124	254
371	304
234	458
28	483
75	171
435	294
95	503
63	442
331	480
317	198
316	488
249	388
450	222
254	320
167	293
151	307
8	34
190	431
347	405
107	279
334	110
319	127
281	98
83	486
261	511
160	176
426	138
401	181
342	484
73	169
212	188
52	171
356	269
365	338
329	245
306	316
210	8
425	250
41	236
177	47
147	222
426	421
63	236
131	284
33	482
113	70
283	122
106	280
248	355
427	481
223	101
116	85
478	516
155	551
314	474
71	42
125	542
12	215
475	299
285	126
473	163
219	227
114	527
247	497
243	404
136	309
432	343
180	568
388	115
232	486
35	363
275	571
112	304
73	255
187	317
152	223
18	425
127	478
365	528
28	527
292	286
173	88
384	412
8	76
335	509
99	536
555	517
339	524
235	98
41	605
445	141
332	52
198	444
326	308
239	17
465	71
103	180
136	7
3	118
154	562
72	597
354	422
27	182
293	169
153	349
342	497
343	397
86	397
217	598
474	20
419	462
250	255
92	285
449	85
444	461
546	387
214	168
310	5
369	82
345	528
25	554
61	209
455	212
437	103
444	256
509	585
477	631
472	315
577	446
78	195
55	41
250	315
96	492
581	288
139	195
112	180
570	443
149	252
256	415
410	387
557	595
356	602
207	523
417	68
412	617
558	164
564	53
611	13
592	518
410	209
145	40
355	226
66	400
103	583
200	62
190	71
588	528
429	611
30	31
58	104
186	93
347	324
430	266
232	202
620	235
42	141
233	560
533	175
142	330
535	171
237	138
185	642
40	161
497	96
491	515
378	604
640	403
26	455
37	324
640	150
48	631
357	692
226	83
527	520
459	525
348	607
535	169
558	322
493	244
243	508
12	352
647	263
20	357
507	651
295	41
100	241
22	31
102	307
479	575
402	476
650	413
76	256
91	698
356	150
515	186
389	151
39	577
594	626
285	178
474	343
426	341
275	541
414	448
480	93
285	516
400	662
246	374
572	83
575	579
320	517
249	587
161	375
503	249
684	661
628	618
29	484
471	592
257	374
259	182
354	474
638	565
321	158
592	210
284	122
462	228
296	494
228	634
24	321
314	51
563	248
539	488
523	342
620	53
91	678
650	364
631	155
289	130
21	194
461	264
320	570
51	109
437	696
114	448
272	321
301	104
54	728
156	346
216	14
511	586
417	143
37	127
382	535
722	70
305	553
250	683
38	251
380	17
291	596
28	486
176	167
458	541
697	308
51	468
232	700
33	542
547	178
68	156
474	265
421	205
221	235
722	302
678	326
700	312
692	714
582	32
306	236
168	314
526	132
559	302
79	171
205	13
387	431
690	651
398	298
512	360
190	366
267	697
518	207
441	692
546	251
555	341
605	365
710	645
275	384
248	697
215	595
374	465
58	239
625	557
77	631
141	410
403	723
262	161
256	696
76	48
705	358
732	800
109	352
639	193
743	371
219	349
132	452
83	48
338	97
560	800
732	410
737	635
603	797
28	262
493	670
757	745
284	613
482	111
701	545
151	442
783	138
441	397
638	43
432	67
262	513
399	78
242	570
716	213
235	268
602	606
348	323
663	662
365	758
481	93
63	779
516	690
124	591
27	759
228	740
600	125
377	67
500	272
641	266
743	214
619	187
670	560
561	77
148	837
667	360
394	813
61	756
180	499
115	674
64	570
183	753
552	474
354	646
522	776
282	138
812	335
833	580
472	139
814	283
408	19
242	848
130	566
51	779
363	659
501	623
440	43
449	718
40	244
653	879
121	356
300	88
507	874
666	542
473	93
252	72
549	405
85	89
600	894
127	249
91	368
326	720
256	470
472	359
38	36
554	590
103	800
318	85
840	265
475	193
238	557
29	746
608	45
771	255
200	673
126	766
382	542
720	433
241	458
85	647
702	677
785	445
571	649
613	341
349	135
669	833
92	155
792	726
574	194
746	765
212	203
576	874
143	454
370	730
734	828
881	569
743	151
803	548
404	132
300	898
29	557
626	216
683	285
649	256
571	411
144	626
208	585
529	706
498	36
344	254
40	543
772	596
572	6
128	563
450	895
394	253
246	746
571	240
583	636
589	135
735	317
711	187
524	699
797	524
478	18
235	69
908	345
370	589
434	424
766	558
216	641
562	616
314	349
676	676
122	419
608	119
183	666
510	848
503	920
296	664
445	130
46	438
807	863
518	488
272	360
265	417
213	645
32	79
146	49
696	165
178	871
263	219
596	839
486	367
833	361
141	186
292	585
657	369
441	88
324	364
288	828
362	593
620	262
342	275
26	760
918	544
138	546
737	227
185	504
242	358
64	770
54	333
603	190
480	363
854	50
779	358
772	32
952	296
367	631
267	317
113	2
63	398
942	138
402	358
706	999
575	802
828	847
230	657
780	298
165	445
209	573
381	822
908	833
333	47
486	649
198	16
314	72
3	978
666	29
933	943
767	275
827	485
19	367
697	812
534	719
478	868
137	160
803	334
971	1000
133	684
892	122
113	694
379	495
593	816
241	529
893	112
707	998
463	464
613	434
734	54
235	119
725	313
131	405
232	69
312	712
302	967
965	178
689	105
112	42
633	358
912	113
375	745
802	871
322	701
642	743
376	1028
983	332
441	549
264	211
781	145
123	220
35	571
804	961
992	504
272	545
250	548
127	620
98	892
36	330
740	458
39	898
789	992
314	620
455	146
729	1082
591	877
651	830
531	322
312	349
125	683
915	685
210	231
1029	1013
335	253
575	814
600	491
378	774
209	313
776	61
92	822
14	423
804	874
8	22
680	736
459	745
331	602
319	300
52	992
335	14
376	713
552	788
220	1062
2	403
407	415
503	942
818	259
162	283
838	454
191	204
984	411
541	112
201	190
984	416
186	952
683	1123
278	879
476	402
352	672
816	256
876	205
328	950
92	996
366	273
794	866
330	835
626	958
789	316
826	231
448	879
981	757
624	79
906	1036
635	1092
1030	841
258	154
977	1060
110	160
699	383
375	557
576	386
1108	502
708	175
543	258
376	1034
1019	983
389	1157
68	1117
639	263
519	748
138	1054
832	921
725	286
306	608
46	987
188	355
472	34
702	702
650	349
552	93
982	1056
904	128
604	115
458	582
58	257
1137	67
949	657
989	1043
976	969
936	454
96	767
940	282
998	995
147	1027
345	222
120	1090
355	399
231	167
673	623
3	1154
687	74
222	512
851	740
976	413
122	784
198	588
591	141
861	268
959	1181
292	15
910	526
38	30
935	1070
734	483
775	102
376	168
592	574
94	629
378	776
231	448
612	252
614	981
1153	1013
128	279
340	106
779	1111
592	415
794	44
714	232
25	642
859	904
57	1208
1038	1066
402	559
346	757
39	720
1033	907
875	937
1084	744
472	1086
1014	904
1150	775
811	301
34	481
859	933
615	83
52	338
713	485
935	540
1000	16
381	229
1141	306
269	188
793	603
760	263
1048	579
254	219
1212	982
39	349
844	796
1089	429
686	333
1045	442
742	1012
496	139
423	196
952	526
1061	977
1106	1102
560	1080
595	876
1086	196
859	1100
877	736
266	519
1121	596
313	50
675	845
1070	618
1129	563
25	428
1034	1214
205	224
753	204
522	676
1210	872
127	793
856	637
1117	839
111	1058
718	623
1161	1197
682	289
275	362
558	799
1154	1116
938	469
209	767
1219	34
752	653
278	949
622	1010
702	1192
208	363
268	254
814	1143
238	687
65	527
83	116
370	1021
976	741
514	247
173	754
999	1053
261	637
359	874
975	413
847	326
\.


--
-- Data for Name: customer; Type: TABLE DATA; Schema: public; Owner: testuser
--

COPY public.customer (id, name, email, password, active) FROM stdin;
2	wgsssjftg	owwnwiqayzjrl	mumgzhspu	t
6	pepshnvjrq	cxfkjn	czpto	f
82	toyrghc	rbbfhcudrkev	qxneklcu	f
51	esglbboe	xzgrhv	whzaybhijpx	t
88	cppfq	yflhnedf	deaokzcb	t
22	qjdqwbebjfqsbwu	dcqilscl	nbrztj	f
95	dgfujworfoft	jekhseerkyip	qylgtvjovnf	f
109	jyizzvlqs	ltepg	gpkfvtgn	t
76	gbxusdzvpsrc	swobzoavbmwmwg	fpwxemrehxz	f
14	ehwftgflgkbzbq	oqqksliffrtjsao	wgllejmanjbe	f
20	quhyvnlotiqw	xvhkklnft	dlmtezascxvp	t
96	nxbfy	ygivshqkqolt	gqjmoqeqyhq	f
84	uguqrb	wfkszw	yvaoqiqqkrf	t
47	eluflwzjot	sweqfhypqj	umlzqmju	f
46	keshwlqfbg	kxxivpy	cgmgillhhdno	f
60	eceukf	uemanjnynhmpb	fzgjrd	f
24	lsazshmywl	kaefzxhqre	pjsgeomygo	f
55	kprgtousglpraf	nywogh	dwgcfxvevpm	t
23	tspiyyjp	ousseaakxsxll	gafxfipehdaxum	f
45	oralw	ylbcmvlc	xhlkuiu	t
10	esgny	pqcpjs	nqfmugzooyhcyid	t
41	jpyjdqnooko	pbdqlnkvnfjgjz	kalthrnowwsmo	f
36	xkexbqhxvide	laacjnyk	xwuhdllmumcjdc	t
87	frdixuf	tsskrtun	ravogc	t
86	mhansjkf	pwijuqax	dnyqw	t
8	jfxiswfwyrdfuix	fkcmmkw	ihxltmoej	f
39	zhattaehcg	ougxgj	dotjzwndh	t
67	wyhrtdbmsmrt	ytfjrisjazkj	avgjkhmcmqd	t
27	obwrvrioxrdth	kambvk	wzozdkdijwzh	f
89	rvfxxrvwxkyttx	eetvmzbe	ljtfjq	t
50	wzjshvcnadaz	nkwvztwjdki	fmwesqwkhdw	t
70	cryofm	suixduxfffcea	juhhdeboi	f
42	hbqsdtwlukcm	bwxfkrwr	dpcae	f
105	sprhvwp	czilxafnss	xbtycahxps	f
66	ankssrpwxhhupv	xmejldxwnfzmi	ntkgunlyakqurp	f
107	pbiqnvviivbsmf	zjockcu	mghid	f
37	phcqfmiidkig	ksiinyqnlxpldtc	ygbrcty	f
83	ccywcwgjmqhdip	yxsiqu	dhhoautdjuvsyv	f
81	jalhabnw	gfacpgrmnoev	idzegrgrqqvnfsp	f
48	outfqkq	ahtsmum	vxyncyu	f
103	oqjvigcnhk	qfcwgz	qjwdpodj	t
99	lgjlvmxfdd	wnurdplvpdoho	zwttyylkzxulaaa	t
59	mqrwfmgfy	nwfraxsz	qzjzvmthq	t
28	bvnsyvqqmpdupj	rrilvhmwmnp	smsmuejnavzvg	t
65	ambmmvyqb	acthnff	bdzia	t
91	fnwvt	behtqshpsjxo	mnhofuu	t
77	lwgjpzf	fkisj	rkwhiixxgbivjov	t
64	hpkvmsdi	mrvlqetqqvpb	xnaqzgwsavhxvt	t
16	dkhkaeml	oorgzstfeinmqlj	xywvxydfuyf	f
1	dbjhzhuwkootne	eixodpmmzy	gbmwrnalvyidlxl	f
102	ebxhljonhxauew	lhhrcrj	vdxnt	t
101	mqpscmsaf	dhfifbvnlfsea	kgspzyqrwllpzfu	t
40	jbvhxfseei	ytcyczapews	vqqywwtdsaphe	t
72	cartjhme	nfryzxklovm	eagbwppgmtbsonu	f
35	srsdgcvefr	wingqrlgqmz	dhoxip	t
49	eisbag	xjkklbppwznwwdu	luntyakkmj	t
98	mtzrtuljmlhcawa	werzfke	sxebrlnqkwywx	t
69	bqgciebunh	fdwqnyoupvlag	agqtoviwzvuhpjs	f
111	ktjxgjnedzrf	ltfxrfaortdw	vcckaaydowqecxp	f
78	nkqpkle	drgeopa	lulprviklmdshwk	t
90	qwmgrmhxwzxi	dmwxaxaqgnfiolj	vqizqvaxbmxctg	f
31	wgouyzakzctxkwz	tuuhjjjfqqwipct	bvxuznylfrzi	t
73	nwjpbruuibwo	uysxfrnukavep	eoarybutdblvmm	f
54	jjayekbnjstjtyp	imiefhrmbcq	wfboraa	t
43	ukpbwfgfizigq	hxcasntxyfdbt	rriudqednue	t
17	tgxguxyg	hvdirgik	nnwoconbcqi	f
110	dmkuhtpwalwt	ctrpphow	whidchhptiz	t
38	ktwlybhigmdog	lqlhdslmkhg	erjxdpetpiq	f
56	zlfikd	sbnwgesbww	nxmusgdt	f
63	cocxhqxwpryt	ivyhxrawraivtuu	ninqcndolejys	f
62	xthkwgo	cxwzfxknbzmp	jbjvnijdpwe	f
3	ztukpkzvgpj	tkkpugkvhiccjfp	vjxxmswxqo	f
75	emzyevppyzuxoz	sfyobtkk	awcrxfvbizcfhz	t
80	dxtqtozebz	jpmicjryd	pskhhalfinwj	t
97	amkbrfgpfrvqzs	pudjecyaicvijlj	yaqes	f
74	zsxpfyqeuxllllx	dbjvgxfxq	ntjpnxyygdt	t
53	wlmjshl	zhskpej	rvgcylzfyivj	f
15	bxwmgh	qityduwen	urlpwnj	t
4	vuhokycdlb	hfgjjfsgw	zrfuyrs	t
21	dcsckakvtftq	bhbqlrskfun	gjtoq	t
33	bicwvurr	evtep	apyezsp	f
61	koqfevvweqdycvf	pjoxnybnns	izuckfdkhhzpuk	f
32	dggkvwum	ltuqdanywqtdgk	agyklpdfpx	f
5	apfustal	vmgaoay	yzzqw	f
25	ilrzxcvehh	rjawofqtwlrcl	iaqrgys	t
9	pzhjedlfzdkzts	hpkggep	goagwwyhude	f
52	qsjdhjfaajpu	xfzqnxgsaks	nsbwwshurvoypij	t
112	wlrdb	cjntj	egvukjftdc	t
79	bqxfoj	rdwhtnnh	vlyxejjhqxnidgd	t
92	wlfmdbrnhsyjy	pnvav	yswvui	t
30	ovszqckueuuqvij	zqwwfozmumq	zfwlyeowwiutxmp	t
11	lbecsxqwugjdqv	pwdnx	ulmqyavsyefnj	t
19	puphzlvoffsrcuo	nakqtsciaomtba	zqmuzpcvavx	t
26	fbelmjvwiezp	dgvmmxob	iekrl	f
57	zefsmqlibpvayye	cqnvhfdkhf	uefuxkduuf	f
58	wbykvvbwtap	roqjlcgqwja	wztdqmglmphcxc	t
13	ykmmuswwivj	yudemzcifodwgke	pbiho	t
68	hwwmazcu	tmrcytxu	yetna	t
7	ftreckfml	rpdqplgumzhdpqz	gxmth	f
34	kteukkjb	apltzdjwympyzhz	ihgonoy	t
100	jwhhycxktrjdl	xdmpchkxmgnc	yjblkmmseg	f
106	ygwyxqdyb	kbkkhilxfsm	rxrmraiwknahdma	t
85	czrjyhuvnx	mjows	hxazpghrrgvgdma	t
12	cypmgvizaolnswy	idkbwtlwjcuga	kiwepxvncctp	f
94	ojhrnhz	gnmdynh	ezqvxr	t
108	lndgzu	iaftg	lvvbugu	f
71	yauecvxyo	klhdknxqk	iqxsjmfytfvtuke	t
93	ujgjhzhnogyng	swexmjwwcepure	ldcmcertl	t
104	jfdbj	giqfyeljvsqkzkk	hidgjefcwdqi	t
121	deoxa	tupessh	pyahkgv	f
213	sewjr	rksdgkkkzq	aamylrvojz	f
144	keciuphs	muhkctwtoefoum	jwlvzm	t
128	qyuolvh	qqvak	vutejwsbdhi	f
134	ciavyzxwe	zvhmanqeaoqxje	dmdhf	f
115	hwcnwxvyvhwr	bajdrk	uvdvgpdhknfamrj	f
168	zpxhsqrchcjqq	iivufto	ltdjq	f
141	ixjvkgckne	fpntakzu	oiundhyy	f
164	kjkpuef	aofaicmsnua	oggkxywlhzr	f
126	iptbhzk	besxnuiebhuya	yxotromtjpxcm	f
161	hxytuffobq	hvweml	rhobgjhcaaba	t
142	tckzzgccycxt	slbqvxkal	ipvike	f
162	bzvhbyta	upvdmu	rvpxzchdhwlvz	f
167	hmxrtnfllynepnn	brkrqrlquk	ymjadqyhljlxfz	f
114	porabqb	xxaykbnlixkqfpl	ckjbyqmdrjvo	f
184	pfjpxseknsr	wxrkf	swxevsmjwttyc	t
189	sqmdhtg	lyifjz	xisgxhun	t
210	ceoxh	bfgoymwpeo	wmdumdnqvlviea	f
191	tuqxnhppvl	ejtaf	zuxcmtbap	f
177	farpjgqgr	kreuvkynvdtlb	qcwgrmoqukx	t
158	njcszbpanpwnfo	dvzbpjvki	qkytoa	t
186	fsbyoicjjuux	hdtkjekqtucwwtb	wrlaisub	f
150	fbzbanhmxlh	adrjwjkblzhvj	tlebhjyezpxcfj	t
122	cfadj	wtintyzejcgpem	ubkajklchlvjlq	t
129	nyjtjtlv	nnrobboij	weyvnbo	t
196	huqlgtwjmkgjhfs	utshhhmiq	coffkbniepnz	f
209	oslqnzxlflitutu	pigev	dlrwqp	t
138	lyywgjabf	gktqmwfnnpasksr	ockkghdjkmsl	t
207	tsolixxohpzwcsf	cbgpyohkododynq	pnadhb	t
195	dfagpwmcmberug	isntv	nwvauckrmbj	t
155	dyzpaznxukbfp	yleztjsgiyjppfj	bkpygryfglfgzc	f
201	nkaopftbiyq	iific	uozvjmgl	t
120	cmdnawusemv	buarnrhm	okkiawnkqdaywg	f
135	omoyziagkdtd	tzyhp	snhxsmlwff	t
203	mzrudkjwdgjfq	rrcdokuoegec	xudofzlzceratc	f
200	isozwwvecs	pptbwnriaknyd	unpvjuyg	f
173	dnkyqzfz	adxuk	vjecvydvzkhxumu	t
117	cgrest	epctaqk	pgcnxelxazfy	f
179	egzuqrwwwr	sipeeh	vevxetrzsbxxk	t
153	cmcblayxwfqyi	ovxgu	znathhptizsmhjj	f
130	wlfxuwupscffcdu	bmtjc	fatshube	t
170	zeazjyomwktdnn	cbmxqhkg	ggakbyvyrtk	t
215	eoxynuixrivkyls	epgzfspid	hdukdfjrhvuf	t
181	gyvdyvoy	mmjafetl	oahxwsado	t
223	tyfwafhvuox	pkgrzhv	miqoblnz	f
157	kgfiumaamdn	xfsqnzet	qxwcvqjtmjlruy	t
123	ewgbnpkvptepgg	ovswfisrkppdqwl	jorgmob	f
220	goyfeidncedmz	oicjzrmkj	qpexwpotksxyynd	f
214	yunyoqvgw	jvkaruxoguerxd	svasmkv	t
140	spdlvenrdxccsy	tjepvvftiutoi	olavfr	t
132	anzvhtqotlqedfc	ebnvoca	gdsnuj	t
149	xapwwqgij	xooscgrctu	eoeunwgfo	t
174	grfqtlrvmuq	mwxwtekcxbct	prdcljn	f
198	fwlvhg	sglbxyheudzlx	fcspqpvfmk	t
113	ysjfrxeuwys	ouegh	dmyqdztucaq	f
151	vrawyygvhndp	awamawq	kbipizblyhgsthz	f
182	strrugjvz	qbitmtnh	ztetbaawbhx	t
116	ethistdt	iilflljwzvn	jlqzyucqycftx	f
148	pebxa	slzdjfoz	zjhiz	f
176	dgjzkhzu	zqxwlzsuj	itenlokro	t
160	bmpmdzaxhofg	jpohjgh	obkfbwrfnr	t
119	yydlaivtqdxpyzb	ppfkhhbrm	ejtiwnums	t
218	luvzr	lrxxq	jldnoij	t
152	mxhqc	hohhiyydixndyqb	suojrkqear	f
197	viimjwdkhyqjax	cfaodymhezmux	pggeokb	f
185	nhrxlohijnptt	pdwadztmv	lsiwgfsrle	f
159	jkihbwrhbng	gbtfzgqkdt	iqxhkianjsr	f
211	idrlo	pgphmzse	cwwjmdqyod	f
175	yhezwfhhybfuwg	qifplxjjaxf	xzsqfqidjoxr	t
206	nvgnohmpxpvlwe	lnnexa	zutfdswqukeao	f
172	dfkmwvopu	orubeitzkzshwg	uecnrdcizhleef	f
202	jqthbuvd	xadbxz	emvnmnyxk	t
217	toopdnuaplpsbj	jydhkhibarqxyxf	tmorfzbcfdaofab	f
219	bzwibs	irhzwc	mzunsitzqpfcbi	t
178	borabki	ybeimnbrshrqd	umphghmqe	t
166	wolzagm	sjqzqaimsw	cruxjpl	f
154	nkalcnyjrryme	pkqpsjkpse	fmkyz	f
208	ryswyeybboix	vnjfhhhh	adsswfbrxznvyef	f
163	xpjapzqy	znkzfvjkwgg	ewztvss	t
194	cyneprkwyspysi	slzykxqqpbvhmah	mzdwouvrabc	t
124	ralvokqunoxjq	siaxuretjszuc	pctvmgpiskahw	f
216	xctqmnff	cqmxgjrqzxx	uqgileymn	t
145	xclouymwhljen	illczo	gxayhnqdntofvh	f
131	qfzjwrpdar	qokjrjuxmpo	ljssworxuxtrzod	t
156	ntrkanj	fzznudnxd	aievf	t
199	sgzuqx	crlik	ktvuo	t
192	ycdrdxd	bnuub	slyeosuumma	t
133	nhetei	vjrpymhaqg	kfnyhvofjd	f
180	rswapnrsmuhf	kzitjfiaoresfo	euatscsncouvu	f
146	ensuzg	stvdnrqqgexwmar	slwdmvov	f
222	eatkkbftketp	ahusgqrbq	igxxuvjtytne	f
204	oaagiysx	cezmsb	yjekjgarbkfqr	f
147	qjtippjatlye	smkubljulzhg	fxjuxf	f
29	ximfzcahv	bfpigvcklpsh	cozckqehdivkm	f
143	zgwezpsduvyfe	qfzpgsllaxckhb	mfmpkkjhzvtrdow	t
18	pwvqtpzazr	ashoemsjbvvmx	idyqsqnbdw	t
118	tbflecwzkwu	znqncwfymoql	akbspvx	t
139	rcikjfvxzr	rlpabsyzh	ofrsalgwek	t
137	gprykd	qaddmaltczxc	xhdhwbhprjbxjn	t
190	rrpkukfqjnn	ccyrcvzdbmeqz	zeextq	t
136	csohfd	snzluiqzly	zeuyhnclvihazqq	t
125	vvtedkpwuj	xccevfukuke	gfsbdbaewtnvcj	f
165	zmgpa	nepxzykgql	uaeamtayqfex	t
212	mulgzzwyalp	ewtlr	tbiwvixzddl	t
205	hoiblrsfnf	bmplyeksas	yfnpnvip	t
188	prlhdwujllpozj	tblqe	bchstrszhmdmu	f
183	ysqdjeglbk	ssbkbjahicb	ofqcuyhupbih	f
171	rivcvjpsdz	jfrqjiwqsodt	ikmnqpvomaodltj	f
187	ccatdx	pacjdxekhtg	wqajznl	f
226	cfnyqmtaspcyqz	wmpwjajhrwz	ehgyhqmltdalisq	f
229	clrcfb	sfjmprbvoozyax	nlirgvipkhg	f
237	brmlf	getpu	wvlyqythryxenak	t
306	ivhuv	wtqhcbjvew	lnbzdrqwbaairc	t
241	fhpbuqxyin	fyxtrx	mmsiumvyaga	t
330	szdouozeghfmeuh	fhuin	dlfealimmx	t
251	ebvkgz	blmlikb	kisacaamsq	f
255	wsihwovmklke	smlvxrdtygoput	gpoooh	f
259	gszeyzys	wlqescsz	tubpion	t
263	oyimudw	inulvgimkuxldph	pincodqauhaztg	t
267	onepq	cohhy	mfzrcky	f
272	yqgia	jamhvdatgoqmpt	lutauvutz	f
314	qhgtezf	wjxfuxsz	nmlvu	t
332	kuwsrgnwdbcep	zunrwrkttqbtw	gjqywl	t
274	hlxyhcokjxnc	yzduzrt	xndvhjs	f
277	gpjejpbyjnp	mjowisqfwttd	rsbfpcziwskhc	t
281	qnqmomueudrg	vvuyhhad	hoxnodc	t
244	dkmgn	ywoci	vygoaco	t
290	bjpinq	mevgy	ltmeie	f
292	wugrtqqfcges	vbmlzhh	fkstykzbxk	f
253	zkyzsqp	lfqnfsvtph	rmseevw	f
297	dyysnf	zxmsfxevzqmgip	fsboeldczhrmy	t
294	iapihsd	thnbdrrzqhd	upcdo	f
308	mkrkxlk	ityrtdqf	jusjwsi	t
309	tkmvyvwqbbdzd	xjnojt	vqajgmib	t
310	drkhzkrm	bwffbziydbew	awybebcvecarth	t
264	ygucj	ksqjhizpnwve	cxikkn	f
317	vbbcefkuihr	cgzueugafnbfb	toeeyj	f
301	jdwnbtgbdm	slsekxlsooerxw	xtkkqgj	t
193	shrqjuvszjcrri	cdigvhjcnwqif	rfjkxthh	f
321	ncrjcnzprhcxmfy	ldbfmyazgxj	xtupuuplr	t
323	ifdsybo	iaiqaikwaqvfkcf	vpbvayl	f
324	faflf	wjqpztsuzdyqeyp	eprjudplfttkmgv	t
327	igcrgil	zabup	bbqpwtcfcnid	t
235	wraqdmy	xrzpdclmifttr	jzahanibdn	f
240	mrzxlzftispseyd	xmymfhovgcmjmp	topchdozh	t
269	rctrdomuxvs	nbnvocf	qqtmrskozihqe	t
284	dllgyroksiem	lyqylxefgvk	qutbn	f
266	fsivkd	wjxmbswlpew	edrhimlvga	t
335	ygwqlxk	zfmimm	rmalzn	f
326	qhfullhkhzcge	yphhzude	avnoanbelr	t
338	hesjez	stqbfxsxz	ydhbuutq	f
254	hfmlearcolac	xwvdofy	rcurozwlzx	f
296	acuwpfpzg	xcpvwhmwbrw	mjzzqiovyjx	t
243	bpbsa	maxxp	wijtlmx	t
303	xipfeaukg	ufxedjzinlvjtr	vgldlcctvf	t
250	tkkmiykyzdm	xhoegbocaw	mtpwrkbpsboyk	f
227	nbcxcqckufoi	etziazjh	pfqdoxyzds	f
331	llebbkezoxvr	xpwronhybq	mvtgl	t
318	zknvbfnmk	enwmbtzpojvou	slsppat	f
236	kqosrfxjoe	szjtfcxqmlzw	vfofwwgzse	f
339	pdugajvqbmlnzq	hvarc	hzhojn	t
334	vngffua	uidbpuwmhsiwzmr	vkwujgl	t
273	hozmnlblogws	cfrwrbnofyitlfi	wmmanxcbbkcqr	t
258	dohuzfogytnrah	midmqycjrmqv	qdokvzr	f
289	dxzfd	ugxfcoypyz	zmtdviltyapi	f
245	eifbmnt	lvhllpzlmhax	jxstd	t
311	lzgcnbuccev	hzbchdgxsbbsv	kaxlia	f
302	lxgyn	xpsojam	adxmolfdcyqkrw	f
275	cefsu	gzpyqazpfuy	jjlxrsufrtsecao	t
270	akgqis	iezglcx	lyehrndzpdfpctp	t
231	otlscyx	oholedtpgcnjl	poddoxqi	t
44	oiijnwhvigqcizg	loefzdbrn	oasmvofqpk	f
291	ilkvt	qvebax	qfhohauyuzzln	t
260	esieszhlmphcxti	afnnyletkzt	uafkavdot	t
256	gfovdahjf	hcvrh	cldvsvpmvgvagj	f
312	cqsfczobvv	jonbgyooenzrnyj	ecldctlsmxsray	t
276	plaocg	vjcnik	uwxzu	f
238	cjrma	fgvgepnnulptkbk	cjfmlkfm	f
316	gxzduo	owvmytyr	pqkkw	t
295	xsadaceazk	vgjxgrtpn	iugeyyned	t
336	nxxewdixkw	mukidqf	aacihbsoyoa	f
261	reikgwyvxq	opeioctrliulm	ukjotiwox	f
304	opeyqs	achmgvtjxtxov	sknbazfgrfvu	f
320	unljqkdohr	venvxinglaqnkms	oeymkj	t
280	jgyeyrpl	tuozueirh	hqfzim	t
265	dmqijmrtiyah	npvllfvcvvsj	vmkcronulnkisz	f
224	pwzcjabnmep	ihvbao	iiieaja	f
268	zgwgkadx	idgrvmco	ksmzvjvw	t
233	lrecpbrn	kdjyybm	booke	t
279	flrctxv	ocmlo	akvrnzwauerkmtw	f
249	ppbywnfcr	dmagyld	ypuzczh	t
230	gfnegjsssw	oaqkrl	vrwkdbxbmseod	t
169	fmkvbppxvdwcacz	rnwjmu	dojwhgubdggo	f
242	thsobumiyb	ahnronw	ubypelld	t
252	unmsfsmla	owipbequfxlxi	beexeqerh	f
225	rmdqonrgdqh	ialkdv	qpufdchi	t
325	mshusnbcodka	htfvsolnkq	zqvbjr	f
313	sdsxe	vcchq	abzqkowd	t
285	qneivgcvqnojhby	wwnwgicrpfq	qxrtplecyshfaho	t
283	gswzfask	lqxwpibb	hvngg	t
287	xbyundiolj	hcgpxrpopcxxiwb	qxkkkakrzpmx	t
257	swlboevvvhuqabs	txtyoaziyqa	gnqljbxlndibbz	f
278	dbwgetvlbdkzvtc	iddfkic	rdqhnqzjtg	f
246	ttzkyshhwsmrqs	jokjfamichbfnh	dxbdmhzzgk	f
232	ofvbdmaenrmngz	pgwlfmjvtistd	wgqdsrraitgh	t
234	hxfligy	nnoofbrsdu	gklggsreyzvo	f
286	dumroj	wqhioowmqvx	bsgyqzqgzkkmdzd	f
319	bibyhkooxhd	dcjrlsna	wyvflsukrmsgb	f
271	fpdtyo	wdoga	elogupnmfx	f
337	kwjnir	kgqquptlgewufpv	euzfljmv	t
288	lqflyax	olnpbsexff	hqfeqdw	f
333	xvgbq	golrbicn	xtdoeojkx	t
247	zqanznfxghif	zqfub	djdpcwtvem	f
329	lufckatxbsotgv	uyjjs	fbpqkdsn	f
228	ntqacyyw	alhbrfh	xhtbkzq	t
299	vjtzorbbsmkvx	mflux	dbcsbpym	t
282	ellvspnuu	fhdmjbev	fhjouwxlc	f
328	wqotxwbksgjxl	cohhan	ifhevoz	t
298	ickfgbhzk	izadc	bgxxcfl	t
239	gbosso	ujtvnhoplpqt	zvvkkenqbvequ	t
300	huwrfeevixwdsk	vtrwvcizjxzmep	kyfhizk	t
307	vhmmvqqphrj	rrqtclztmrtup	mqdcpwmktb	f
293	udqzf	aongi	gupifsoebtadtn	t
343	pxwwmqsniijc	uzzkugfkpmvzit	ymlusuwzeylo	f
351	rssmisvyzzbqjjz	uojzer	nerpiqzs	f
361	ujwysphgjyy	ygqmo	ptpfy	f
364	hescjdj	jlcyqk	vcqkfwxzghcygon	f
406	jtxbbzjlmovq	zqtkcv	acfqflvnys	t
363	mrpzfhajx	ssbzamp	yxljvzctfjz	f
366	vgwrhwircn	wdvbilza	tebmr	f
368	qqmuppyjaekck	ifffnmpahzm	vpktozwyis	f
370	uquybdwqrsragol	fkvttistsa	xyxgjdjoumvq	f
383	jwyogbacwalbdt	sxezj	djnrnvjomrtfgd	f
385	zkxzx	ugvvz	pvjqny	t
389	mxpwxdcrxtt	vkcrd	ahngxvmmu	f
355	jmzwwmbeopo	jywlbjgc	bhojuen	f
392	oegxq	nskzlvd	yjtqr	t
396	mtkxbvqezk	zhhrdnzhvyn	rjade	t
425	jdfbuhecj	nigvfxm	bytqqjqw	f
375	xzwyvckyyxpicv	xcndbhvwtcdnx	psmcoxamtby	f
398	vrwwcl	gcbaalyzvyrsk	ykffpl	t
399	vgwhqiw	xibsbtil	vvmjmjyhdoauoix	f
315	fkxdcsm	qfdqutynwghbdpv	qjkabfxsckq	f
403	rcrprnvlsxrvrnh	dswncyqjilkold	ibxuedjasul	f
401	jaadvini	hynjyiepzhos	pkpsngwnffz	t
369	foaeky	xjjamlwcfxu	ufwrdeshjddy	t
413	uzijoztem	zkkwqwtlt	kayzmrrsghhn	f
380	oovsoniayqgar	toxbo	ljnuey	t
416	dyigptp	uqqaxoknsskvli	xrqntuhycnpjnrt	t
419	absqvetdo	dmmhswapnrpj	hqful	t
421	maonsdey	xgqjrr	kqgcfdpzmbtrzxk	t
422	dlrpbx	kpsqs	wisqlg	t
423	llluq	lzxrsh	zjnwaypageoouna	t
424	vhgyennnhrj	yvifxqodvm	owredootzd	f
426	ecxrwqdicltc	cewfv	oqqxhpawy	t
427	jjrfkrlwluixf	hadwubdijcpynk	nbpohwmdorucqe	f
391	jtzjt	ldakfsyrgiaflz	gewpdvpysntadk	t
374	rreegolxrou	lioxhmvmvbdjfrg	nfezqznlerjxh	t
428	qsbjxntfvjfk	devmfrnoidjflo	zwcgzbbrbxxh	f
429	rgzamnkvqaqweo	yoiiquuqpzzkgy	hqdzvxnazpwv	t
432	kcufsxkf	wcgyhgafbebzbdy	unwazxpz	t
433	kewjtsamaih	tsldhazxtuv	hdtry	t
436	dfwuzkbgitk	dfcviwdkxxrjoi	slilnentqiaz	t
438	cvrvqlqhobghshl	bdayget	auaqzkpw	f
442	isxuhx	tourvilegrrmd	bwthxrcnsky	f
444	orkudwnx	kgruw	vzicngfosxj	t
446	esrpjxrnlevblxg	wcpnglgtxec	fquvzczxrzq	t
448	pckwnmfqow	gbomlosf	ocunhxvuaxzerbk	f
379	xmgucnqkezvclii	nenseifx	zpxvalwrgwytl	t
450	qjdamppcf	pqfsphwjzdgdpn	hmgyhfnkfs	t
357	tfuoqurfawmwev	bsqekrf	swxrxwoo	f
435	fwmlqhwufsgb	hfjjaojeiv	amwhll	f
384	csvsqhrka	piecjoasaf	oydorqjypbd	f
414	rqfjxdxrzbm	btneolx	mxajaehigpuhmjw	t
378	wgftivnusyndxc	lekkdm	btsizdf	t
346	ptvbkydya	ztujwjwd	rcrvvrooaor	f
437	yawmf	wgmzlhbqmblkek	kbsnjpkgkj	f
417	cwaapuiofogg	sxylyhiw	qrtstb	f
365	isnsdqbjtqfqe	ysvyvwemz	ygyumvmcko	t
409	jbntetpzgny	bulclqsy	bkavqrdfwvlq	f
405	okkten	sgvlygwrgrzhkzg	lyhjl	t
387	xpxphfkynaqih	dcyoagdvn	hbyzhgsdd	t
397	qnsgcdjkbhe	xdlna	sklpjuiln	t
390	xsvxambk	skupbvkrtgjgws	sfkslissnfqe	f
395	vivgslhu	ekpbkxtqlxjn	umljmtle	t
418	asjqbzicknjlw	lradcg	ejdkffqmon	f
393	wixvjqak	tokib	anmwaz	t
402	seynx	bsfotwpohod	dxftbmwqqdzvz	f
373	mjnrkmks	wxatdgqshyvw	ioqqhqprprec	t
362	tndpefevjpoesw	hwoqsovrujprpt	fmtgoftcrr	f
440	kbeidydhqzqt	hzbzxapcb	hrkzbszviupo	t
388	jplnisxmksfge	xojtc	axufuffphicj	f
439	ohnsu	rwhbgqeh	hlmavrlqfag	t
356	hmiic	nnukfip	actpsoqbjuypc	t
407	pdjhlykn	wjjkfwemrr	wafpesweiynuygb	f
434	sdysedau	eosopjebyqpvc	ooxaojqa	t
412	rsodugco	divifj	itapeticpfgteh	f
350	nnrndozr	ktvclznkkztnt	mvjhmlakwbggd	f
411	mquanjjgr	bpmzpjygsxgt	cykxlgveotsnxz	t
386	othdadlvrwus	qwutg	kvafjcecgqpzahq	t
400	mpxbytptit	mgkhbxdrbntla	adhubrvxj	t
445	outnltprrdr	qzsfgpfzbqspno	kcwfyds	f
340	dheku	jecvdjhzvqsdb	cgzxqbwztvdi	t
377	sikxmyuvoexzjmv	fxrtlzjl	bzljbsrpnycuqt	t
394	mjguovlpbbiq	jqdbhzoytgtm	kiwdtegnqq	f
341	scirpvgw	urgeuccoiw	onnbyk	f
342	ixuxisogpke	xielrd	ihznqmzjeqytb	f
305	aycylvx	cujirauox	zbxviseyuus	f
367	xcxtkazxf	srbfbbmzun	rjqaohfulk	t
415	qxkhljvuai	kosuajbgrya	qgbrxoxo	t
410	ahgijriled	cchigbogjzj	glikiozui	f
443	phzaic	phzllasm	swxqozurncu	f
420	fcqitqxidu	aqaysuzvhyhzns	mnforuzueqbwbt	f
347	dnrbd	ieolddytb	basgn	t
348	xxbcthheznun	cgnilxkb	qpwfodyw	t
381	hzscfubpzb	bvbrev	felwn	t
431	zgxsduxumkpqozz	mvwulnnndtdkdii	envheqieppvw	t
322	yranalneqbjkj	demkxido	oyekrf	f
344	yvoahxkkwu	xstfrjrku	newrvsdqhxfart	f
382	paicifsze	zwyppxd	xwpmozshelipdy	f
352	htqsyj	nmmmz	rbckvthuknlzz	f
408	eqjxfsyzj	bdiqbwqm	ysqycxdqw	f
451	vxwjmyxtr	ltyxnbszjysxmo	svchyncaeqwtha	f
371	cyafrhzhnwfus	ibjvq	zjrwkotcc	f
449	pufvbf	mcutppulb	oepqd	t
349	ogxtxftraybv	fjcdehdyqaatqa	aagcawxijibg	f
404	nuzrgpuhidvpigg	uylanc	adxvynovztblvx	f
441	hjafmplwc	bevkximup	gblhghi	f
359	zdkqnsibnhxuvnf	usdlcfrzpd	pkcfidnkrbpx	t
430	kxypfvsqmgjrz	jysujuqwmzhthy	ziema	t
360	kgktqehj	azhsoyux	dksunvkzeine	f
376	pstrbsauohqad	qyzly	dgpnfbrbpvzc	f
345	efmezemtszgbe	fnstniie	jwuytrae	f
447	aogytlwncxk	rybjfjnoplcj	aepgdbbbsfat	f
461	gggpxscju	tztrtlifiqxjl	ssaitptfc	t
464	naklkrqlepsx	btteihcecxxq	banouph	f
466	gltmmmfuslwsw	bwcwxnoqgpii	hqfrrhy	t
467	zcnhngfzknm	ajvztgyjhszp	effvddn	f
472	jvoyrpkuclejq	cxaptgvg	uxnmbjywtcctron	f
473	mbgxevuj	piezpktbyzhd	nuier	t
532	bmehwmrommye	evvwgzbavhyevs	mlvowfmuj	f
483	wfolnjc	umzhfnpgrvdaawx	fozujmx	f
484	xdawb	keyhigj	jpmwis	f
489	ocksty	wwuisivrdltz	yucgdaxceorc	f
493	pdpscyrtmom	dhfnxcyuf	neocwvzpokvjwbr	f
499	sbwngthv	dtdkb	yeffmvf	t
479	zifmdnnztv	eyjlickg	nxtmcmelm	t
506	gtbcqwhtdsnzqd	lncfnsgtq	mvuxstfldim	t
507	laipkbkepskqgfb	bzxowldlb	cclcdnblk	t
491	acalzpxsmujw	xoubz	zxnrdlhorfmr	f
516	wdaqn	vpiphuxurcawuw	mveffskaiehgqoq	t
469	xsronoz	dlfysfmvwlbdyph	egkvg	t
517	hqdgeylq	xqlhszebhdzgzg	nquhdyxuxyv	f
488	brujzqguuptwtje	hebbrlkjc	lrwpfdyuzel	f
453	lrpbzgzxayz	ibbyfyapx	oukzdx	t
518	hvgfzpayfmysv	eiowwz	uvdihmokywrgv	t
522	dtvai	mgaguyyjtgfqw	revalgrintsgpkn	f
523	skrhopqxqcydw	aftpy	dgvpuylitpotezi	f
526	hgfdnkbm	phzjypssydzqpq	uwyfjb	t
248	edlrvqmtvgrmobq	nedof	shsnwmdwu	f
530	lchbrulqrtfe	aiufbytubnok	qkijtxuhr	t
533	mmovssziac	apyjaaxx	jrqijwcyqknccu	t
501	lliluqbgmlb	xgjzyclgrwvqfpx	zzxkvqraqte	f
468	exvnbpoztmxqat	nqoec	zssdpdonawp	f
540	kdrzrnzokcooo	avkqilakwuekcdz	xhaltsxfxylop	t
541	hzfzpjgbv	jbrkjumfao	gnnkxgzf	f
542	uczyrcw	koqgcajhvbng	buvwnqpfjjp	f
497	ivczewfwj	awxxgyzjqyusbjh	brokkoqrtelvi	t
482	bfheynqywfghemr	ojzropppxacvhh	pguthjzoaorhefi	f
545	xejmulylmpbm	nxhrgwjsjbvpy	ghbgeeh	f
549	pnchvttvs	swthnbcukrtxww	nkfkeidmeywvndu	f
550	yxqwzzyulxi	lsxydnrvewj	hejqex	f
551	msfkhpvccrufw	eapvq	avvtjukopzg	t
557	tdjbtqjghcubrzx	yqyxosqkrlq	upvxycxqgcd	f
460	ydyegiygcg	sakxgfuwsgydoci	nrimxvglf	f
561	mxnrspd	nxplxqxmseym	qxhvo	f
563	gwwox	ymccttsvxqp	uvlszn	t
465	tjtgdaqoycscrf	oeaxtyci	zaqxhnqd	f
358	nnljxuald	ivrukfxjzqvo	qkelkxgusa	t
539	gubucyqlcm	gxyvyxyivhaxidm	bgbkau	t
511	ocggyql	jrzzoed	fhlnbvfvwczxose	t
515	tigsbihrhqcw	zujvpl	jaxrjpcjnnbhm	t
514	paoxdpqetqzn	muxycmcirjnpqq	wkexbwpfw	t
477	dpbuszlkgwxfoq	ybuixjianqgi	inoorqwfbbfh	f
459	bvmnxdnqwmmka	monxeclvpjl	hagibbqupp	f
525	oivknrm	jivvokopjyiwjo	basqik	t
505	vufkvbkugck	izfreeggehz	ovlpeuxl	t
457	xadyscpzaafn	biwhxehnhntb	husizgvwic	f
554	tiqicqw	mbazd	oduggva	t
480	wbmihwho	oyxwdxkos	qsiuhmbcodtil	f
538	hqdidorcdyrh	ufxxb	qznaextk	t
485	iboobyzuuprz	swzexwwhbiiok	yxsfu	f
508	ofkmi	xxifwub	ahtzpbikvjhdr	f
527	jnfsg	vvgskph	wevuhcmmosufuly	f
487	rntpgvssf	vtzwenqki	cpzvxe	f
524	cvbubfch	xoqbfffry	jecmgdmtomvdbf	t
562	hmjlos	ohfmjp	lbsmhdrwsjrr	f
471	hknnzgml	sqcjtecvaitvpe	hmfve	f
504	vzulo	cmoxomcmeyybkgb	iopyzudry	t
544	odfnimrriopwmg	mpbjruqx	hbexuqgslxuubx	f
478	jsrjxirbzbuqvn	feavwtxdbm	urjif	t
474	ruagta	qctrsxnmsssjpo	jdiwkblkggmklpq	f
456	wjrfa	rpicipgq	geitzohcvhdow	f
470	nmtsrabpa	zsqqoefazkv	izkvmz	f
509	bpilmijrgrhnxa	esblakrxagigzv	sojetrybvm	t
502	xihncmp	jyxqcrago	ycaeb	t
555	qabdomcefwta	wcehjqd	ykkswfssyaqyuc	t
463	kwcujketdztf	dcldpen	sqmnvmb	t
548	bskboazhct	zzxoeillhrwrwh	watxa	t
547	ulkmd	evhpaq	kjswrkhliqenglq	f
560	cbtsk	zhhifymlj	pjtjezvcitecsr	f
490	mymrfhmz	hwreanjs	innrxx	t
503	jqtyyub	qedwmtarzciyint	jcxqjoqiw	t
529	tlutxzqelufwcd	frnmugeuskxq	dsowbtwr	f
475	fcfifvh	nfawsurvl	eywzavtlkfudn	t
564	wczvmm	zgmws	purepfvqmjx	f
536	bszehdzts	qfoqsuzcuibua	hzpcnljyq	t
556	qzxok	ycnvvoxaogcst	nfkcomo	f
481	hbyocl	xawobggypf	xpuoeoywgy	t
354	kqsgopj	vvwdulalhodt	klczxhkogyinzhm	f
519	iewcf	ofvemyzzagqo	wzxjpmde	t
546	rrbgmgo	wgibxaaa	vkqzfiklnpjiekc	t
531	roznzq	ensrdolxwyk	wimqwmbz	t
528	fivvl	aseqnnsoxagcmh	xlplwhhzteeftxn	f
455	obipnosfbu	wenkrnsexgx	dgsmlksrjiisx	t
552	uqsljfthzjljxvh	tcgpky	uoaimkh	t
521	udhfkazlxruacck	ydjgbsiwjb	yyuddvyuocddg	f
486	ohvxjwslrnel	zzkjkqhddilqcgj	xcxpg	f
543	psyuozm	ycktxgl	nfmtaoytzoao	f
535	voykzg	xiveye	myonhovpnjfr	t
492	hjtcf	pfkxg	wrybnvhoueuz	f
454	ydfjdqt	dqdtmckccm	jhoeczjxr	f
494	iygfx	moxiwc	oarry	f
495	emhea	bwrzwwcm	nabbvffwvj	f
496	dvdixpupf	uownfbkh	vmwquhafapcuhmg	t
513	jwrcrqqglphh	xzkzeawkkxly	ctiac	t
512	drfhhcxxqq	ebdjmkzub	syrpcn	f
558	dvgpbejvmo	saccayyovv	fmnzbrwnhkde	t
458	mhwstqaxgnopl	hhrvbbgubufsdc	znwcwar	f
559	mwqcsjlkqjrnsn	zmydg	issmyms	t
500	puwoozbovacmcr	qtpfstwfdrggzdg	pcwsfxzzf	f
534	qwqjosjfnar	rzfagizoisol	uebujpalnr	f
510	acyqmwnfw	ikhqaglz	rpwovnrvamazje	t
537	ryirw	luwmujuhskdh	vfzaiuko	t
553	gvcmucbvaqmzii	lxfpfptizamtcn	ayyyhuhnzzrzuo	f
565	pldhuewvyvfp	ayzibxxjggvqfs	vdhzhbimain	t
566	gjanlwpmecixg	xhhlwfzvdgvtvim	undmfgpw	f
567	udtlssgwjzwfsf	mbfkgezrw	cnseneynl	t
569	etdixlduumsooe	lrgyw	jfdvtgk	f
127	kycijlglxofnbhm	uocma	mkpvonkydbutm	t
570	wczvwjrn	paajfbxwzgwu	efurrsgjrmhuji	t
573	yxbeacxvvonkhwl	naujwe	fifby	f
578	qwzwyd	ubwtrpw	nnebw	t
579	nwmqf	xpyrfu	sedrrsrhigioe	f
581	aohycehygys	hnhzrilcnpdozp	wwtlkdw	f
584	tmejfjy	ezuhtqta	cncqc	f
575	nhmivnsyqbg	bnadtpkeyat	xmgnhcusz	t
587	flxvmjxxxv	pwjnpdjq	oumfxqn	t
589	yztmznc	ohwqvelvxnzs	lctihc	f
590	cykmtreyfojn	ijwqm	xouifklqkkjz	f
594	egrga	wncexxl	qkhxlsvbade	t
598	upixroi	nggmjtqiibuows	jzbstimdkvyb	t
599	fpqvbtfkpqx	yplsueuryhheixd	ostdvpk	f
601	rtlyqpsspkqx	hfhtxbncbioo	eevktbcahnceqsl	t
602	kjciqb	xlhfsloxbvwttuc	ulhfu	f
603	oqvesqfta	rysyd	ggkgedk	t
604	vsbczcpojlbv	anwiqiamfsaxfub	uwzqatvy	t
606	lwwqaxcyyp	fdntheyxxdft	qvwjdf	t
607	mmzcpwwsvssvsh	ywomfxvbhnjxkd	qgrehkua	f
609	tjknns	dzehl	gotogrc	f
353	ngenlxcwqoyfsew	ohsiyppmxfem	bmpjygye	f
613	tyveublxuafdk	oastpi	ijdebzcsqgaac	f
614	yuvcafzq	orabwqeutjy	vpizk	f
657	nkvbz	wfcwfygxlpem	mssnr	t
615	walls	taokatqbdnssypn	bogruxg	f
619	yhhykdmcj	wxpkqqc	guaynzadjtihw	f
658	mmzcwnglzenikac	ekerafdvpdv	ozqekkcty	f
621	gfsnofonb	yxxquwqiqonuty	dcjzroqrxhfnqv	t
623	wnxdaixu	ocxlbrsf	vcsqqopezjs	t
625	ardtt	sbfmhvrgtzecok	qjnxb	t
629	fedlagygbvcjm	woqwuni	fjpko	f
583	iywgrxlkw	sxyxw	rqhuxhlfkwkef	t
631	atcyxmgwdjoyxfb	orwuytbukh	zkjexmmglrnsj	t
633	rzgnftyeuklfc	usetorbbyq	ljrhqbnp	t
634	fuyvcn	nudqmnugiql	jqwtfinzca	f
635	xiahcl	xpmzlpgp	jtrveikkuxe	t
636	tavmtngeoblitlt	bznnfifynsjxl	spfljdsldmdntrl	t
637	mgiylm	loghwrno	uscuvzaqtzcc	t
639	xabrtqxjvmr	gzzyncgybou	ggxeqbvxnzzega	t
630	xipbxn	vhjnpjznp	ijxdihdom	t
641	gmqumfguw	rleqhadufb	wzdtcsh	f
585	hycnz	oajnuerxjg	ebmynxrrxvkjbpd	f
642	tdxyhhw	ageuvfgugzqcu	olvzvec	t
643	oxpjizrzzfczhz	xebznnvygrodzeg	xokfaatv	f
588	yosjloau	rzfftjlc	rteikhppp	t
648	niufdtrpssj	szpciljboils	xtlcqehqpw	f
649	zqtxrzbw	uzwfcwnbb	yjnykrscaphzmjk	t
650	qhnusgb	vqnjngr	cdujlsxkzkwxlm	t
652	daawq	epjescmupbkq	ljrxc	f
655	bjjuxydah	ubsshupjbsijcc	qlrscmb	t
659	erupolxmtl	zfebyyxpl	tvgfvdmp	f
660	dycqtgyzwhsbdtk	iijwye	xhoslardr	f
661	xkhazscftwewa	sqretjoup	kwifnzjbcgef	f
665	xiwkndaukidokb	xuwwkteixmtew	gzsemvremkqi	f
653	ficveabcuo	zbnqrkcjfv	hfwmbzf	t
666	sgvtolvlflq	gixcwhuaoomfzv	ethxajstrktjzo	f
671	issmvct	qruvummyibgxhfy	uqmsrricxbxrfi	t
592	vgwle	wqbmxnhe	hfxpguhoa	f
662	flasdpru	gcntookwjaxlprb	avmsryel	t
668	qfoji	ramdnev	qwkywb	t
626	szagw	ozsvtbhcapkw	lnpuk	f
670	yieksrvjfbsy	ewlmzrc	ztmtalgmouzjtn	t
582	ucvtnwccl	ggkmvvrhzbb	ozvizlcdsqpmho	t
617	pbdtyfj	ibvwiehz	nnzogdyuky	f
586	ifntwakhwhkzv	xpemc	wthqovyrbosrd	f
645	gaapjj	nqmqravguel	shdovrpanwi	f
673	rmfolb	kqchqnllip	aatez	f
676	dkuynveltutrm	wcvjk	ahdjmeigmy	f
597	wizkwdpsbbp	pzgoenv	fojfjqumgsbbk	f
640	hxclcqiyhkda	fblti	qrekjnm	f
571	ygnfrenza	thakei	dazwst	t
663	pwhnpzhmwrvbtas	erradmrjvyva	xrnvckz	t
620	ncjbfwcbsh	rmylvljxtjnncja	hjnavwdoeyjtmq	f
593	qfsflfm	sichntoqnjcihlh	kqfmguctlcsbejc	t
654	dqymtghfnh	fvjivfpr	golouj	t
611	vedvru	njqhm	tjrxauxuybwusj	f
572	rjrhfpgp	wgvcgm	kedbgzvfdxvk	f
651	jifhyqmqauecnp	bhmjk	yrrcdftonmxig	f
669	hxzkzmapkzzwzu	tztsamggwowvkun	qnrxrxmx	t
616	wzekdln	kpjqfydndmbdh	xjmci	f
568	qyjbjasdfvdhkdl	epmmebibh	ctmolwmohzvpinn	f
632	xxwmmp	dzeozqipptld	bjwcjjqhjqypuot	t
574	lnsonfg	mulanptrcbe	rxbjwfry	t
638	vavhttubtk	evugk	fwvudkzllxvx	t
628	ofdhlpz	qtaxa	hodlmlneh	t
612	udxqxmfpwbcczz	scechpo	gnbnk	f
600	mgpbebvdjfikmvw	pkapb	ogafkemzniai	f
644	fuomxx	fzzegdzrdwa	mxxnzbzzxnwx	f
576	vmkifeyws	dkepvtt	dmhnhzbc	t
646	xzmukkkfsalab	gibllwibhh	gfjpy	t
608	alyax	yxbsukcsjog	wcqsfha	t
672	lzvbgxaem	ssjkav	mpnbahpwfzebgh	f
622	mdrgf	wdsqzs	kkfbsqaua	f
675	ssosnrg	ztrmigtblcidie	eepkmleq	t
627	ejzvxrjphxtbxa	ictjvadgbqq	xxhshlgaorlurf	f
674	crzjxckxpzgq	bqlie	czpjhsscn	t
520	jhogwjkradfmi	pyasmxnnezbtgch	oysge	t
605	yqkjysp	pencgear	prtmfmnwelntvkg	f
596	trtrwq	aplcxacidk	fffrxbjpj	f
618	gjsrdozvvcknyo	lpchhmwfc	nnahwp	f
610	uzyknlqep	beretaj	xwfxgsgn	t
591	ncbvxvjnypwopmt	dcisvbkrxfzcvet	snnknknydtqbq	f
577	bsgtitvphaqtp	iarvymif	qlgyd	f
664	guxtxrshalotae	xrtnuxv	lamsmfuu	f
647	qkmhs	tkwmwcr	brhngxrcaupru	f
667	xksuqm	mfrfizzbaaqzn	ptfuydlkw	t
656	ufgbqj	ypdkcpirhl	ldvtwiqoqccoco	t
677	npvnzyxtzjwehww	deniqa	nimkoq	f
679	ookzwzzgjz	nuiytgm	qlpsmskqwph	t
680	kluzszscmlhf	edvajs	gbdywmtsgfnm	t
624	tvhcrpdklzfuuq	unimdz	wawjzbyufkomzij	f
682	uszkw	oijudaojuvmhhr	mdvidz	f
685	llggupqxoe	lxoxcwrwn	zefwgc	f
686	soeypequl	wqkkso	lzdyoxjzfwgpmmw	f
687	oiqsojlodx	zxerkliqhpvnwq	dxhdm	f
688	zxrxnpuhutr	aqwjbyqequdovmw	cxend	t
689	lguckcxqtsnt	klgbeihgwqc	iheowhhsp	f
691	yitequvzqfsus	brrvukbgz	wodcsyxtdvqc	t
692	rojofoevzyjpd	ldmnecisgrtufbm	fxcousukl	t
693	kjzxczrzvttuj	yaaputzffqw	ogszzrf	t
694	wvhavh	wnqwzcwnuwzb	mcnjxhpb	f
696	scdlpzmcub	wqrrmdcftdju	uyvtskji	t
697	dbdtzbuvfavhin	pdwuuebhfjwg	aewpnnhfg	t
698	orjjkrzd	ocugpqybahisfgw	omksoepcw	t
699	chlxi	nwqiiaamgawcu	qixjduaaofwmu	f
701	fduslzjyz	clwfnsxg	gykqicmviklby	f
702	yyphqvxg	qsvlewnastpdknw	foyltj	t
704	xuvbpqgypwy	udltynuyhi	kkjwidcsimaq	f
708	oiqpwjmm	glbagwetzr	hjsgkukdpntzmpu	f
711	jjiuiatcddxp	zibdfo	djfeayeasdlbj	f
736	lxjobcpbnfwufs	xvaczqvepiog	rltpuhmxlcuu	f
221	ktigwrmoi	nglxebnvcxd	vpenqmzpkokktc	t
716	okhxh	csbyrjcqso	mxiwlo	f
720	aqyfpcyyysn	unuhtbrur	dxsxjotuyw	t
721	eaxkohmg	xvhkeucdqdttpv	ddxohmfuiw	f
724	hddzedrsxwbs	qjgakcjkyq	qiwuwaejtyklvzn	t
725	pxgcgmzqqpgy	qpnqf	tryfa	t
726	kzfrjemfnifofu	gajblx	cwmgcj	t
727	ducqzng	yvpkuyz	sbppr	f
730	gpaxsyxxumrq	skcanwd	oaxpsmrhzigyaky	f
580	nhautvsxtuvnbzc	wetyedkswxjavnc	zhbduywwpcivjx	t
731	mwjdhogtxdwomgp	abzqhr	ghxsidhgjhuzsh	f
732	pdexbuiscn	pxjyoonf	cecomi	t
733	fykpvbr	jzwjitvihxw	zrjyqt	t
734	theuvvlkwzdjpr	khexzwietly	wqawv	t
735	wkkaqokkk	qjohsqopy	doqfkn	f
737	bhswoeic	mokdjkfh	jpjvkennobwj	t
738	gxswmudmzjft	dqijcnvzgvroh	wxtrpeeaoj	f
739	trvpggaoev	vhdafzfumtrbx	gxrpnlanjogdr	t
740	mwioegfdmcpbtf	lejsqkusuaoj	hnkargus	t
741	flgbzrzmyic	rhxzmntjxbbb	hdbyquh	t
743	eokexkkm	qtrvvajth	ansivwaxhevm	t
745	eulnyjm	febizrjopbip	trynf	t
746	gwmskzyspt	yzwqc	skxomlszuenvhbd	t
747	ttjoij	tpgdyzh	xdwtarkoie	t
748	qjkurn	nsqerucuep	rpvppel	t
749	gvskmueojwb	nercmyklwrv	ezaxerci	t
750	fbzyrrpxpxtt	kogrxvij	rcefybpi	f
751	okeesmscwl	avuccd	gagcjwapscso	t
752	tkatoho	lrqelhkjakrrx	ebrazrinxsfba	f
707	ckacnkkclifj	setyxfftv	ikduendfascqm	f
755	erbwfsmajiwt	kxkeorv	kecsirbgrx	f
462	kfxqrjcwzn	bjsmtlbgdlbn	aeojrsbhuatr	t
760	dzdtozkznmredvy	fpsgcetns	ohdaxqeknwsk	f
761	jceobqi	fecsbhgnfbw	dzajbyq	f
762	acitvxsatwzy	wrmyzihvbehm	rwinl	t
719	bdatmetql	lbkpvrkuckboda	xefwbagxlywsj	t
763	bsodpfyeqyuu	ijszul	aznsvppydew	f
764	drwfdpiar	tuarzkbwknkgq	wzirlzqvucokow	f
765	zebryuimvupei	siylpcld	balxogtjpzf	t
766	naljffaiioaasam	xaxuetnbenvavie	zqhbnebkhn	f
767	ksoxvc	zfdjar	owbpsmnyjem	t
768	mpqdgbmojtdh	eufatfbwxsct	zjoozxgsjoyrfhz	f
769	gyctsnonsg	huyeb	fipip	t
770	mjorlg	ygary	pdefnld	t
678	omotcspkvalu	ljdgsgzqua	zgppppuhhrqmoji	t
771	ohkboxz	hmpkkuic	zxkbtwhwpg	t
684	sehyonjhro	mcekw	temschyuk	t
774	dahofnrurakooex	lwxcfmscnx	xrzodrthvxkg	t
775	rndwjbrf	rczezqebrug	gntalh	f
776	otwjbymsp	fmecci	fzzipin	f
773	ztidkhdwgziyzk	mkaredafmqcc	gtfxdujhml	t
780	euutxkudechrao	maaymlqcumth	yfyopzjcw	t
782	dqwbalfhgsnsop	bekvryshbnzgz	ohyaakxp	f
783	fogskpytgdypqvu	zpvlvd	yzdisyi	f
784	dfisebidivu	gkyqofvh	dqgzawpzglrevbj	f
785	gmffd	xyzuvgk	imemccrodsxxp	f
786	sswuokndjpqcpwv	treabs	dcsozqurcil	t
788	rvgbwhqljflfxyl	dvjevwfddlfgm	tiigthfayw	f
713	tqnfq	vvmtskgcnz	becxdexi	t
778	ysmbqufbndxbli	urjfeye	bzdklnzsvsxdluv	f
718	pdoszybslju	neyinacgko	ywdsviawch	f
787	ufavgnslf	vahzcec	hyhomfxhsdqx	f
703	hokmaqpkv	wqjmzffu	pkcxe	t
772	yedzhrqurwriu	btgap	qyyhaf	t
710	lbenkixcdd	zxwlfxjtyzxf	xtwmyeag	t
709	pwxekxoj	ovnyykvlks	rvtlrx	f
757	ohgzzgp	ldricrvhggts	moyapgxs	t
700	mkdrleyrxadhwkf	dahwkljlbxvlmpj	lhhqynanrbwhbdg	t
742	iwzhmallb	rnmgojj	ffzmueq	f
262	egkqtkbmkhbll	psoyrkrfbpderx	zhsvuthha	f
756	xfoyf	xeqyfl	zifivqwxwmvnv	t
695	dhvlqbsqcm	vklojf	xqvlyvjq	t
715	mnoaxcezhccxtu	vcuwlzm	pgckbnfnhjwctsh	f
753	thzoftmo	vkbizswu	qtkjv	t
754	kefqbkxi	vonkzpp	iagis	f
722	jmlyig	tcnvoy	giryvmsbj	f
683	xboqkqnqqgau	fvxbedbsudtbna	lzikejlmgghpogi	f
690	pveybdzdjdezfv	jkywqfng	qxgeynqc	f
744	dcktx	ukfkzovbvkvltkf	vmial	f
706	owbegjzpcchvi	xmqlzfk	qwfycnverzmn	t
681	fpxofmiryezy	swvtqnthzxm	jppvft	t
728	etmdqypjnxydeoc	iqallraglrmh	ldguzcmnekwaza	t
779	yxgsn	egiwonrtutgdar	oszyrqttmahvyrs	t
759	vgkodmfrcifix	bcxvd	pucxusoktdatr	t
717	ywqfeg	hrsjjyltd	fjpqse	f
705	ufckcwiatwvfw	ygqppjcptiztniu	knulbzfxkyxmox	t
452	hlvrqwhkd	kfabbpmfozx	ktktqwlyagnspcj	f
781	etwdjjzw	pewluq	winljqr	t
758	itawgwl	hyornfrqorlo	gtppcusxwebg	f
729	kjxfkd	hjoawublsd	unorom	f
723	xerivbebnwn	kubfpyqvx	nqyothtbjcrzfq	f
789	izseaissuxrq	pwbfqc	vxscgde	t
791	scmgfkfbqbmx	uqrjfenp	ozggkbcpaccp	f
794	bsijrsryufqw	vrzdyhnfewg	dkacemlprokdpof	t
795	mhjgbkvlxgiuop	qdbxpn	ixrpmf	t
712	asdrnuajqndc	bpthosetzx	ljresjlsfxwmkc	f
796	yrhfqqerpbftb	hepyvn	suqpqgryic	t
797	tbjxlmbzhx	xstilh	caqcfbqwzl	t
800	wwlgaboc	xwpavhrgrfy	bgydotnajosq	t
803	resaapugxs	wyxchpyenz	nthcskzgkrawsg	t
805	kzhgzqh	bzutktsvl	xgfeapq	t
806	yozoowgudbymnxn	oboyz	srhdegdkf	t
807	swcukx	xhqdzyew	htbbttald	t
810	jwmykq	pmxdfcz	fjbclijute	f
811	zrakdxzj	mrjtapphdmmjk	eyhnitklaqq	t
812	tdnphbtqrf	cveuyq	zzsfavpwjkcux	t
813	pljxhmoptxzgqlt	gpbuscctzxs	ghdhnmi	t
814	gbhicftpli	jxdnryfuhpqs	ycfczczjzaeqo	t
815	nwzvpqo	ejbxpkn	fkvghkveqmsgiqf	t
816	fqylxbtpgqycm	pjjiiwjwxlxexl	pmujveahywpt	f
818	xktoomsiarwah	jdnuto	lfcdn	f
820	nnykq	gnaygiixulrp	mdbzrez	t
821	uqkstnd	zwljkutmeu	rrixgskdmrmyw	t
822	arfkzktrebxxmg	qxcdmizmaednqo	vzrrpcjssq	t
825	worbxmo	zircvhllli	hczubuosccem	f
826	nsjsud	tcmdv	tdpcrhbekzmov	f
827	lyuevsyxugdnb	tdqqrt	dwomofevrztju	t
828	pkvmk	eiomus	zbjlg	t
829	jdcbnenghqyt	oewuncgwj	prvfngrdvplsx	t
831	tclnyynpzkalcx	fwnpttrvmd	fzzqhwhspvbre	f
832	ksxzpzdojs	ixpvvc	zwkep	f
835	ykmaresf	rmebll	jkvzlpzw	t
714	uhheolfo	ujlnoxyyrvszdjg	ufafutcvkil	f
839	qmbezujytzrtu	cugiuv	pesjiuuhyqag	t
841	dklgl	rkkojpy	wrinqozgmfvj	t
842	dhwvr	ikagvdxba	kpaazsp	t
843	chujknxjneb	kjxiskpved	zsfqsrik	t
846	plfzepap	jxazmklhxhimp	tdtfecu	t
849	ukqwuiwmhu	dwbvmoqrpawom	nipnhxu	t
850	tfeher	yxitmrs	nhisansjggocp	f
851	epzljpz	mhdsgnviuk	adwrflj	f
852	kmkcibajbtkix	tzqzppcbq	aiqnc	t
855	thkcxk	bkyul	sgdpwsxlief	t
858	ybbgz	detzf	fsxmpalhzg	f
859	asbhv	spbpwaawi	axnbnjyssxvx	t
860	wufxjvyx	mxwijakujk	tsrnixdszs	t
862	ybfexnhdkupd	ftmtsut	mzevxnqfcozpgvn	f
864	cbibdmrlgosz	tldzvqxh	eptkiodyyrm	f
865	isrswza	oefbcdlze	nlrwqrsntxu	f
866	evdjugdzxickah	ccvkmaba	fpicxmgve	t
867	rolssrttss	lsmfigv	jfdkxigq	f
868	kbnkgwohosr	xtclq	lnhpzg	f
871	vysvyooi	vgifkbaccvnejwc	wbagrdgqbojaz	t
872	yrtfllv	poosrzdnkicot	cgsmhhfsglcqrt	t
873	dgxblpgcuhxvh	khokhuvzpifdc	njlzhxygq	t
874	iqeetyn	vvdihkuqu	kmxlpbygjaji	f
875	vsygf	rhklyqkmoy	xlysqypucdvu	f
877	cnwnq	ojmgmjucc	uzfqwfquewiyyk	t
878	ttmtpavo	iycmxlkqtgijsfv	fyncvek	f
879	cgvnpqz	bitjc	xziooqhk	t
880	uhypcfeexmrynq	rsbdlvsvrucfxbi	ekakclvztzjs	t
882	vnragrqr	jpdzptedsmamk	dqqvqdkfrtq	t
884	kurqpacjiojj	htenpvjonf	zurcquhlyd	f
886	bcdkolpcc	qbxvhkomtfofsbq	zqsssfcdpgy	f
887	lcogbr	tdsgoaeymymftf	dcyjaavm	f
890	sdzajlnlmizfe	bjxmp	xqumavagbu	t
891	plbujx	rldiamfpy	libvjhnbbtabb	t
802	ylmhwmk	jrblbp	xkmtfkdhgly	t
892	qwyvmypjkdzh	afaokhpfcou	jzwtz	t
893	kervvpg	mzihgabdzs	plchdtz	f
895	inwjgtalzkcg	ttflsov	pkmhjabjnh	f
896	phhfqhdq	dshknuijh	dttmjzstthht	f
897	erzfxbvxdhcc	wfomzprrgx	kgxzyctkx	t
898	zjilmglnmxkf	dqhnw	liqetzymeof	f
899	rldagqprij	naosnxj	baknalcw	t
901	uavrlduecjpuc	wqxxzzgpdaqm	dbvjrdyqy	t
902	pteoxen	yahnagak	uewfduwxwfcntg	f
903	glqbyqm	yvmkskjcd	rauyirvwfyrix	f
904	vypeevi	dbottcsazds	whqamt	t
833	crsolfjpnunvjyh	qwaimmzhwhojcuc	tahjbirlip	t
817	cyrjdvoauppgjc	riejji	rkqhrnyywgtghv	f
799	ojsuplvutedttf	dtvoz	fgdkjgrxnnzydm	t
888	chcyddy	obnxjr	zbgoouutp	t
838	nsupijjpzicg	ynmauavtkkivee	zsknvm	t
883	nnmmpmnydnfoqfc	whdjbbrdo	qhsxukycmj	t
804	sqbrev	vmzdrnmwljgpv	zmpwshfjznwxl	f
790	tzeurfkujjzrh	afytvxzklrfnewn	difftei	f
809	dhlpftb	mlhwpayzttfec	ewaktalpzgj	t
837	hlvwspswhz	tpwscsfdhbdaqa	nafjlggli	f
824	csplittzhsbnn	cdnavcxiewzk	luwmgtzsy	f
885	yznjypgwjnxf	kqwlfrwpfdme	yzumlatqnr	f
900	xafyszyvlzf	xutzwhg	ngzmexpq	f
845	lregcvdctyv	ltaoba	gxohfrgyitr	f
881	frltgwryk	epqmctgqhvzek	mwkpknumivhe	t
863	vuamxknaiz	unidtaciz	wiifesfrbdtfja	f
889	lankwegyfqe	sskjlgqnjpllm	sjmnnryksppm	t
836	lxncwudazz	gtzwqatwjbddksr	nqara	f
792	frxocykgouvb	gtawjbuoz	jitfkhjkxh	t
847	sqpbnxcsbzv	duyhl	mxnde	t
823	zyfmkrsgcmd	fbfjujn	bmgetirebunniy	t
830	tmbcmqxplqpg	pmvklzhjtga	qtutffbttrmn	t
798	hnorknkvmaw	sveeuzrbdx	vlppthfhrexiodx	f
844	hspbrta	odfguhzvthje	fanixe	t
870	axxhlramgk	ikumxdjeswckpyf	egnupk	f
819	csgpjdbh	uwrxyni	hedhjzsaw	t
856	obucxfcdtp	itakhnenvqvht	zxfvwytsrtkr	t
848	nvqmbp	hyzmlx	sivlfyhfs	t
894	uyagmzgde	iopyverfslzi	zfooklqzjjsro	f
840	rrpkiawd	dnwdmfbviuim	wdmaug	t
853	vkojomtnseu	bcjhcgi	dscifgn	f
801	ulnbydcbwi	bddxh	zcmpaf	t
834	rvgoexngutlzam	jzkmju	kzfizbi	t
869	syocxnpkk	zgvmrvn	xmnwy	t
857	zjpwty	ajhyidowgbvdqv	ikdhtlvamlpvq	t
861	ctdmjgsjehjws	rgqedemlvvmw	wfravpnaxv	t
854	fbgqpethhchxu	pqzaqnonoja	qvewxvb	f
907	drxrzzzbtqal	cffhdmeiqthpfxa	fkbkpkzbtbum	f
908	rhsmwjhagwskrsl	yjngikko	jsoapwwpjsr	t
912	yddsymjizserpk	yctnyioyh	tdpvx	t
914	epevikgldt	czmupcuypejffvh	ooefkkp	f
915	fsaxkpicff	hrvjiwuamoyq	wnhrhpd	f
808	mrhxtwwonr	yrhsjhjnifsmcz	fksxpynxw	f
916	nvnyqxympwur	bxlaym	bdsot	f
918	aiheog	jfphbxqxrmplv	ulaahynxzyjh	t
919	nxspsxikiqc	txlsj	xeypvf	f
920	hwmuinzet	zzwvfolbo	ywgegcz	f
921	bxznfchkf	ixlmcnqculkiuw	oqwfd	t
923	gjadfoqnz	uolmg	ssebzsd	f
924	birmbasewoc	wzquzhp	slxzhiwiyjnwih	f
925	uskhgz	tqdxgzzeistsi	vgjnuzgrvl	f
926	cbaixmdqsikgvsv	spipsxffur	bklcfovpea	f
927	dfydwypbuyj	jygybniatevop	cloonttknhu	t
928	nbzdewmcoskivy	tbwnfynz	ijrorogtzgysf	t
929	oypdzgydnwkzwlj	fumggamthck	ywulch	t
931	jtzdwpsggngwqlq	ctqibstpwymt	ziwrqe	f
905	jozqtvgo	huzinhtzapl	frzokfypjuqa	t
933	xvntgzbep	ebpzsbibpuyjf	iwkriqfgwwl	t
935	kyyfz	uidtkbewnl	cwudozaebh	f
936	jdbyw	ryasmkwnpuq	sfemtkexo	t
937	ikkoxkwx	slkiitjzqo	vkyuxdykzeg	t
938	tyhhacv	inhwubqu	jpgcdsv	t
939	tkyxittnne	nokkmlnbyykw	epufypg	t
940	nltadzovhxjha	mepwvjpjypbh	tgrpvodzpqmfwh	f
941	hhtsgbwm	ffauagvnmptrh	rqdbyl	t
942	lmuiqvvfw	szwux	smfnomspxavl	t
944	scklypgf	fgxbmdmeogrfbh	aywjwjeonp	t
945	obsmqdjzmpbgcf	xfywtcrgvcpirmj	budjroruimyj	t
911	xuhhvnlvzwnjbf	llqqzqbznudva	rblma	t
947	motmxoe	yduiemo	wbhpkrvwr	t
949	xsjgrshvvhtppuh	dwsuvfnitjz	lsmlatxurhmn	t
950	ctukvpobhoks	ximgf	nwfysfrwtzm	t
922	pbjbqlekfqtpd	bdddrglvoa	wskjaxxqfh	t
952	fhbyiammskerap	tdbpnyeqnhbt	nokbfaju	t
953	fgocikeaqzqu	yhjlcqyzf	bjknfv	f
954	ooulzwjvgjbr	vxhzb	vopdxev	t
955	zmajgkjhetfgp	dgblsuwtghysvah	zqdtjucdqk	t
958	jkhvzscotdf	tbwac	rzzxse	t
959	cbpilogohfgt	hdezbkhgfp	ggqppoxbliy	t
960	igvzullirpgo	pioqqcascrwzva	fsdqidnbp	t
961	qtopnqjzcnjxdy	pxnajqshgwezmlp	nlvnclconbmtr	t
994	nemjry	gwyurvmdsnyiqz	ywkrsxubyizid	f
962	fuispxllpqthe	gulqnvgoh	apzxjf	t
963	vpczv	pogjdc	lhbkqwkwddwukla	t
943	ujjrzvpjxzhzwy	iwxkhumclkdjx	hnhhtakvaiowyxc	f
964	uivuajhh	vghflefvts	ukkvp	f
965	qxqbc	qffaqcwtaqlw	uptxkdfktq	f
966	knanzlsgcg	hiqpyoxqwcu	muqojjc	f
967	vudix	ebkmbf	rvndmmzfgt	f
968	hohvkjcpitgchm	jpaqeywf	ialxscdql	t
969	wywofyi	rkjidqnopk	mpnbx	f
970	eeofcipczacf	zjmulkpkmrsds	rhuhdcvfqpyyqo	t
972	shrunzypb	qdltl	fdrkqt	f
1009	adlifvbd	jeqzxxffyqhnvl	ihwqvfguzzwjnoo	f
973	nlwikdno	lfoaanjvu	lkwkciwzoiwkc	t
974	pvjnsh	qijmsn	jyuiumd	f
975	sznfuuetmfytci	dvxfcuradsivbt	gceslhrwxteuv	t
976	jhvcipcful	kfwwb	vqqpjlejgiy	f
977	aqemyjrzsqfbws	kujea	gakcahdmirpzf	f
978	eaqxhgtex	kyubyxmmeygnt	davtpgxgolq	t
979	vjlkwqfxkh	iluknkzr	egwzilbggt	f
980	olsynn	twyeyjttfmphv	hbjqg	f
981	eoyds	pzsmmsv	lxoqagyudu	t
982	kagwathwlxiuqmp	jriwdbrrpjx	jrralueblr	t
983	twzanoiumj	bshree	wslapehdw	t
984	xkfojvfjbysutsv	fwvwgaqjfevcw	dzqvzchwq	t
985	vrarb	lvgnfurvnogxrgg	nnkqchj	f
986	vlxekyudi	oruwf	lfzscjkeqye	f
987	ejwqvvb	hjaucbpmpq	vuyushbvgwzbegq	f
595	bollmokbfmwqma	hfrfpk	fyaqbo	t
989	whvccyoy	bppkcclq	unkvoyrssaani	f
990	aqhgbmmhm	fdyhuvksgfxal	ebkwrpamrchaf	t
991	qrrlqxlonzk	ysjxgtnfpbjo	uvdzve	f
992	nvjtdzrvgoaaqnt	bczywner	sfqxynmzvsrbro	t
993	tyfio	neftz	oqttgvykf	t
995	yomjciryyzkjng	mtfxtkgfim	tyavgzmxlvxony	t
997	ejyvcrfryicxg	hkhgnbn	xgzaxnashbxul	f
998	aronuv	iukfqc	dzbvuygechvg	f
999	zmtsqvoig	ezogkykvtgrpcnj	pqgntuikq	t
1000	crcarrz	xycddyzoi	adkxexyxuraiham	t
1001	mqteh	lazoibdk	pbejnhiyord	t
1002	kbtjluvfuxokm	rixgo	jxjoruxsk	t
1003	cuwttxwwixe	rquvcghkgvjnvuf	myklcnq	t
934	bvowfhytxugno	mnvved	tgpywzhicpjzwu	t
793	jaazjhatjwtccbo	rrhawsasjzo	yldcafxv	t
1004	tbtwmye	anggdhv	zlwpdxygvojfpmf	f
1005	hcibzoyakci	uvigqtotet	mccywucrhbxi	t
1006	jgxupri	yothomrwyz	ljacedyghodiix	t
1007	wdxjhiyzsw	uxbtrupcbj	thuedavomd	t
1008	fshsp	znnsemgqgqeu	oodbnphfivmeg	f
932	payhhnvzibtudrk	qcqjatkqc	mnlzksaccfxmvup	t
777	zqfhpgcsaqsg	pnqqdgwryxmyx	uzjmxdgh	t
1010	qvwvmxh	wfkuoxyzzsai	jazzubvkwzyvjen	t
1011	vhbsaohicl	skemfnszx	suvsk	f
1012	jurkqepy	ijhsgjmawtys	genbtjwojnt	f
1013	sszkenadrw	zgomks	ywuzee	f
1014	rcxwoti	wrjoxplzqkyo	razmauy	t
1015	xberu	hibczo	zoqvjmv	t
913	qnzvmfilst	ftoml	epjjotamvlo	f
996	dsoxc	avygykbrcsjqb	zivnqpnn	f
956	zwwcrgwizy	aoqabtwnqcwd	ommnmvhzqmpdy	f
917	tempzjsuwtz	jwjcl	vxhvqajranchvlj	f
988	atimi	zmilgfqbnev	fzncvxkhh	f
910	ttqtlqqvimumo	wcggcsv	ddhobsnzgpkmqke	f
498	jwgkdgpdbcsl	iyddpwybxqd	ffhletwielgiftp	f
906	czcuhndhwxmk	hxeybiduqwmf	vlozi	t
946	bywxl	ppagyvqsoql	kamttzwkak	t
951	mqzdgwziyt	giexkjxbjqk	rurgauyxfj	f
909	wxhbfhf	kvscvylnxcu	fvjiegymy	t
971	xpekiivu	cjitfzsez	vzvinme	f
957	xccidrjoshssrcc	wdjaqq	povvgpdw	t
1017	jthwcdznmmdioj	nwjqpbmntqajit	ttjvcgrkhln	t
1018	mljugeujtqqnmdv	mjsjkkxxjybzujc	begfjxvlakltfq	f
930	tydhgwqqvs	rdmratqmsvurve	bqtrcsoqbfrf	f
1019	vvhtmkmww	hwdytdm	mzuonomaout	t
1020	cvhnvegnbv	bidgabsej	uqkcnmetzku	t
1022	carekf	vyecijo	bvsen	t
1023	szwmhh	rclcndag	qzbwjxvwreou	f
1024	cpvlpmwxndjk	wybttjiikde	kzfels	f
1025	hoctxjct	kiaeu	reovdojojdwwi	t
1026	bysjzqcwnbonmmo	xetslikpcjptk	bvkrubwjnxquo	f
1027	ssfxxvjv	xrzlpfc	xvelaprpxnludic	t
1030	wrzskgtpgo	gwwiplogvpn	jbbookqww	t
1033	nlsailf	zuvhekz	kkbpurvssbcaaz	t
1035	drjqhuksa	fgwhbvuam	fnjaxoulbomwn	f
1036	wqkfxpdarqojbq	xzsjhct	nfsfqrirgtgrlr	t
1037	cqzpsg	qwdldcewjtqby	rjpsf	f
1038	bdtfuyvdinlv	eqsatn	cdtqc	f
1039	csmdfudbfainra	mblaz	vroltth	t
1040	nhcmbeixfzt	ehbhvkivdoggid	zblefuzbzol	f
1041	irauojl	znvkaaf	rauar	t
1042	mpwacrykdhzifwg	yklluyyxysoe	itfywsf	t
1043	bxeznmnzgq	lynynt	snrukvgc	t
1044	pgowg	awwcyzgzavakb	cwzrkcdxsgdpeum	t
1045	oooiwk	mntwqrwwyas	jvqvko	t
1046	soatobgl	gwazuiimqzlps	gcvikhdyuthc	f
1047	uzgownpjy	abnxu	nurucmdpqffchvg	f
1048	kffxfcsy	kguysgkuc	xnthundxcllilux	f
1049	demlxulfnugxkd	pytluqqtfueww	dobsrxejxjo	t
1051	lykusu	bgdhgqhgjvskfb	dsudqkjamtsmjzg	f
1021	zofxawa	anwaqecgqx	stjgclef	t
1052	fkwzasqqnh	awpupx	gmkswcnfw	t
1053	sotjfa	ckcaqpsdct	iizquuwoxhgs	f
1054	vmbmxgmnt	mawgvprorkzi	hhbrfmvhdj	f
1055	ovombolyxed	scqjktc	vwyuz	f
1057	pxqgbj	vspfamsz	kpjlkimh	f
1058	tkkfjm	vjlrumcyggcyfp	wiswveldricjgjd	f
1059	dtepfq	faeqooettqnx	jntpe	f
1060	qkvcq	omcnhwna	afqcrurkq	t
1061	jinatdxgbabgk	jxgfjpxdjltvx	hyyxjfxrhqkn	f
1063	dbznj	izrddngvct	iszetubtrfv	t
1064	udmzxueajkbv	rhwxjf	cfbjbvvi	t
1065	tdduxraiwrwgh	vghujp	pmylumjzlibrnrl	t
1016	ioxfl	wsezbcbezckdo	fobbtbkptpqbu	f
1066	fqeyqjlve	ifrnmqvvyggy	svzozlqhxyjap	f
1068	moqdia	pilxohlctdnou	frdzpzkwcbxphcv	f
1069	cemqxwvdrzugx	oxjzwg	rcayot	f
1070	ukuhyugyssftmc	vxyqjafyf	uxkqoqlvepbxkm	f
1071	omeqofnv	wlgos	tucnidq	f
1072	nmwrgzlxlsofa	fxxoqn	jsxkt	t
1073	bnyxkcq	bqgmfcpaxdqr	yihigpjwsgogov	t
1074	ydfueqthcz	urdqpezjzof	szhxtmmwc	f
1077	unqibyqggc	hkxmemwwstvp	xcfphbm	f
1078	twqyuqgkgth	oehpwdum	gpxhxamxcfwucbw	f
1079	wmffocqfazl	nbqxeeddwqvjtl	ikiuglz	t
1081	zngwqtknp	xjgnyoeakr	bdvcovqjdazx	f
1082	ampbbfpayl	jelnyluefienrvo	aupogapfbsjn	t
1083	gzfbkpopwxenp	lukiajyoxxkkaai	joycb	f
1084	detgdlsmv	dvbmhpdjdmr	iqsfbhocy	f
1085	hcfbxn	gurvgmkfqh	enzwhlogzjrd	t
1087	khgyoxgme	nxuyzop	nfucprvglds	f
1080	yxiidzgmfyotpd	alhhkspymj	qfqwpsyzb	t
1088	dqpefnjtebe	frcaad	qzxszsrwrbttjq	t
1090	tnupxkru	gydsh	hftecmrdr	f
1091	bwmgc	dqilunpcvv	zzuctse	f
1092	tphwycrli	ukkplz	xtofhkdimcn	f
1093	eaoqwhufrgu	mkqntkwzy	xssyiunfyyokc	t
1094	tltctmxssgsyl	mpaxj	jhimyywztzsi	f
1095	ipzzsinxkdzkvm	pwnlttguj	brixjauued	t
1097	fajyoue	dqkgn	wmpxrcegsazm	t
1098	zfdrlt	ezcoxxgmjip	wqvgr	f
1099	bfpgwoxg	ucbaeobzzkxnnna	xmubqoryryj	f
1101	qlpbldgxi	hihakhkziolkot	nwijwseawbkc	t
1102	xlqeletrysf	vslasvqld	flgpkxwxl	t
1086	lbiczuqrjsk	zxyvvqqqskjj	mflzegxaagh	t
1067	zxxfkh	ybrmxdhfsepyv	ahjtpb	f
1103	qufcgqtw	jevcyrtqo	gqvjannmauw	f
1104	utgwbegnmkhooou	cqwdzlpvjelb	plqrej	f
1105	itmjyg	upblyyfuwz	vvsxgyn	f
1106	jxdkepanrm	lgixbiilexsbeip	pmkwiephoiz	t
1056	chreudvpguvby	xkfxwx	sofhmfzzrismspo	f
1107	vsgsqfs	wulhpbwlkcfe	nnjtvcobhatg	t
1108	yywzpzyeuext	qxiionn	shisqw	f
1109	hjhvefqavpwngs	nkjxgbrimdniq	vqvhibppwg	f
1110	prdtjrvmwga	ntuqmlsgvtso	qousr	f
1111	eeyoewpdudzcrj	gzymnsjnnt	yfhyswea	f
1112	cduyoxc	pipihdzj	kyoooenucittw	f
1034	rxdcmt	uipct	solupkkeibzim	t
1113	wsqafmgkezod	sejuumfrx	ctcstwyxjgpzd	t
1114	crehpu	ftmks	aojtprktfgx	t
1115	tgcxogeorc	vdsqpzyvyq	xkvbkubimsljqc	t
1116	dbxadksnmybire	ubhlojyeaszi	hocebjbt	t
1117	wfawc	vwwntwn	dmjngqzgbxs	f
1118	vbaznerrhtq	wkulfzhc	fwcwtbxlkvmi	f
1120	qwmapzncichppkp	waiqcr	tbcodapj	t
1122	uaboekqrmvhimdk	qiptatstq	maccsfnrdvhvzpb	t
1123	jtqajhhxe	ygyvdog	vzaiqqpfawae	f
1124	bqmbz	nitzcytjlmpvmf	ghbqrtp	f
1125	lrpqfscud	yxoced	rbkkifc	f
1126	zlugrmaynixaxi	fqqhog	bqbocmtgmphshzu	t
1127	eghfx	xcxwiu	acumgftdlguqy	f
1128	wshglbnxkd	cbgupk	boupkuex	f
1129	pvikget	ghffrvioiavs	wyzhsgc	f
1028	iipzaolosalviq	bqeppcn	xwyxjgb	f
1121	dxfnzmcjs	spciiuboppx	mbrszyyniwdmdz	f
1032	gursxneuqjupa	kaopi	tefezjcrlppva	f
1050	pjjssan	ghzhpy	kdjqiehpvext	f
1119	sshtnftpqvyuupf	nrtcuyitwa	nyctsqtyzsk	t
1130	nbldumtfkp	uctljtmrgjn	wduutkgtfd	f
1076	wsvkpfgqxqllacz	rywdlgjncjb	yppmhqjzyqlttue	t
1029	kmbtbm	ukfegbu	irfwncfgxssszgq	t
1089	atwaqznlbfhdwj	bxxuimtllvgxpa	tnmedlzimv	f
1075	zsiag	muomjz	jqdemxhxqmm	f
1096	moiuolqvcgcs	xihntapwhfsgg	pkofytsqkz	t
1100	fomqfonxif	pnhqsvas	gqnfkhmpodmtsdv	f
1031	amwnw	bhdhpowbuowgfh	skeuusojmqpgyg	f
1062	viktbkjezv	ogaitebcvalvdmv	ygdczdomaycvo	f
1133	xvyopbe	jxhee	hjycmbz	t
1134	wtmaaetfbacgot	jyrhlcuzf	emkzmz	t
1135	hpnwszjwilwqjml	arsxsknswuf	timcfdqjcad	t
1136	iikknjzpnarupq	tpbzoadupsybtg	fvmfk	t
1137	kncfevvvzg	pwdjpmyjsqui	wybkuy	t
1138	lqzhclfrevbciod	phsqswxqtujhir	evaqnbgnpdm	t
1139	bhzwaa	acsta	wchjeaekx	f
1140	urpudhrw	vpgfdmxb	wulrpkodtrkupz	t
1142	gdrlqygdu	newek	ofpfrzallerjlou	t
1143	bfmhwsvncbfzi	doeirimzfy	npughcioree	t
1144	rltvqunpqe	iyxqcsvd	ovhzbyfd	f
1145	dehwcxdohsu	vtcowmitqebus	ntduqi	t
1146	cwwnzqg	lhzgxlfdxdugjl	ihnlyryzjf	f
1147	dtwdguirs	xtfjwwvkhddqw	pjncscixwqpbkqy	t
1149	pcwpriqofi	bmhntfhktrhm	dzqqpzqervt	t
1150	kewjqngb	coebqdlklbfx	vltxptviigwbhuk	t
1151	eyqovfkovjdtqs	yhtxkz	onsktxgogtztoht	f
1152	zbdmuoeaq	ihiwbgxncjuvxz	zscryigan	f
1153	qnfagrbiknufbx	gtkws	xxxgqzes	f
1154	xlfwxjqmsm	vvsmrobwho	flsfrtajxxyil	t
372	pbirigrayahoka	cfpgalbrtrhxm	sygzwxqs	t
1155	nqvutpsp	jegebzwqud	ylraamocav	f
1156	vybbrskvbvqck	rwykrffxmjgs	xpdhc	f
1157	kapykh	dqmxtcaotes	rjnmilliahb	f
1158	cyvblptczfapn	flgpjabaaizm	clcmxv	t
1159	hnpgsbadaekm	rovso	ujmzluvejbswmpu	t
1160	iquimjuevl	eysdhjvmsomj	ssqdqbidiansg	f
1161	gykktnrv	vzpunnxp	ukbbkzxtlzzd	t
1162	gggfl	beyonbnc	pltxfqtrfxgp	t
1163	czmtogo	htzrtvnbwj	tqfnabdqlljv	f
1164	jznqtrbmkt	hpnoqadetqvqxn	rppxlgtudewdlp	f
1141	shtndcjt	amvyepe	jgwiwbmktyrstgc	f
1166	otvijtydrqeyxc	yzunfiw	cwznhgw	f
1165	sajsbghei	hwxrcmcjy	jwogdimafkv	t
1167	wdicstlq	mewdrfca	yainwazvthug	f
1168	ztiicldlzc	hbnjp	metypoaugif	f
1131	qhdrduassmno	rjrlixadnwzjepq	nmsujutjhfdm	t
1169	bnzahf	aibwyh	vddvwdjcmxqy	t
1170	bixhqrxyrn	tjeihnhyznzeug	hazezjfqpyrsagu	t
1171	nbzvfhetvl	avyoeziomtdbmm	kpdhpkkbqjoogo	f
1172	qydihwowyns	erazvryq	sbkwbxqskmmj	t
1173	zywsf	okeyq	dqmtx	t
1174	mkoxtdapxdggafm	abxpwmcwwv	qnmrmrfxkl	t
1175	ywjwpasqdonhd	ejfcgexfhuow	smhrriwhwrj	t
1176	nnbbyx	jpvzuspy	ytykhjz	f
876	kkhnyujojuuxhv	spirb	exicyiztekx	t
1178	arxhqjzhgrqfi	zitfgsu	zfmkbkavycoftyi	t
1179	lydqgra	iogrlb	tntzueunmxpvr	t
1180	qzyatyn	tfpbonpesxxthp	cqctpmjvzrviu	f
1181	gnvpuwigorbzor	irrzbnwb	myhdtfpeov	t
1182	dmbxtzkgg	xwoubzdjmeyo	xxrmgvgslbf	f
1183	oxgrbirulzhgfeq	pmifgjg	vtjxkmja	t
1148	vfqepcjdm	eahfbsdb	rvtyxh	t
1184	bpoxuivgfg	mlywynkpbsm	idxyha	f
948	gvpfgvxnhrpnit	wjkymshxpptchg	apdzcdeuay	t
1185	wfzrqgtxvzlgrvb	fvxrozl	rvgvtdrzxv	t
1186	sraiovuo	pveokxvano	dbpjyg	f
1187	gukdrtk	yhjuze	ybzotz	t
1188	lfrxmtdwjj	tdenaeqrt	asgalgdw	t
1189	grkppsvq	owbvheqyjvvu	vwgyn	f
1190	dleagquywtcgovg	egmgixahzbfhk	aryxqneo	f
1191	vrjmje	slqxtp	jobbvflhioesxz	f
1192	npptdcnvfotfdtz	ldpfplydf	yekflcbvxqs	f
1193	byehhpsislt	ofnfsmcdm	cwkwxgetdfx	t
1194	kskjsmgqcc	psrkivpzctynofc	lzqvlz	t
1195	jctizwpkzlkgljo	nnfazw	rpvprvx	f
1196	xzuzcvqsp	qakwyo	lhnetiauanh	t
1197	rbzuqtck	mlnzpcfsttcnd	evodumgcsgmjjoi	f
1198	rxnoakl	xryktdc	ktfvz	t
1199	gobpatxan	dertazhqcbogtv	zxxyxdiqzpnp	t
1200	eiilzgweg	iieoldfznujfr	dombala	t
1201	cdgvkgesymkaul	abivtwhqppix	txzunfpkothbqu	t
476	hnysb	gcqjvidsrmxbqw	wxfctqfqdkylup	t
1202	jzzscl	snjdm	zmjwmtbfk	f
1203	swrbnasdazulc	rlyxmzwqpgu	zuycmflhhifk	f
1204	qcurzzyl	qgyscm	caavgpkyqcrn	f
1205	rcbnqhhvavbpure	jswxdoaljm	uiwewh	f
1206	iqccwcqgjkej	hfndjzdmld	xnton	f
1207	ramykqiswhl	ajzzqcgndniwbx	ovpbcbqmqwe	t
1208	qtmturfck	otiwevz	znpuo	t
1209	gnwwytozrqxo	yhjuhfk	ipcbm	f
1210	wxntmlcr	bnvpfw	latfzaevabjsywd	t
1211	mkunailgz	rsmaovfyterga	rnatoafcwni	f
1212	gqdhcxnrbpgimt	vzutbeobzpsyk	fujlebyajopzunf	t
1213	adznjpzcvd	jmkfeu	naalmneg	f
1214	bynlyrnkz	ruoiqcugbjsvrk	uqmgrbutulrbwi	t
1215	mwrdxtqzuka	gyurnfa	iannm	f
1216	jewhtxzgbtyo	txwjthad	meirjbqvqz	f
1217	smeelavdoub	vymwiponnjyr	aklluleppugmsik	t
1218	usgaghpr	iqybggzqmlj	gwwytfkcf	t
1219	joisglodzmqh	ptruozo	nxedynqbje	t
1220	zmnqkfn	jalngkszkgptxyk	qgvsk	f
1221	idxcavybfsrtzg	lorwmgo	ohntakxgylbth	f
1132	yiaktnpmeis	rqxzid	ensobvttpgmf	f
1222	rnxaunyjvcsn	xwojxs	xwfxizstjqbkmcj	f
1223	scyhqiczirin	ceagjjecjz	aevwprgpwzgu	f
1224	cqxyzidetp	twkdetyktpy	hnlfio	f
1225	qyknociv	wpumxmmqrmu	svejsiugtxmoufu	t
1226	qkzrqvbzmib	mcflfmvh	qeirjmmjmvyly	f
1227	kfpxnlxc	szsjj	zkpohiplhkn	f
1228	ltbgnugghp	jgapecoctdgkr	hjgkoqnf	f
1229	uguatmnmkaep	ndgrepzjtrkhlk	wtfvl	t
1177	tbnepgxn	imvkx	czdctjvz	f
1230	ovuneunddejgorn	nakfokwrhew	ppdjgykewwqbkxl	f
1231	asiekwsqpomfxj	rxlxcppyh	kmdepmxlahvynba	f
1232	ndqucgeluayh	ypbpabtea	rmepckjnzlus	t
1233	fwfhkysavb	hqhnp	ouyreqtogcn	f
1234	cesueozpwbkt	iyqbnryli	vyzob	t
1235	qlxhqrfzgcsb	tkdiheyyklxzykr	ybnpz	t
\.


--
-- Name: customer_id_seq; Type: SEQUENCE SET; Schema: public; Owner: testuser
--

SELECT pg_catalog.setval('public.customer_id_seq', 1235, true);


--
-- Data for Name: product; Type: TABLE DATA; Schema: public; Owner: testuser
--

COPY public.product (id, name, cost, amount) FROM stdin;
122	bqdddtkz	103	7263
119	tnjcqnwucb	128	6777
12	fmovmezikdkj	789	4807
82	lyiuk	716	2407
125	zsttn	965	4815
21	cwvfs	834	4437
65	ikizcsjxox	850	4779
106	tujmfxr	592	5541
91	hzuvtbxmvss	499	2631
38	trsxwriq	481	4533
64	kcczsocoteknkj	603	2558
87	oawnnp	981	2961
43	ujgivpyg	252	8108
136	bekjgpf	100	6342
129	ajdfenwngcvcr	749	2473
2	dajiasletuqna	890	6186
107	rcnnrmzv	981	3599
5	dvxczm	702	9942
58	cotacfkt	763	7332
60	qaavlcruwyvwfeu	689	5585
93	cjlcf	352	2386
7	ynizsavmvl	701	4511
57	vzfga	576	139
4	uvlqyixcrbnpcd	577	6446
3	ydkbvx	330	3437
137	urkbqhazqfmiiv	504	7942
142	rxwxlajmrr	496	1186
67	qhbgqdyczywjegx	847	9112
44	gdvikmtt	906	4454
61	ssdipkswl	705	6891
62	pmanuslz	726	3294
74	xjmplog	497	3411
92	kujcexmvibbg	774	4514
139	modtytczghbh	341	4159
78	beywylwape	725	112
68	lbawr	99	5500
120	zasyxna	506	550
9	zbjfidc	219	8321
25	bwufjzh	859	9932
135	tsnmcdakvcxy	140	7741
33	vvbzpdjdjya	500	3734
80	zimviwwdpsyw	430	7692
118	ebybdrzknomal	366	149
53	xnxyxnhx	208	3683
35	aotulitrh	283	3657
79	ngrmhetervukt	144	1662
124	txpsj	464	7286
32	pisgeize	122	5608
55	bbhkvo	722	5367
13	lwttgpn	509	8789
69	ncjoj	39	7223
85	nysrapr	542	3913
46	yqqpdijtgwrnww	132	850
109	rapnkbxhw	467	2996
123	jhhpud	195	9198
110	yeeiqvlutcxwd	417	8381
23	yninwsqyquvphq	908	1236
114	upoirqlsktkfl	220	9873
34	uozaujiclkprc	214	6838
70	jckqb	864	7156
24	fjgnpqkdqiufzw	573	6672
98	nmcovfcpndphw	764	8661
133	ukevpkpibtpwny	550	8018
140	wqpwrzezotn	58	5253
113	uetmnmrmvc	912	2733
108	vbbuuzxblvbotb	158	9238
100	oysipr	449	9538
97	gtepzrlolfura	858	204
72	qbitf	634	2611
51	jyprifvtktlgdw	573	1169
73	kgwxkoyvao	403	283
138	mxuurr	502	2690
141	mcgkfdbli	99	4557
49	upliigwntbjjpl	886	8152
42	ajmicig	631	7383
96	bcubonsrk	345	1425
104	ouyuqrsfhf	510	7232
115	ioartrzufutiy	316	9882
76	kdbbtjvet	828	6019
29	eivtwohpzwi	536	167
105	mechpiydaw	914	2957
17	mqjjxicccvqnjct	903	9835
27	zfqljgj	664	6382
111	wudkdvgrbmbhepl	604	6794
28	rglgwpxn	312	3794
36	stexd	243	3293
71	dgbqlz	358	3164
89	cxuncqyat	779	1120
77	jjigrrheg	268	3552
127	oputivbng	794	1519
121	xacdafpglbttqf	551	6564
56	ggxcjzobmxyeg	238	9202
52	yzyhcskra	374	1057
101	ximjg	164	6465
47	dpbaqx	800	8145
112	uyiiijjsmls	380	3868
18	xtxgxvp	103	4340
99	xowvnsmxiberjrm	899	276
102	fbmwatkigulqnsx	291	2216
1	uzoouqijbcdw	373	8720
90	fvllcotrqobn	674	7021
86	iezhdxvvwsszmv	459	8924
19	bzojqoqdtvk	607	7846
116	kolncgqstrpfdgs	987	470
59	bzkivtc	242	7428
40	nzrjrykryuah	755	5322
63	sgmqcabmrzce	739	5180
88	pissnhqzqkxhwan	553	2477
6	dekzo	778	2319
54	upzulp	94	6264
10	syywc	596	3279
15	ynrskb	352	7005
45	nvqnf	129	7111
8	kumibsxx	173	9526
14	iltwukxmgruefgi	575	8711
81	vmuasoox	638	178
48	mmjvre	340	8627
126	fvscdxnsghjxe	967	8084
20	tioiizytkuaptob	841	7108
66	tlsbsxd	161	838
95	dvthvgrxzn	795	390
132	jsgbu	29	3904
39	ukaphhskymgrg	820	3582
11	klrqhixchvwrkwt	253	6543
134	rtvznq	481	4571
103	eofozkwtgwmf	772	2189
143	eslwg	687	9328
30	lsljp	563	9198
37	avepqxjji	624	8618
31	osbvdml	865	1025
131	sxujtmhci	249	1086
84	admaqagdjblf	245	9072
16	dbqfmp	391	3688
83	fdwohwndt	952	737
22	wnojuhgbuhnk	230	1913
128	axthteg	633	4839
130	xtdictxg	300	2097
149	cpasajwp	27	1358
250	kikuuhywe	783	110
162	wtoagevlg	825	4415
168	xcrjrulgcuu	195	5311
253	ekhpvzwhyvjff	257	4521
216	jdwpyshdssakn	641	9915
266	kijiy	258	4395
156	xkvwyxkddirwp	794	8872
236	dwswok	971	8554
252	bjusvryisaibm	492	5813
232	kblttcoecqbqcaq	66	1499
176	fhwpwaulbql	840	8828
179	gxqxh	432	8055
284	vgnranraxlrcpt	15	5332
183	xcvivw	58	4067
218	vkfjprfx	250	5760
188	fyatq	21	5998
190	vrqtwyrmunc	320	4998
192	ilbbdhsvs	496	158
194	cckycuawjvaqvva	380	1888
203	uhyblhlcnmfehve	102	171
205	mtglclxiw	976	306
26	ebmwrriggsvla	405	7408
212	uzkdxtb	906	9331
94	jjxfomlrrdrflvk	427	2894
214	giefbikbvo	680	6697
75	cjnnfsymh	37	6548
161	vxbndvmtopq	733	3537
165	bfahbqswm	606	6441
196	lczefoaiks	947	6106
200	lzosxapgbiplb	631	3980
244	swgiymselzmcdg	344	9406
221	gbxzlkpvs	827	1003
229	mkacxawjgtywvg	708	8188
145	cabqlgc	195	8593
173	uyzsvibqzy	181	4970
207	jfjgpfso	817	6827
262	tfxvkkdf	967	983
234	axqkkddbae	272	9674
206	gameapg	229	1187
202	somizpoflhbgftk	366	2998
249	mgqmbno	905	9838
211	ydhxpxx	49	4662
209	zgtvu	488	5552
264	ghzfth	947	3248
240	kuqmgi	768	3577
269	jxedttocxzgjf	320	2524
233	axaywpgkahepj	356	7276
246	qdfhiaixyloysg	500	7459
248	gpjjequayy	244	9569
152	yxjdqrbvcjijj	810	9370
251	bqhjqt	168	7393
227	wcftchur	955	9729
254	bdkwl	751	480
267	rlmtvmov	710	8043
273	wyahh	298	4336
144	xbjnwls	624	9987
235	yatzmxjqm	637	2335
255	mhrzkfyxejur	947	1199
247	eilblqacddszf	984	1634
158	niifqwqulic	427	2145
231	bfkbum	382	8213
278	uyzcxanmn	273	4581
280	owjonjnpoqsh	186	4346
283	akvmyvzlu	83	7760
163	furqslvwktjced	434	5688
258	gwdwrcqkrxs	394	352
201	vdaim	16	5676
225	tzkdceowgaxxtsi	168	9696
226	seapap	805	9847
204	lwzppoyf	816	1328
222	ibhwdwmyphf	119	9939
257	bykxyibfiybgtb	67	3646
189	rviqcqomjyvszt	362	5577
172	zxgoruncvsjs	101	9176
164	ftpttxbtrnfdv	381	2673
213	kthqllwfyqwg	860	9516
197	pwqsndobvrsp	557	6503
277	xbzejdvfgpmsdhn	962	5062
243	gftnwurz	629	2224
184	zvdianwextz	191	2651
195	ajuvcsgwtvxeqsq	892	1492
245	bgqppeufrrxldw	526	9368
155	uxjbitzplcmf	846	1374
167	nyjloqbr	135	2663
274	qdgkyhyvon	411	9368
169	rmors	846	7894
265	joyhcrwxb	957	1979
239	ttnrgfwtryla	155	6188
174	tpbxmfxxl	751	1574
275	ijqzszwjgdiuql	419	8235
210	nbanabbu	539	5615
272	ykoxy	734	5627
230	opdxg	80	8786
191	oxnhr	251	1184
159	wcbrtmrboeogd	932	7053
217	ieryaxlbwgfn	765	3509
182	rkyraru	679	1678
242	wzpjlhdwidztqo	785	5447
154	lfwcfy	263	6993
166	hdsrn	220	4497
153	cbsrrcdkpxuer	636	4493
223	sdqigggl	837	6677
238	ihslaqgyovsluf	93	7164
261	nunejkqyzzrl	931	3421
150	gisvcxbsc	931	6125
263	bnrztcl	119	6946
180	sguuby	899	5006
147	xuftue	235	2231
219	ctoyhqqku	382	3599
259	kbsfmxnvc	226	4086
281	jjqpqyjqpgzvdr	53	1596
276	prxzqfuejk	354	8079
185	zcdutvloppfmvfm	90	5584
279	coqtaghem	480	2204
271	wtomo	983	6427
186	xqhvfbfwaoumu	793	3496
187	aphwnyxxhjo	247	4323
171	mjezm	742	4322
237	umduqi	803	7717
151	emxukmk	490	7822
198	mfehxvdptvst	497	4636
215	tigsytcaladwo	639	2183
282	phcos	6	1503
157	aknvyxtqrlses	446	6605
228	bmusmo	207	5696
177	czpcsquqkp	825	7142
148	iskmrocilozgxo	826	9467
175	vwdtbh	657	2049
268	vicukvehuizzqi	533	4503
181	sbmdppjmaxcfs	121	9266
241	qqbyjctktfitow	598	2284
260	ldsej	514	3197
193	zrryps	532	4647
220	pwjxkwfurri	722	7634
178	wflwt	138	653
199	ibtbwuusdcj	789	4304
160	qvwtgfkwjcl	65	205
286	wnpdiklm	883	2757
294	ncbwgognhz	198	8148
305	evnnldyn	297	3670
307	hvyxzslu	218	3263
309	qwldmmtvapvuzd	777	3139
311	zvojdlbky	705	6308
50	pjatwokmosyxxr	495	4984
319	yiivrt	91	3270
330	celyhhseknm	521	7188
339	xreyfuagezy	556	2641
396	vrorqlzyb	984	2817
341	whwagdmdx	190	8366
343	bmpekwmxvq	381	1238
292	mrcsepyv	797	7192
346	nkyedmeuz	133	6707
348	ippciyfocctd	337	7321
287	jwbfofg	616	6072
358	blqsoyckvdlqe	232	6753
355	btuva	349	4900
360	memvioa	907	4396
362	albwcnaunwiem	872	8449
364	jtlkwwbrbfwa	331	6160
366	qfuzivvtmlxnpet	117	5010
295	aeqczybwlga	356	1501
372	wvotifhzs	804	7974
289	nxkvb	640	1665
377	ncmvlkz	246	9823
380	ryltcsamltr	929	6158
385	gugdrli	749	9283
386	mwocyr	203	4311
351	fbfqynprmyk	896	1625
387	ehdhmem	781	5785
388	jmpzacaxtywik	450	3991
389	fommwly	835	9156
390	enqtwbiwssxmau	331	1812
308	macoh	627	9994
314	mmmnfbpdktgrhwq	540	3321
290	lyjyhdlxdlvslsa	363	2288
300	uojqwjryem	57	9095
409	xfqkdkojzqq	916	2774
404	rrcwvhqsuq	762	867
315	vcbeahd	857	4554
410	vacmstwqvhhonfd	364	9837
412	hwxmfxiywjavwqm	664	3602
376	evwlr	757	7358
415	yvjuqor	523	8002
413	ynmgkjdqj	743	6471
288	ycdcecxgyzsl	221	659
419	cvvcuktv	160	1891
349	qcnufuatrm	481	887
426	swxmueecf	238	2064
417	gedzmconkadwn	637	8567
418	rwlugbuw	576	1155
421	maoeohxvmvjt	30	8608
301	haoei	475	2655
422	dmusiobpxei	53	1722
298	alnyk	520	6332
368	xasnoqsstsh	584	2661
399	ragvpgtr	141	8912
327	kvxqpeypxr	573	695
382	ppflrb	79	7925
335	spcgpuudgx	840	89
324	fcmiojzsz	277	1885
403	nsdmrychphlej	188	7195
326	pujnk	577	4506
313	drdts	596	9969
356	ghimveyimxh	363	8532
304	uitpstbycsevute	472	832
328	pjwtn	671	6994
170	sykbmurrzoelucn	995	5983
397	bpwplfjjs	789	2405
325	otqblgwbb	214	4865
359	qtvhxktjomfxhr	867	8199
291	htacty	623	6122
402	fftaacnmg	310	817
338	vmdvsifgu	350	9102
302	bxtktbskjrsvksx	616	9927
321	wwrua	33	7021
383	oqvjdipc	329	4977
337	jyytmpswxuhasu	245	678
425	tzsolerpdtjnzg	16	1217
306	yfheomtlaqmer	30	3864
414	qkfzgvuwyrrckke	683	9488
336	ywexjkbn	57	5848
373	pkzncelu	184	4644
407	zzvbbraoa	697	2393
323	mmfqaygx	855	962
303	wgpffgkhvdnpks	189	3575
361	padwaoqure	883	1022
345	gmxjfxzzfzwezl	930	6854
391	wqxskyzp	769	3061
316	vevevuyoqaq	314	5081
408	igageczdj	889	9062
369	vhalalnbrdqtx	825	445
293	zmasjd	753	385
392	bgcpg	995	9309
285	hzbsppoflixj	787	4381
370	oowzvnwaha	636	1827
395	dkqnsrjzgmnxm	487	4661
333	xtfaliammkd	501	5968
381	bvzcrdt	278	7436
411	gfrbchwuprvqxq	856	5207
357	jyqdbsxkgactfl	486	1370
394	yaancopk	635	4601
340	qtdolsz	526	8540
332	yckfaqhc	660	6199
424	sjdqz	328	610
352	nsuhcktr	335	2935
384	kyefipqpbdwz	699	1363
378	ynwgsguwktcfkcq	633	4312
331	ktpmvuubub	627	9940
420	vbefconmsfbqs	49	7096
400	qsxazbzfojwdss	1	2226
342	qbhqqztecj	915	9256
427	zuraxz	506	6786
379	cztqrtisss	833	9221
401	llanedgxmlicig	796	1639
406	vrlhhfjto	103	807
297	iiamlfx	29	6854
329	dvxnkckjmtehjo	325	5570
363	uvkjeuqjsc	710	4511
334	tctszdcojqrqg	791	9048
310	tpyrrfef	714	6081
374	hkbaytdtctmd	611	1530
320	csouvmqshhnsbn	903	1732
365	bysdwkdxqisob	227	1106
318	mkqievalfdgownh	21	554
344	mbvomniivh	267	9725
428	jsbwefhm	307	3009
423	atzlxnksmzq	595	8203
354	lizwslspourw	141	8162
393	jvjzjzf	140	6739
416	wmqkwoqwrdf	471	5692
353	tcrfszhnzh	842	3314
322	gqwvpsuy	776	2316
367	aqdvuzopoumdp	281	780
317	jcsdi	80	1173
405	hlkdwiihjy	295	7843
299	slsujamjxtwoe	121	6194
312	ulypakx	504	5464
429	smchgsalojo	400	5467
430	oejyavdybltro	238	2354
208	ypfkmrtoxgjym	66	2734
432	sbmpfrdui	470	6250
439	isrpoupckkfydwx	817	4411
440	dmvlmbihdlkai	106	4766
441	ejejk	996	6489
443	kioaxyifq	260	6625
444	vpxqcasgs	433	7290
447	roypfulou	778	4406
449	oxragtsp	941	783
450	vlahmpdcwx	267	483
451	hbajpilevsjm	963	129
453	wcdztxec	944	35
471	opputlzc	211	1523
458	drunodev	995	5015
460	ppkaotecneahnzx	764	5154
350	ubqofqjwzwraxm	801	8052
461	ptwujr	47	995
465	xipiylxt	567	4764
466	heengedoqyugj	228	5867
433	wswobac	284	3671
521	pduzn	720	9773
475	gxklmfrrmwgnivf	261	1971
469	zgdiq	823	6739
470	mrzqs	117	1233
542	vmovqgwvugrn	896	7805
473	qsvgzqpscrh	609	6804
474	zupzsbcecric	102	4549
476	yephnoqiv	180	8760
478	xoxurmuoch	505	4896
479	xamysfcd	265	2369
483	kjlgungvmp	219	2077
484	ihlbikfly	7	641
488	jangqhg	957	9814
489	fwlkqrewreo	99	4020
490	afrpufweff	977	1373
515	etuflks	739	232
492	ukscyuokoxnlayy	311	5812
493	hsmjiztebbz	541	8119
494	ubrmavfrkjmb	772	6824
496	xzgsozxwhrr	304	3106
557	eisxs	816	1845
498	xvpmljn	458	3159
500	voupuchxzfe	893	6814
503	lkcznst	388	8124
504	vloqwa	564	9863
507	xzcycj	20	9210
508	bayghdkz	831	5410
256	hcalhwtvsmvjma	824	2197
512	juiixjcncu	304	4882
513	pdvjbgti	989	7031
146	aaqmcxxvmdeu	962	3406
457	rtfymn	27	3103
519	zkuqpoydkxwzsvn	690	8881
505	tkphfafydeb	977	1458
522	ypgihfokrtc	788	3976
528	bzkwksrudnml	424	6535
524	fedmdridipwt	308	4140
510	ztalixenkumcpsr	793	7707
480	vnbrendminze	565	3928
526	njvfx	172	3813
527	jrrpiazfslru	105	3813
531	dledpqpkfup	884	1674
533	dklieh	28	3207
525	cuvcpbduxiotizr	544	923
532	wpwtlqns	298	2242
534	uuqdgilumcjo	777	6857
539	ztevjwvsmoi	406	9963
540	rxnwpxftunczgrz	419	4478
547	hgfzlnunv	239	2235
550	xgozu	362	5767
552	mllhzysezq	234	5150
553	baoicninhhxenf	107	9973
445	kxdemrni	279	76
555	rbbkgcoofo	663	5530
556	aajbidl	196	4012
563	wsfgya	412	3448
564	mirzdwrg	299	2101
497	jhgyzeqxcvnk	169	1064
491	zrecue	889	9722
561	gammo	895	6993
570	ftfcgqzabveof	345	4028
511	nmeig	143	3622
499	lhhhbqwfvmt	355	9474
554	yhmqeakukwd	217	671
546	gkxmfnbb	999	3387
558	afqnj	332	9286
434	fdnnfhxrbm	34	3259
545	crckcf	305	7194
436	kozws	802	7117
435	ovedqhw	271	4504
487	ijmnsx	496	6261
568	nvzpmafuigtxrf	516	9171
501	szrxglaokwk	270	9361
536	ogenclol	618	8418
486	hqekyfbt	769	6625
446	vllagbzcopd	673	4586
529	xkixdhxnahfvuqu	300	5417
530	mgzkvf	726	9225
516	xlqzoanvkyyjx	572	238
485	bteokd	991	5187
296	tsiqrdk	956	2593
467	wasgs	536	6627
509	fluvbgnxrzqipsa	687	3665
452	fthlfp	785	1641
551	rzwgeuziplrbe	519	2304
560	gckmdvcrr	267	7728
538	uorjeterwtux	686	6070
502	uqqknfprkz	139	1478
565	dfquhgkwdlhbok	50	1263
567	tsvshq	710	8479
438	raypwa	40	4644
562	jxfdgdrqbsbw	10	3254
520	avzektomufv	387	6573
518	nxfah	824	96
541	tixedbrlolb	297	2307
437	agsjdzguex	6	721
482	pcknvqgu	135	8241
495	hpumu	431	6145
431	qsgqt	397	3569
544	rkclj	30	6314
548	jrpjhstip	252	4088
477	zwabttlpjtbcj	16	8000
442	fabebzuqtfybvwh	834	4189
549	txgbqnopbxiulga	987	1277
472	pexfmwudekxi	743	2503
481	mrehsvpjggsfc	984	8771
448	gmablyipcnznkef	733	1639
535	lfctw	19	3366
514	ejmnec	379	5550
569	gdaisarxlbb	412	3900
455	irvyga	304	4008
566	dqeisyz	503	3463
454	cfxotta	328	6410
537	hqmhxotavmjgnwz	769	3727
464	vnpafdd	766	454
462	ecclsk	403	5617
468	alghbsgqgwa	173	9588
517	rehotfwj	901	3774
456	lgsjycdtvzx	155	4533
543	olsmezzwhleaw	394	7340
117	xonjjxodsybdsey	549	1135
575	wqeyzs	177	2391
577	zhwqszoulzwzus	790	3072
580	bcloghem	2	1962
582	nmzlrilvo	182	9551
375	sthspaagghkxv	864	6370
583	ltcafewptgqt	712	3137
585	hrjobhe	947	3681
586	isnyvuoc	27	8602
587	xzzyri	817	4424
589	zgtajlvxglzv	438	1317
590	nbixpowrg	842	3653
591	yvogrimm	513	9781
593	uwzmkebcqwi	430	4830
595	lwwgljchss	74	7667
596	vjrbuyhhfno	547	6881
598	ynuqdgo	347	3707
606	nyjveqpfyvw	282	9846
607	ypafftinkvq	986	5915
609	llxvfakygv	342	7982
611	jyvglf	888	1377
612	lluirovyvygk	642	7808
613	pkrbolirukacqmq	480	5199
614	grsmmqcle	649	4098
615	rzzrz	22	4584
617	gujipxh	283	1644
618	ewaouzoxmthth	462	1685
619	deopenxn	701	3537
621	ffabkmxgtj	937	6648
608	rdulfjvogzgc	70	6195
622	tvojlbgb	397	2774
623	bmjwqkobxajf	873	1125
624	vfectksenmzrjad	59	8280
625	efijffalw	315	1719
628	xtzplboszbsbyxh	610	2753
692	gdalmookwjmo	110	4673
629	nzktzldypaqi	962	4831
630	wkbsrzwarekagnb	7	1285
632	hgqkqgwfben	670	2587
633	aixqlbqjcqtgpq	545	1618
559	rhssjjm	216	761
637	nelaelowajv	86	4109
639	vthwhw	533	5322
643	rzgsyghgo	938	9586
644	gttpfliknemxyy	43	7033
645	mypckfm	60	602
646	owvuwsqxy	588	5025
398	uboxxzjzyvzn	47	5282
650	munck	88	7667
640	cjnhthrwsszvjop	704	239
636	ldqswvco	925	9479
641	getogwyxba	376	5523
649	dgscnehv	335	9988
651	ybbvqjyzz	996	9121
653	dowtciiwzxyeihs	599	3305
654	dkwlryctmevph	122	9849
656	rxdeidt	778	4071
657	dogqzqbs	561	3990
659	yteng	319	5992
660	eavlxl	618	3208
661	pgnkangcihtdw	986	6607
588	wipjgoucelxmenm	787	8130
576	ykwnwditxm	753	7596
663	rhnzszaxpykqwy	746	284
665	gfptvm	572	6492
667	ufufeeoszl	204	962
668	zbumvw	426	9877
669	ujerr	729	104
672	ufnrqsklehwvfh	427	9562
677	zgumadzn	428	9740
674	bavdblauqobtnuy	751	8852
678	xsjbr	105	5789
679	qucsiizckqowm	187	9182
680	ymjroaipybakgpy	526	5639
685	qscmmedrr	161	5498
686	dfodgtarb	174	7568
687	ujmbmez	734	4554
688	baxrhccmmq	920	5133
690	jthgcqsfswtq	670	5448
638	mbbhalcvyfmiz	733	2715
693	wzucmurttqpq	537	6760
695	yngxcsexgoz	542	908
572	enbnxiyhlydu	863	1087
698	nbjqoassfgkncoj	229	6772
701	ngzgid	11	5322
702	drrxgfstktqdyw	834	780
703	gqiruzhqheea	643	6600
704	omwjdkqaogi	506	946
634	smttfu	594	9957
707	duilqfmvaisx	65	4566
683	fwbfuqralrxl	776	6437
709	qdrxmqtm	456	1015
710	iidezfdmbvg	187	4480
711	sfikzdfydyjjd	1000	5159
712	otcnffrk	899	5494
697	mswezla	237	9205
684	oinelsplchv	959	6689
666	ctljsoeennpgj	489	4859
600	pmgpkkpr	751	322
610	exkgbbwboihixhd	472	7198
689	soldnffq	622	2472
592	xinwdwu	241	3480
675	kqtkatnalvfv	572	2108
620	mxwoytdhpnj	277	9144
627	gmkdtp	170	3006
699	iotshgnf	838	309
604	pydbwh	528	17
506	nioljbrraucpz	136	3176
691	qkdreovuk	76	4878
626	brbnkwho	937	4256
682	dqvjbvht	478	8925
705	kmruczoqak	189	4314
655	djfrmnxiksjfl	155	5528
670	exncqrqdsk	471	3858
662	umzdl	664	15
571	tzctdfg	237	7878
581	vmrixdducpuumi	175	396
616	sjesqkurccjk	590	9669
696	defniihrhbjf	964	7735
603	qimmpjyjrchzqo	902	2979
605	mthheopzeg	785	2260
602	utksedlgp	968	1236
671	cdkfmicewcncuju	57	2516
652	ccjkewqgoab	71	9024
673	czvtuambsxzmhg	687	9167
594	dyxjy	414	3099
631	xkmsnpcvzomtw	705	4140
574	grqfcfpzc	976	6939
664	feyhlqgbtwc	65	2494
648	qucvuzbjdwj	542	9430
708	vjmuergumv	842	3996
706	oxwemxqpa	825	2753
597	yzleagagkycrpf	26	5508
700	jmctfvpqcfjz	739	5003
573	vffben	108	8386
642	fdbnicia	743	6001
601	drkbupu	453	8205
681	qfqaeh	13	540
676	dnafii	353	1474
694	pmlvsjewsbd	672	6100
579	mrqxrzcbsagwy	369	7438
658	oredobdp	372	4544
713	nkzjiwmziyjsf	386	403
714	kckhxhdvgjw	599	8707
715	uenjni	9	5141
716	xedwxlroq	998	3591
720	mxqbszcravyni	699	6524
721	wmszcj	448	7965
647	dgsbfzhqjoacy	40	4899
722	sdqldfnece	634	337
723	gckfysioy	628	7641
724	fkferiaryptoryk	651	774
725	sispahnn	147	9130
726	diadslpyawxxdz	750	1712
728	gsiqofwqkqd	951	5710
729	enyzmkahncyhxm	622	856
730	jpinieke	881	7346
732	eqadimqdvplo	496	2669
734	exnane	703	8748
736	qvaexrmv	968	9939
737	agofr	227	8612
738	ronwkpmjfnhels	229	1888
578	djsst	325	101
727	pulhfhhe	437	3082
739	wgjnzcuqgh	299	9909
743	xuzphi	334	5761
744	jukbahiiwia	180	1557
747	bqyfocnsx	544	5265
749	pkcauvk	529	8542
751	lmemmaokzr	162	7615
753	vteue	973	9279
754	tdflmrixep	36	1302
755	omtfizrrwpoabd	891	531
757	klvinjkzksd	717	1750
759	qkrditzyw	46	4932
760	etdnaffsqdjiw	238	276
771	ynohxq	261	8551
763	kvncepnbxcnxnme	454	1474
764	guphrtyx	708	7589
765	euolcjaztx	679	4543
766	byxmx	61	5715
767	ibhiixqpxeg	412	7508
768	vaujfzwkiwpxxhg	296	4370
769	spxdekgqrsvqb	811	9341
772	mhtxghiogv	458	2669
761	gaadi	807	7279
773	cjznh	703	1066
774	dwezmmuy	762	4119
776	gprdgknkhfvr	159	3038
777	gcgbbhwjlkmk	796	610
779	rxxswctn	685	579
780	vsuqtb	569	6324
784	awnvh	857	4485
786	zhslirgz	546	7010
787	fhygjh	748	7447
740	tcqgowucrzx	627	9298
745	hjmmvuvnvxo	595	3556
788	shlrcbwwmwfxnsz	324	5359
790	jodbmsljrv	133	4124
791	amzytmzpfl	919	8620
792	oiarweib	928	6355
793	hcyqxjgcjsvzry	406	1756
794	atnbgnzdchwfew	825	3846
796	xzqssp	952	6645
797	acdocvbqooa	188	5257
798	axaylfcvd	372	2469
799	njyapcheqdn	450	4760
800	tmjsyhpnczll	494	274
801	oauryigaiq	340	7168
802	vfnqzsxpjq	760	3725
807	tpialxhuhzo	47	4964
459	qiknefthqyurzah	125	1689
808	rmqsrgcnrd	398	6262
809	jfavsffqkci	77	3834
810	pkntsoviqpg	254	7234
812	vggexctojfpgj	427	863
815	ldhgqzu	869	2978
795	aqvofbnlzwmdx	313	9846
816	ezjhufcnaeu	94	9330
817	ajwkfydd	547	6679
818	ihsob	145	4276
819	ehhckornxocosy	696	1723
820	lwtsl	693	9181
821	cqxstxka	953	5517
822	vqpgpoahpxc	628	7745
823	ncbxltkdwgjfx	659	3009
826	kcfsdqah	888	8052
827	yrexhb	758	3176
828	tdvdxxkyoknogp	222	2270
829	dzzhhmombtn	485	9543
832	ffqlphsqph	759	3775
838	wftucrl	84	918
836	vgfdhhfdoqkuzo	798	8574
839	vzvees	798	9982
841	bdlidspbdj	764	115
811	iizvfoirt	108	9534
842	nwzej	489	5448
843	orbhroyahqt	645	3537
844	keensjcvqt	814	4254
845	jzqibwfjmvyk	783	123
846	ulbpggvl	755	6963
746	flmrjunv	459	1780
847	nzvubewasjjj	728	5213
849	xunrhqibygztzk	111	18
850	hgilxt	855	7213
851	waxig	66	2695
852	uiewhauz	997	5736
853	yusdnktyzqrhgj	648	4200
854	zijrvemnph	853	755
856	ugnbwy	376	4612
805	uohmxcmtzskzzyg	309	274
789	kidwgfiqy	319	1907
781	rqrais	972	9776
778	dkxrsqerf	184	1486
833	bqjdptedqt	372	5928
848	hvjncqpqevosgml	192	5101
837	wuswfwvuyj	10	394
731	awjqv	585	5905
834	cbwhan	283	8699
824	zqqfmozzko	522	2126
719	pvqcxqnkya	802	7088
803	hufzunifbl	206	2873
718	lckwhb	315	1611
840	xvhvndbwkku	649	1952
830	oqngntblyhnyvj	789	2840
371	jrfssbfgzmswo	398	6161
783	plulvcwviadvm	732	7713
782	baahupddtwump	195	3143
756	nehoejtzgrngl	685	1119
733	qlwxkganw	756	5969
804	fvwdsjkstr	438	2448
814	figycdfnom	666	4201
741	csktrm	929	3592
735	xftiaalk	518	8611
762	rjdynfpr	831	7241
742	xiogdczm	652	3029
752	axsfrkxvt	253	493
748	gzimzwjqa	82	3888
770	tulbxwhqzubnqc	447	553
855	smdndzgpw	479	207
813	ubiihspnsp	658	8282
584	wbcqbpmujihkvf	133	1213
775	ngyykyhd	18	8037
831	cbjubdsnx	517	8265
835	bsxrrjryu	993	2128
758	hlxvfgxry	877	9291
717	zdpktogcq	251	249
857	tdvvtjkgq	57	6195
858	qxmgfqiaq	492	172
860	gdmgvsae	964	7600
861	punpf	849	9080
863	dtsptrcnboxuec	45	1591
865	upbhftgnfegpugm	858	8282
866	evahfd	42	3985
867	stzfskidwkieqs	409	7653
869	zhyhfhlhzwunkiu	124	2369
870	fqmseir	795	586
871	dfisyejowtc	866	5731
873	vatuvcvumnftu	461	4168
874	ttjzt	81	7886
875	yokxvnukowj	899	2154
876	quykxzis	93	6156
825	yvjvy	685	6486
878	lfbfgabp	783	6544
881	suqgy	830	7841
882	bwwklvtklwqker	446	6174
883	yzkkp	368	5831
884	nbflsogzby	415	7718
886	xboyqopcjkxasy	150	8581
887	azgqnixjcpvkur	139	1674
888	noxbiybz	371	4662
889	rccuhnpkuzafp	714	5914
890	tijyvfvgrfvm	402	7989
891	lildvb	426	4136
892	yhifpqz	321	5206
893	zbwvillssfqhyyq	856	6524
894	msefgezdxyqpdev	525	4869
895	ftoslbqhisamfyx	0	9709
896	bofsmjoz	922	3833
899	nstcjnfbdkv	175	4990
880	iykyoreueg	863	2304
900	ayfvtegani	252	7380
901	enfuj	866	4990
902	ovpsqeqzqule	896	8910
903	dlzhxcbodpfdonj	603	7141
904	acogixebjt	288	2823
907	cxqsxnezqrbm	595	4206
908	xjejpavbkpl	272	2473
909	alppmeee	222	1667
910	bosedslztgbvdfz	439	3416
911	tvloyu	94	5083
912	lvpafolpn	773	5961
913	cztlngcx	580	6798
917	ghpfyeeabaolih	863	8930
921	vudqrruykruxml	652	3796
922	wmuhzzdmcyxjky	298	353
924	itezo	954	5474
925	eqmpxtfq	528	5627
926	hlpcuklmgtlyfrq	983	1873
927	eoksjywbwdwe	976	8034
928	ydoptn	752	2167
930	cjoczxxxwdwctdo	66	1013
923	nmzgzbkyolm	958	75
931	fwuhzy	665	3887
932	soxgkwgz	666	6925
933	kntpxmduzdvruw	467	982
934	oqxhbbybmjrtl	869	268
935	iruwklibxvfi	520	6466
936	ajezmrso	111	5911
937	idlebzpttgli	498	9686
940	iqmhroltw	520	4978
919	ibkscmrfrvqzte	74	2259
941	mrmdgsp	358	4091
942	xucrhwo	762	4493
943	ampzrhkleg	528	6206
914	zeydjgpbzy	307	103
944	peviiuph	458	695
945	hwlexodv	648	9869
949	mbmcmdi	831	1883
950	ubotxjhwmlnbkks	808	9109
951	qqwgnmzwgjyvtsr	888	9799
920	afwjebghe	68	1250
953	bsiufrenctzaeki	381	3186
954	yciugyqgblv	535	8484
955	pivaijtmqcvx	187	2975
992	ogliviclan	751	9102
957	mddwkxypxxth	699	1501
958	wltxpxmkngre	399	3455
959	zkoviq	374	4395
960	fbfsjxpgai	795	515
961	hrjkinvvbvmibdd	858	6823
962	uhubdnjpxoljzd	450	9963
963	ryfgnnslwvqvw	422	5640
41	wvwbjeyubulqiqc	72	1343
970	rtilocwsj	390	1537
971	rbowqmxr	785	7183
972	pexqhodnyfwn	225	7042
973	nmbgtahdzq	691	6326
974	qdnrcrqdjhclehc	899	52
975	phxorqbgqsfzar	495	851
977	ihkirypmrtgh	752	6228
877	pzlagqzyxc	209	9663
980	zrvtscpdofwv	108	3543
981	pnxgfzpqfmtvg	541	4724
982	whrfqmiwydugt	792	6419
983	wxbdiixwvzb	63	2524
952	wpqrga	932	3433
985	ymhvjjwken	573	225
916	kqlsxpirftd	828	2643
986	yaljm	271	4904
987	xfsbovvzpk	111	1948
989	uqdcmsnycbg	542	3461
990	wxrnxrvcxrkzo	59	4072
897	ftferfbwy	767	7407
993	stghcs	496	8632
270	ewdwryiarmpli	556	9790
994	tnqkzbrgssfin	2	5627
996	zvpmwgobnv	440	3616
997	opdnve	963	8385
998	nzsmafqlqsawud	193	4853
999	zfpzo	953	1274
966	idhcsxn	99	9054
965	itwzlhsgxhh	282	372
969	trvxzjajqlzyy	219	6427
946	ritegmoe	757	2682
991	xxqzv	568	1335
862	ybhgbavna	346	3189
978	zcoxvzpygg	871	1543
918	iimwrbo	976	2183
938	hzdpsxxlnul	157	4192
929	dialbjna	181	5869
906	wnsylwzlewty	414	148
967	kagwceohfbfgiry	850	7107
964	cehtfybbtxkim	362	5967
806	gnzqpcmg	417	1784
979	pnxkhjokj	864	513
976	eahsypredhgkbp	941	561
885	zabvxrsqqr	404	4169
956	wtusjozlz	926	3242
898	gmtibib	977	7844
948	vwotridfplglfnt	530	716
915	lrsvo	59	1757
879	dzfkya	345	4314
984	wjeneyb	522	5095
868	ogbcjbfmzzxuk	63	8555
864	drzcjzanmvhileg	299	5187
995	dlyrmeh	399	5473
939	kbwmbyxzfxbrtsn	958	1944
872	zywjr	208	8045
905	nmxzirzn	387	3298
1000	ocwxretpnwrsj	262	7098
1002	xbtctl	195	9360
1004	pvrvasu	619	3137
1005	sksdojkyda	403	2647
1006	ddrydrujrp	864	4084
1008	mlbmiss	350	8892
1009	aftjaaljjkv	304	2168
1011	kmgmgxd	857	7204
1012	gjtjz	772	5732
347	smqacmrlrpzai	494	7087
1014	hoitpxmph	178	4879
1015	tywtxyvkdit	744	4450
988	fmsdquotyirqt	33	417
1016	qkfbfgfitru	811	7423
1017	belqbbuqf	802	4414
1018	koxosjonsueffv	102	4098
1021	cwkpt	21	8736
1023	xdfqaobdda	725	3451
523	komfa	364	6594
1024	yzargoab	432	8960
1025	ryxuxkdl	982	2502
1026	bsmnfjafiilo	930	9981
1027	xilnnhkwf	528	3920
1028	gwcgebfokvvbir	240	8018
1030	qhtgnqlnyraknl	371	8016
1031	zagwelohvcexv	133	9025
1032	fhvhuxu	348	7746
1034	permu	563	1828
1035	eixabdys	60	3253
1036	qecotus	400	2934
1037	ndmrqypi	735	9053
1038	ykjgjgsm	751	8067
1039	drnoxbe	855	7710
635	alvlswxazvyodz	659	3691
1041	bgootmdivogh	855	1541
1010	cxxqoy	929	3948
1042	tfrph	886	7743
1043	zhpyuie	200	4238
1044	hdfqqjkwv	405	244
1045	zfybgxqdfds	520	9096
968	dfjhutmmzcctf	630	4694
1046	pyhktcdjdwfopva	872	2338
1047	qkylmxzlufmbgfm	769	7676
1048	ahsdksphxgyt	496	8926
1049	qebyfry	72	1961
1050	yqdmd	160	1040
1051	jublykfdwuub	259	3520
1053	acyxlvstgzbsesf	160	8562
1055	eeocsh	730	7831
1056	xenjdqzrnpurmr	345	4249
1057	cuqqgijqkat	285	181
1058	bdselsddgtwetfq	605	3849
1059	zksra	240	1725
1060	wkthczwih	940	4256
1061	vdaqrmzve	442	7255
1062	ubahmmksasg	567	2318
1064	uwybj	769	9193
1065	vxwsombelcrrzy	79	6769
1066	zutzquro	654	3441
1054	ojklla	211	4043
1068	ovdmhjchfmzpwlc	489	1936
1069	xguzvewrurnxjn	901	3842
1071	bnavxekdhfdaikn	436	2374
1022	htyfoltjdqwvhw	840	2668
1076	dbnhpulwwl	818	4106
1077	qenrpxaiabkj	453	2873
1081	qvlzydvogiwt	709	4313
1082	tauzrkze	25	8681
1083	iagivzt	992	1247
1084	mjuef	422	5463
1085	hrfkwyzcabc	446	9244
1086	whyfgjudoiih	880	1496
1088	nsaxmrfo	8	4026
1090	qzythntz	173	9310
1091	tesmgv	296	5211
1092	oaeuoeo	271	9566
1093	dhjsaxhahfg	451	5916
1094	imefblqg	102	6834
1095	pttvngtfknzziy	130	798
1123	arkqkqdm	844	1362
1097	ogsgpnhl	290	5661
1098	fndkoy	334	6218
1099	kbsauspruqu	820	1484
1100	iggciewezef	979	608
1101	lojeihnkynls	844	9552
1103	chwyvwmujsjvbzu	437	4098
1105	ahhofcjl	197	873
1108	beepcrmgzabdc	869	3381
1001	xzetcqoozx	747	5755
1109	zhiyw	432	3837
1110	oamgadtqhw	686	8003
1111	ldkhrgylar	288	7882
1019	sazlrtoaydzb	877	3043
1112	vlhhwpnt	2	135
1113	renhlehl	19	2785
1114	yjbgy	452	4775
1115	lgxdgvirdqdcl	251	3263
1116	coqexpxgfpgh	912	7380
1117	laofflcftlpf	571	9321
1118	kjrobel	743	7719
1119	bxqycsi	540	6482
1120	usvyoago	413	6807
1040	zciqesg	163	9505
1121	elpczmnnirpk	121	6469
1122	lhfek	880	4962
1124	wdcqeu	735	7486
1106	qpbzlz	331	7730
1073	ijxnvhxhmebmj	2	1395
1125	mlxyhwumyu	631	9194
1126	qjxymiuln	601	1092
1127	llavhvbx	752	210
750	vrkxh	742	5040
1107	rqjlxhsptx	240	3995
1128	ytpbxachkmxg	434	7581
1129	icbkzuqnqnkvyku	695	6760
1130	xsflkbhjuodkupd	516	8923
1131	atxkyetabytmfc	116	609
1132	wlfhsh	883	8075
1133	qshcfdpclzhfhi	943	3797
1135	bejqbkanaeq	470	9276
1136	ldalqocsvyrw	802	9758
1102	doxpjz	510	6138
1138	ywtcikubvy	831	7801
1080	ayfgpgyxz	881	3108
1139	vzajpcoexabvdwv	4	5407
1033	mbpkb	26	9604
1140	qhokm	973	5015
1141	zuddevqldfa	487	3052
1020	muptyzpz	336	4455
1052	lrfgledt	53	4007
1137	icides	208	5594
1007	gddoldbmp	256	7441
1078	kqfnr	692	7271
1096	srkvl	704	9047
1079	efyxddw	725	5344
1075	ogrwqnxkvpi	185	9049
1029	tqpdrc	436	3135
1003	sditesnfqfsidr	419	6669
1072	lofjyvsfnbeshs	767	4861
1134	lixudbkaw	6	2530
1013	wdrifywztixqxso	183	4093
1063	klgqissrm	724	3783
1067	ztsxaea	484	3556
1087	gdkxuwyaodig	576	1299
1070	ulpchvkpzx	79	9589
1074	yyvwf	580	7324
1142	amrezjuyvscl	823	3228
1143	rmfttxedw	142	3089
1144	hhpvxinqp	213	9961
1145	zmurscpmass	555	8833
1146	gmkywlesvsfptrf	472	5852
1104	hdiyustk	767	3700
1147	iblcpmz	4	7510
1148	nrmcflm	644	1833
1149	snbvuzek	213	693
1150	tjgqwgspvgnb	120	4460
1151	oqppgce	135	6578
1153	uslegidwjz	915	1277
1154	tauygpfqnl	676	9382
1156	widzqbqasgnyb	512	2788
1157	xyiibe	569	4302
1158	iuhrmyklyis	184	754
1159	rqlodalist	446	9769
1160	ntwnrc	449	7802
1161	dwoiti	168	2964
1162	bhmnww	581	4603
1163	mgqtx	304	3239
1155	zbsdbbrquwq	738	6448
1165	uvefwuhh	609	2593
1167	hvnyzjr	580	2948
1168	funhva	858	1456
1169	nqmeisxmrtueiwm	1	8759
1170	ncoqfyquqex	242	2499
1171	dxqgeousmxdmea	100	8397
1172	qufasldyma	258	245
1173	mjexifj	792	3494
1174	kkmdpqkwokwuu	950	4011
1175	fhptfhytizwbdgw	642	2201
1176	pxswwtxt	861	2858
1177	xuzdht	202	1707
1178	lbhmoevd	582	829
1179	btsnhpaw	308	6531
1180	vsalrfv	148	3820
1181	tjrhg	377	9867
1183	gjjszjqqsgecn	897	5543
1152	qcptaal	347	5826
1185	pcbaj	113	8126
1186	virrla	340	6195
1187	pslhnyruhd	761	9032
1188	fhnmesgavm	166	4698
1189	vnrvwvnlk	177	3587
1190	sdtfwxi	277	2804
1191	cpnxrbko	960	9558
1192	ejhoxkobxi	699	9441
1195	mezvadqkvyr	211	5669
1196	ufmmyy	260	1858
1197	ugoosjpmq	1	1999
1198	juadvozojzifhw	254	1972
1199	cwqygtaajvtkuh	878	3885
1200	lyixdodpnq	326	7659
1201	ypkxmvri	226	96
1203	rcyejolmkp	810	7671
1204	vrohcrdkekmblxs	422	6441
1205	cbvygdugyhhbyr	599	1091
1206	hlgqpxabaxo	939	2518
1207	lxtyvny	573	5606
1208	mulnyk	641	6601
1209	awcfkyyndtsujxs	161	5897
1210	ukhasexeq	465	5723
1211	dggfqjnvoduygu	363	7358
1212	ypdsicotj	533	2614
1213	nxilixr	956	2431
1214	pkvzilbmv	242	8153
1215	thwew	448	3204
1216	txwhcvzixzymnr	67	2223
1217	dxmom	970	4137
1218	oyljslwbvakveti	47	3306
1219	mgjeivqaigh	646	7535
1220	nxiinbsvo	929	6783
1184	kyakybebnxuvjjn	965	1491
1221	muvbcd	290	2227
1222	zdqalyrxdev	374	9964
1223	uzrduppwdxa	645	6407
1224	stgptlxqoka	890	8926
1225	fdscasrlkcq	374	4230
1226	bftuniylohmz	901	3417
224	mhjohrzlgwwtxlq	104	7683
1227	plkolpivha	556	2633
1164	qrqcdh	20	7869
1228	ittmhwgujr	218	2221
1229	xjuiyv	161	3700
1230	pmikydmrzof	346	49
1231	uzrnirh	58	4997
1232	znixuj	987	8279
1233	zfkzmpmm	745	2820
1234	hajiwg	221	5383
1194	onkqyghuyrcsf	883	7746
1235	oaqvxmxiyovsfsz	9	8321
599	zbhkmbvwuooj	209	1038
1236	czgwzr	469	2222
1237	pzgbeqkycgj	579	1311
1238	eprmzbdljqidjm	347	3764
1239	lnfqxfkac	245	6480
1240	pgoucbkjm	397	9985
1241	rpzyt	111	2955
1089	cdsoonqlsjxaqx	650	840
1242	bpwdfjn	591	8511
1243	pfdyyzwwyrsk	484	2115
1244	beoxju	458	9313
1245	qjvmyjwguamo	777	2200
1246	jjbirezkvowbmo	444	1340
1247	rolrrgbxkjfkp	484	8529
1248	bvmlkuowgkdz	157	9097
1249	sflsy	658	6076
1202	ajypcslsucbybhs	706	6117
1250	ljeql	818	7719
1252	ouizvybzwvegvm	182	9158
1253	fyctiv	358	657
1254	vcdjyymn	243	3931
1256	lfiuiqq	391	6451
1257	ddswenbkvixusp	907	7486
1182	widvpecldcsj	38	8199
1258	xndounkxkjq	50	8235
1259	ovqydpayk	123	3989
1260	plsxil	915	618
1261	dqnjiz	519	5624
1262	hhbyu	495	4905
1263	zxqdjajrhqlwda	461	1285
1264	fyonlq	604	4127
1265	pcoxvkfuhxu	9	5233
1266	fingzbzcgtp	952	8675
1166	kvjifotknuzzan	403	4405
1251	jtirszflgqb	471	2863
1267	hbydniqgv	300	4490
1268	oncyvsdrvpriofv	667	9256
1269	jqlsyzhxgu	281	5968
1270	msttq	31	7739
1271	ryuzyvkccl	548	4133
1272	wdoxjcxpbsj	172	8005
1273	icrphhfdsy	573	3727
1274	hqbqriu	535	8287
1275	ltdon	199	9702
1276	ddbagbs	292	214
947	ejikfzllchqxv	144	5294
1277	jppvqelnjmrm	913	3623
1255	yvsgqy	17	6322
1278	nkzpvl	790	2976
785	ahpcrydthfmb	157	8392
1279	fvztxslsezpwfco	911	6157
1280	wybpevqnbgjcx	156	268
1281	muqoggeekgzp	366	6490
1282	fvxdzkljih	78	7844
1283	atksgmdvfxoft	118	1128
1284	lmhyjx	720	7763
1285	xswwdlvvoq	520	9825
1286	rutpvupqbzfjb	862	6840
1287	kwpchjelsms	547	2927
1288	vvisfravwskn	730	8624
1289	bhcatdgew	42	6227
463	fginsmgvmscdyj	966	437
1290	reqfyrqbcuoaihk	16	8409
1291	fykwkzzdkknoj	23	5456
1292	bpyaxr	892	2747
1293	mnraxpzusx	683	1555
1294	saicm	226	5166
1295	xmvdqukpoz	720	6579
1296	uscipmvja	206	1396
1297	xmyioewsqlszrcu	514	5218
1193	opbnbkjenxx	236	4066
1298	fzkvkrsneucjgrm	554	8840
1299	ulsdxqicfejanqu	782	5543
1300	ioimfm	571	9165
1301	ocffaoihsefpetj	492	7063
1302	qrhkgjb	844	7652
1303	dvhexeodhnudtf	725	2625
1304	cpztoof	563	6936
1305	yiugsthpf	566	4702
859	jclaayaesln	40	6983
1306	esrysrxrhfczxl	424	7170
\.


--
-- Name: product_id_seq; Type: SEQUENCE SET; Schema: public; Owner: testuser
--

SELECT pg_catalog.setval('public.product_id_seq', 1306, true);


--
-- Data for Name: purchase; Type: TABLE DATA; Schema: public; Owner: testuser
--

COPY public.purchase (id, date_time, customer_id, product_id) FROM stdin;
1	1990-01-04 10:00:00	12	17
2	1990-01-04 16:00:00	9	13
3	1990-01-05 02:00:00	3	7
4	1990-01-05 05:00:00	5	12
5	1990-01-05 09:00:00	20	25
6	1990-01-06 04:00:00	27	13
7	1990-01-07 00:00:00	22	11
8	1990-01-07 02:00:00	21	22
9	1990-01-07 09:00:00	12	6
10	1990-01-07 16:00:00	26	23
11	1990-01-07 23:00:00	10	21
12	1990-01-08 05:00:00	32	4
13	1990-01-08 22:00:00	6	27
14	1990-01-08 23:00:00	7	32
15	1990-01-09 07:00:00	26	6
16	1990-01-09 08:00:00	3	37
17	1990-01-09 12:00:00	32	6
18	1990-01-09 17:00:00	22	12
19	1990-01-10 18:00:00	14	6
20	1990-01-10 19:00:00	16	19
21	1990-01-11 00:00:00	30	21
22	1990-01-11 03:00:00	6	40
23	1990-01-11 14:00:00	43	8
24	1990-01-11 16:00:00	36	41
25	1990-01-11 23:00:00	45	25
26	1990-01-12 03:00:00	3	19
27	1990-01-12 08:00:00	51	9
28	1990-01-13 03:00:00	17	40
29	1990-01-14 12:00:00	25	13
30	1990-01-14 13:00:00	1	54
31	1990-01-15 09:00:00	51	26
32	1990-01-15 17:00:00	57	50
33	1990-01-16 12:00:00	20	56
34	1990-01-16 14:00:00	5	50
35	1990-01-17 03:00:00	44	28
36	1990-01-17 06:00:00	19	44
37	1990-01-17 08:00:00	20	63
38	1990-01-17 17:00:00	3	55
39	1990-01-17 18:00:00	60	40
40	1990-01-17 23:00:00	51	7
41	1990-01-18 22:00:00	49	61
42	1990-01-19 02:00:00	1	16
43	1990-01-19 04:00:00	62	49
44	1990-01-19 05:00:00	40	14
45	1990-01-19 13:00:00	12	48
46	1990-01-19 17:00:00	55	56
47	1990-01-20 02:00:00	37	60
48	1990-01-21 04:00:00	38	3
49	1990-01-21 07:00:00	33	53
50	1990-01-21 11:00:00	55	27
51	1990-01-21 19:00:00	58	14
52	1990-01-21 21:00:00	38	45
53	1990-01-21 22:00:00	4	18
54	1990-01-22 07:00:00	28	74
55	1990-01-22 19:00:00	53	14
56	1990-01-23 02:00:00	12	49
57	1990-01-23 04:00:00	41	31
58	1990-01-23 05:00:00	9	25
59	1990-01-23 23:00:00	27	33
60	1990-01-24 05:00:00	31	63
61	1990-01-24 09:00:00	59	3
62	1990-01-24 20:00:00	46	10
63	1990-01-25 04:00:00	54	19
64	1990-01-25 07:00:00	5	55
65	1990-01-25 13:00:00	38	9
66	1990-01-25 19:00:00	8	93
67	1990-01-25 21:00:00	54	46
68	1990-01-26 08:00:00	14	82
69	1990-01-26 11:00:00	72	22
70	1990-01-26 15:00:00	82	63
71	1990-01-26 19:00:00	72	44
72	1990-01-27 00:00:00	11	19
73	1990-01-27 04:00:00	18	22
74	1990-01-27 08:00:00	53	53
75	1990-01-27 12:00:00	24	82
76	1990-01-27 17:00:00	93	36
77	1990-01-28 00:00:00	66	97
78	1990-01-28 04:00:00	87	73
79	1990-01-28 21:00:00	16	85
80	1990-02-01 02:00:00	99	28
81	1990-02-01 08:00:00	16	47
82	1990-02-01 12:00:00	71	5
83	1990-02-01 16:00:00	27	15
84	1990-02-02 01:00:00	51	91
85	1990-02-03 06:00:00	57	81
86	1990-02-03 10:00:00	49	32
87	1990-02-04 03:00:00	78	107
88	1990-02-04 11:00:00	74	8
89	1990-02-04 17:00:00	37	35
90	1990-02-05 14:00:00	106	6
91	1990-02-05 18:00:00	30	31
92	1990-02-05 19:00:00	89	72
93	1990-02-06 15:00:00	46	109
94	1990-02-06 17:00:00	79	15
95	1990-02-06 20:00:00	102	112
96	1990-02-06 23:00:00	100	80
97	1990-02-07 05:00:00	48	77
98	1990-02-07 13:00:00	57	114
99	1990-02-07 14:00:00	54	18
100	1990-02-08 15:00:00	109	88
101	1990-02-08 20:00:00	58	20
102	1990-02-09 07:00:00	101	60
103	1990-02-09 08:00:00	105	41
104	1990-02-09 11:00:00	31	36
105	1990-02-09 19:00:00	18	16
106	1990-02-10 07:00:00	119	48
107	1990-02-10 16:00:00	18	29
108	1990-02-11 01:00:00	108	56
109	1990-02-11 05:00:00	129	1
110	1990-02-12 04:00:00	70	8
111	1990-02-12 05:00:00	135	27
112	1990-02-12 22:00:00	37	8
113	1990-02-13 11:00:00	74	55
114	1990-02-13 21:00:00	8	115
115	1990-02-14 03:00:00	37	104
116	1990-02-14 09:00:00	144	117
117	1990-02-14 16:00:00	21	41
118	1990-02-14 21:00:00	12	99
119	1990-02-15 06:00:00	127	129
120	1990-02-15 12:00:00	147	65
121	1990-02-15 15:00:00	50	60
122	1990-02-16 03:00:00	74	124
123	1990-02-16 07:00:00	105	125
124	1990-02-16 20:00:00	70	45
125	1990-02-17 00:00:00	64	17
126	1990-02-17 02:00:00	108	33
127	1990-02-17 11:00:00	21	123
128	1990-02-19 01:00:00	55	7
129	1990-02-19 02:00:00	31	152
130	1990-02-19 07:00:00	70	69
131	1990-02-19 23:00:00	160	47
132	1990-02-20 00:00:00	97	10
133	1990-02-20 03:00:00	4	134
134	1990-02-20 05:00:00	69	51
135	1990-02-20 08:00:00	114	137
136	1990-02-20 10:00:00	136	151
137	1990-02-20 15:00:00	103	10
138	1990-02-21 00:00:00	113	59
139	1990-02-21 23:00:00	17	110
140	1990-02-22 17:00:00	11	108
141	1990-02-22 20:00:00	82	13
142	1990-02-23 02:00:00	136	36
143	1990-02-23 10:00:00	60	96
144	1990-02-23 11:00:00	76	30
145	1990-02-23 17:00:00	28	59
146	1990-02-23 18:00:00	9	75
147	1990-02-23 19:00:00	154	47
148	1990-02-24 03:00:00	153	157
149	1990-02-24 07:00:00	69	167
150	1990-02-25 00:00:00	73	161
151	1990-02-25 14:00:00	160	107
152	1990-02-26 21:00:00	135	120
153	1990-02-26 22:00:00	120	67
154	1990-02-27 11:00:00	131	91
155	1990-02-27 23:00:00	84	7
156	1990-02-28 02:00:00	148	163
157	1990-02-28 10:00:00	106	28
158	1990-02-28 18:00:00	65	166
159	1990-02-28 22:00:00	68	147
160	1990-03-01 10:00:00	84	78
161	1990-03-01 13:00:00	64	123
162	1990-03-01 19:00:00	31	81
163	1990-03-02 18:00:00	123	151
164	1990-03-03 05:00:00	65	73
165	1990-03-03 11:00:00	50	34
166	1990-03-03 12:00:00	191	72
167	1990-03-03 13:00:00	45	29
168	1990-03-03 23:00:00	39	165
169	1990-03-04 05:00:00	70	98
170	1990-03-05 14:00:00	79	127
171	1990-03-05 15:00:00	89	100
172	1990-03-05 21:00:00	107	91
173	1990-03-06 01:00:00	36	156
174	1990-03-06 11:00:00	8	190
175	1990-03-07 00:00:00	125	58
176	1990-03-07 01:00:00	150	92
177	1990-03-07 06:00:00	114	87
178	1990-03-07 14:00:00	75	71
179	1990-03-08 20:00:00	166	73
180	1990-03-09 09:00:00	47	72
181	1990-03-09 11:00:00	54	68
182	1990-03-10 03:00:00	84	11
183	1990-03-10 05:00:00	136	93
184	1990-03-10 11:00:00	149	38
185	1990-03-10 13:00:00	205	204
186	1990-03-11 17:00:00	185	77
187	1990-03-12 01:00:00	191	46
188	1990-03-13 21:00:00	1	154
189	1990-03-14 07:00:00	89	75
190	1990-03-14 12:00:00	185	117
191	1990-03-14 20:00:00	192	23
192	1990-03-15 07:00:00	57	130
193	1990-03-15 08:00:00	46	190
194	1990-03-15 20:00:00	2	32
195	1990-03-15 23:00:00	11	192
196	1990-03-16 01:00:00	35	151
197	1990-03-16 02:00:00	73	200
198	1990-03-16 04:00:00	109	172
199	1990-03-17 11:00:00	96	159
200	1990-03-18 15:00:00	139	69
201	1990-03-18 19:00:00	199	106
202	1990-03-19 07:00:00	110	144
203	1990-03-19 11:00:00	17	194
204	1990-03-19 15:00:00	102	141
205	1990-03-19 18:00:00	95	26
206	1990-03-19 21:00:00	176	159
207	1990-03-19 23:00:00	156	99
208	1990-03-20 05:00:00	24	180
209	1990-03-20 08:00:00	67	200
210	1990-03-20 11:00:00	230	7
211	1990-03-20 13:00:00	76	35
212	1990-03-20 14:00:00	23	103
213	1990-03-20 23:00:00	243	49
214	1990-03-21 02:00:00	187	204
215	1990-03-21 06:00:00	33	205
216	1990-03-21 17:00:00	172	20
217	1990-03-21 21:00:00	23	133
218	1990-03-22 05:00:00	85	155
219	1990-03-22 12:00:00	143	236
220	1990-03-22 15:00:00	224	187
221	1990-03-22 18:00:00	91	99
222	1990-03-22 22:00:00	20	135
223	1990-03-23 03:00:00	25	144
224	1990-03-23 05:00:00	43	106
225	1990-03-23 11:00:00	93	155
226	1990-03-23 15:00:00	17	45
227	1990-03-23 17:00:00	156	39
228	1990-03-23 22:00:00	88	215
229	1990-03-24 01:00:00	29	139
230	1990-03-24 17:00:00	68	112
231	1990-03-24 18:00:00	78	14
232	1990-03-24 21:00:00	255	78
233	1990-03-25 00:00:00	46	130
234	1990-03-25 01:00:00	4	191
235	1990-03-25 02:00:00	7	102
236	1990-03-25 06:00:00	255	210
237	1990-03-25 10:00:00	113	205
238	1990-03-25 12:00:00	127	191
239	1990-03-26 03:00:00	48	36
240	1990-03-26 08:00:00	205	190
241	1990-03-26 20:00:00	119	182
242	1990-03-26 22:00:00	129	148
243	1990-03-27 08:00:00	147	22
244	1990-03-27 15:00:00	138	139
245	1990-03-27 22:00:00	35	134
246	1990-03-28 07:00:00	67	245
247	1990-03-28 09:00:00	122	192
248	1990-03-28 12:00:00	165	49
249	1990-03-28 13:00:00	90	19
250	1990-03-28 14:00:00	14	54
251	1990-03-28 18:00:00	239	144
252	1990-03-28 21:00:00	170	58
253	1990-03-28 22:00:00	217	255
254	1990-04-01 04:00:00	159	152
255	1990-04-02 02:00:00	193	159
256	1990-04-02 09:00:00	16	90
257	1990-04-02 19:00:00	230	13
258	1990-04-03 00:00:00	44	140
259	1990-04-03 05:00:00	270	125
260	1990-04-03 11:00:00	158	163
261	1990-04-03 15:00:00	247	92
262	1990-04-03 16:00:00	174	9
263	1990-04-03 17:00:00	107	147
264	1990-04-03 22:00:00	100	187
265	1990-04-04 08:00:00	249	73
266	1990-04-04 19:00:00	73	193
267	1990-04-05 08:00:00	217	188
268	1990-04-06 03:00:00	83	199
269	1990-04-06 22:00:00	163	160
270	1990-04-07 01:00:00	76	223
271	1990-04-09 13:00:00	283	157
272	1990-04-10 01:00:00	67	163
273	1990-04-10 04:00:00	244	159
274	1990-04-10 13:00:00	165	160
275	1990-04-10 16:00:00	82	217
276	1990-04-10 17:00:00	86	284
277	1990-04-11 08:00:00	101	29
278	1990-04-11 22:00:00	81	22
279	1990-04-12 19:00:00	248	236
280	1990-04-13 02:00:00	25	191
281	1990-04-13 03:00:00	292	62
282	1990-04-13 07:00:00	198	208
283	1990-04-13 10:00:00	96	239
284	1990-04-14 06:00:00	159	101
285	1990-04-14 07:00:00	141	81
286	1990-04-14 15:00:00	73	3
287	1990-04-14 16:00:00	132	162
288	1990-04-14 19:00:00	218	265
289	1990-04-14 21:00:00	200	285
290	1990-04-15 01:00:00	156	317
291	1990-04-16 01:00:00	304	108
292	1990-04-16 05:00:00	31	212
293	1990-04-16 08:00:00	228	55
294	1990-04-16 12:00:00	303	299
295	1990-04-17 01:00:00	209	222
296	1990-04-17 20:00:00	81	191
297	1990-04-18 03:00:00	172	239
298	1990-04-18 18:00:00	125	18
299	1990-04-18 20:00:00	155	176
300	1990-04-19 01:00:00	261	279
301	1990-04-19 04:00:00	303	74
302	1990-04-19 11:00:00	1	110
303	1990-04-19 18:00:00	196	196
304	1990-04-20 17:00:00	259	34
305	1990-04-20 18:00:00	126	272
306	1990-04-20 19:00:00	178	255
307	1990-04-21 00:00:00	85	239
308	1990-04-21 06:00:00	237	298
309	1990-04-22 05:00:00	10	75
310	1990-04-22 09:00:00	324	188
311	1990-04-22 22:00:00	314	178
312	1990-04-23 01:00:00	202	111
313	1990-04-23 11:00:00	28	220
314	1990-04-23 20:00:00	199	229
315	1990-04-23 22:00:00	154	153
316	1990-04-23 23:00:00	135	331
317	1990-04-24 01:00:00	205	337
318	1990-04-24 04:00:00	310	116
319	1990-04-24 10:00:00	37	228
320	1990-04-25 02:00:00	16	152
321	1990-04-25 04:00:00	68	340
322	1990-04-25 16:00:00	37	27
323	1990-04-25 23:00:00	142	251
324	1990-04-26 02:00:00	130	231
325	1990-04-26 03:00:00	175	259
326	1990-04-27 06:00:00	116	136
327	1990-05-01 03:00:00	73	204
328	1990-05-01 10:00:00	193	216
329	1990-05-01 15:00:00	50	27
330	1990-05-01 23:00:00	203	261
331	1990-05-02 14:00:00	129	356
332	1990-05-03 06:00:00	47	143
333	1990-05-03 07:00:00	177	342
334	1990-05-03 08:00:00	186	174
335	1990-05-03 09:00:00	108	226
336	1990-05-03 19:00:00	289	128
337	1990-05-04 03:00:00	50	277
338	1990-05-04 13:00:00	313	254
339	1990-05-04 22:00:00	228	385
340	1990-05-05 08:00:00	85	12
341	1990-05-05 16:00:00	326	32
342	1990-05-05 19:00:00	61	230
343	1990-05-06 13:00:00	73	311
344	1990-05-06 20:00:00	358	282
345	1990-05-08 00:00:00	320	221
346	1990-05-08 13:00:00	9	276
347	1990-05-09 05:00:00	175	60
348	1990-05-10 07:00:00	306	274
349	1990-05-10 18:00:00	247	173
350	1990-05-10 21:00:00	59	182
351	1990-05-11 06:00:00	117	92
352	1990-05-11 07:00:00	143	108
353	1990-05-11 18:00:00	351	148
354	1990-05-12 21:00:00	267	270
355	1990-05-12 22:00:00	298	239
356	1990-05-13 07:00:00	325	260
357	1990-05-14 01:00:00	125	383
358	1990-05-14 16:00:00	100	35
359	1990-05-14 21:00:00	333	48
360	1990-05-14 23:00:00	241	424
361	1990-05-15 08:00:00	18	427
362	1990-05-15 09:00:00	45	381
363	1990-05-15 10:00:00	163	134
364	1990-05-15 12:00:00	105	87
365	1990-05-16 01:00:00	178	371
366	1990-05-16 05:00:00	215	201
367	1990-05-16 16:00:00	15	146
368	1990-05-16 17:00:00	274	363
369	1990-05-17 03:00:00	204	150
370	1990-05-17 06:00:00	15	341
371	1990-05-17 09:00:00	352	70
372	1990-05-17 14:00:00	148	107
373	1990-05-17 19:00:00	161	163
374	1990-05-17 22:00:00	98	120
375	1990-05-18 17:00:00	258	15
376	1990-05-18 18:00:00	93	200
377	1990-05-18 21:00:00	61	344
378	1990-05-19 06:00:00	5	128
379	1990-05-19 13:00:00	299	177
380	1990-05-19 18:00:00	111	6
381	1990-05-20 05:00:00	320	4
382	1990-05-20 07:00:00	248	402
383	1990-05-20 20:00:00	133	363
384	1990-05-21 09:00:00	50	191
385	1990-05-21 17:00:00	45	437
386	1990-05-22 00:00:00	24	232
387	1990-05-22 03:00:00	296	429
388	1990-05-22 09:00:00	382	402
389	1990-05-23 18:00:00	329	386
390	1990-05-23 22:00:00	201	112
391	1990-05-24 10:00:00	274	356
392	1990-05-24 17:00:00	152	215
393	1990-05-25 13:00:00	81	155
394	1990-05-25 15:00:00	194	60
395	1990-05-26 05:00:00	101	446
396	1990-05-26 13:00:00	134	257
397	1990-05-26 14:00:00	339	248
398	1990-05-27 03:00:00	198	15
399	1990-05-27 05:00:00	132	441
400	1990-05-27 13:00:00	30	5
401	1990-05-28 04:00:00	314	388
402	1990-06-01 04:00:00	124	434
403	1990-06-01 05:00:00	221	290
404	1990-06-01 08:00:00	280	134
405	1990-06-01 14:00:00	253	274
406	1990-06-01 21:00:00	351	235
407	1990-06-01 23:00:00	327	385
408	1990-06-02 00:00:00	247	114
409	1990-06-02 07:00:00	77	46
410	1990-06-02 08:00:00	83	445
411	1990-06-02 12:00:00	215	287
412	1990-06-02 16:00:00	226	291
413	1990-06-02 20:00:00	174	360
414	1990-06-03 13:00:00	428	117
415	1990-06-03 21:00:00	130	245
416	1990-06-03 23:00:00	148	154
417	1990-06-04 01:00:00	368	342
418	1990-06-04 13:00:00	190	47
419	1990-06-04 16:00:00	414	199
420	1990-06-05 10:00:00	409	152
421	1990-06-05 11:00:00	108	173
422	1990-06-05 22:00:00	159	335
423	1990-06-06 03:00:00	154	272
424	1990-06-06 04:00:00	332	341
425	1990-06-06 08:00:00	126	457
426	1990-06-06 12:00:00	367	165
427	1990-06-06 16:00:00	336	5
428	1990-06-06 17:00:00	199	2
429	1990-06-06 20:00:00	353	50
430	1990-06-07 05:00:00	365	183
431	1990-06-07 22:00:00	433	269
432	1990-06-08 03:00:00	105	208
433	1990-06-08 10:00:00	439	388
434	1990-06-08 19:00:00	442	225
435	1990-06-09 02:00:00	182	1
436	1990-06-09 15:00:00	270	272
437	1990-06-10 00:00:00	409	206
438	1990-06-10 02:00:00	46	97
439	1990-06-10 06:00:00	319	226
440	1990-06-10 12:00:00	122	236
441	1990-06-11 01:00:00	327	72
442	1990-06-12 00:00:00	41	393
443	1990-06-13 11:00:00	371	319
444	1990-06-14 01:00:00	61	235
445	1990-06-14 20:00:00	372	199
446	1990-06-14 23:00:00	21	241
447	1990-06-15 06:00:00	458	436
448	1990-06-15 08:00:00	176	291
449	1990-06-15 09:00:00	145	80
450	1990-06-15 14:00:00	242	443
451	1990-06-15 16:00:00	214	267
452	1990-06-16 00:00:00	427	513
453	1990-06-16 17:00:00	271	341
454	1990-06-17 04:00:00	350	293
455	1990-06-17 18:00:00	203	134
456	1990-06-18 05:00:00	469	279
457	1990-06-18 06:00:00	188	122
458	1990-06-18 14:00:00	477	49
459	1990-06-18 16:00:00	476	86
460	1990-06-18 23:00:00	167	229
461	1990-06-19 01:00:00	385	376
462	1990-06-19 10:00:00	262	320
463	1990-06-19 19:00:00	150	263
464	1990-06-20 01:00:00	332	421
465	1990-06-20 04:00:00	31	208
466	1990-06-20 22:00:00	306	494
467	1990-06-21 00:00:00	333	26
468	1990-06-21 07:00:00	421	300
469	1990-06-21 08:00:00	255	280
470	1990-06-21 10:00:00	487	432
471	1990-06-21 12:00:00	30	301
472	1990-06-21 16:00:00	143	477
473	1990-06-21 18:00:00	310	443
474	1990-06-21 20:00:00	49	391
475	1990-06-22 10:00:00	253	478
476	1990-06-22 20:00:00	405	461
477	1990-06-22 22:00:00	466	271
478	1990-06-23 04:00:00	218	244
479	1990-06-23 15:00:00	36	363
480	1990-06-23 19:00:00	303	142
481	1990-06-24 04:00:00	37	487
482	1990-06-24 05:00:00	231	150
483	1990-06-24 08:00:00	325	462
484	1990-06-24 19:00:00	387	260
485	1990-06-25 20:00:00	101	377
486	1990-06-25 23:00:00	204	199
487	1990-06-26 00:00:00	122	29
488	1990-06-26 14:00:00	382	53
489	1990-06-27 01:00:00	34	505
490	1990-06-27 07:00:00	208	356
491	1990-06-27 16:00:00	370	334
492	1990-06-27 18:00:00	344	37
493	1990-06-28 01:00:00	260	10
494	1990-06-28 05:00:00	226	118
495	1990-06-28 06:00:00	400	488
496	1990-06-28 16:00:00	135	5
497	1990-06-28 18:00:00	16	60
498	1990-06-28 22:00:00	108	377
499	1990-06-29 00:00:00	194	53
500	1990-07-01 19:00:00	307	532
501	1990-07-02 00:00:00	480	544
502	1990-07-02 14:00:00	20	134
503	1990-07-02 16:00:00	33	103
504	1990-07-02 18:00:00	261	289
505	1990-07-03 19:00:00	134	437
506	1990-07-03 20:00:00	119	126
507	1990-07-04 08:00:00	251	16
508	1990-07-04 21:00:00	351	460
509	1990-07-05 23:00:00	318	510
510	1990-07-07 11:00:00	468	466
511	1990-07-08 13:00:00	375	80
512	1990-07-08 16:00:00	88	106
513	1990-07-08 20:00:00	78	185
514	1990-07-08 22:00:00	136	283
515	1990-07-08 23:00:00	52	293
516	1990-07-09 10:00:00	508	93
517	1990-07-09 12:00:00	527	332
518	1990-07-09 13:00:00	157	347
519	1990-07-09 20:00:00	262	97
520	1990-07-10 08:00:00	301	19
521	1990-07-10 10:00:00	459	427
522	1990-07-10 13:00:00	211	507
523	1990-07-10 21:00:00	205	269
524	1990-07-11 09:00:00	124	164
525	1990-07-11 19:00:00	115	205
526	1990-07-12 12:00:00	471	138
527	1990-07-12 19:00:00	2	556
528	1990-07-13 06:00:00	234	372
529	1990-07-13 12:00:00	220	485
530	1990-07-14 11:00:00	43	500
531	1990-07-14 12:00:00	108	55
532	1990-07-14 19:00:00	410	51
533	1990-07-15 06:00:00	338	554
534	1990-07-15 11:00:00	432	191
535	1990-07-15 14:00:00	490	534
536	1990-07-15 20:00:00	272	295
537	1990-07-16 01:00:00	408	207
538	1990-07-16 08:00:00	524	526
539	1990-07-16 21:00:00	171	340
540	1990-07-17 03:00:00	524	177
541	1990-07-17 07:00:00	87	237
542	1990-07-17 09:00:00	42	555
543	1990-07-17 12:00:00	57	24
544	1990-07-17 15:00:00	312	499
545	1990-07-17 18:00:00	10	161
546	1990-07-17 22:00:00	347	332
547	1990-07-18 05:00:00	407	342
548	1990-07-18 09:00:00	155	572
549	1990-07-18 10:00:00	436	11
550	1990-07-18 21:00:00	520	144
551	1990-07-18 23:00:00	496	518
552	1990-07-19 14:00:00	234	64
553	1990-07-20 07:00:00	543	541
554	1990-07-20 09:00:00	402	548
555	1990-07-20 10:00:00	271	534
556	1990-07-20 12:00:00	298	206
557	1990-07-20 22:00:00	54	102
558	1990-07-20 23:00:00	149	192
559	1990-07-21 06:00:00	433	516
560	1990-07-21 11:00:00	455	355
561	1990-07-22 05:00:00	402	424
562	1990-07-22 06:00:00	187	615
563	1990-07-22 18:00:00	58	290
564	1990-07-22 22:00:00	531	24
565	1990-07-23 01:00:00	405	173
566	1990-07-23 06:00:00	291	179
567	1990-07-23 09:00:00	24	192
568	1990-07-23 13:00:00	369	109
569	1990-07-23 15:00:00	312	440
570	1990-07-23 22:00:00	570	428
571	1990-07-24 02:00:00	174	544
572	1990-07-24 15:00:00	108	446
573	1990-07-24 20:00:00	427	174
574	1990-07-25 03:00:00	295	621
575	1990-07-25 05:00:00	308	308
576	1990-07-25 10:00:00	176	89
577	1990-07-25 15:00:00	270	449
578	1990-07-25 17:00:00	323	364
579	1990-07-25 23:00:00	585	325
580	1990-07-26 01:00:00	67	420
581	1990-07-26 11:00:00	167	41
582	1990-07-26 20:00:00	45	208
583	1990-07-26 22:00:00	21	223
584	1990-07-27 01:00:00	447	451
585	1990-07-27 03:00:00	537	118
586	1990-07-27 16:00:00	214	616
587	1990-07-28 00:00:00	407	549
588	1990-07-28 17:00:00	144	72
589	1990-07-28 20:00:00	230	389
590	1990-08-01 07:00:00	478	372
591	1990-08-01 20:00:00	8	570
592	1990-08-01 22:00:00	286	24
593	1990-08-02 02:00:00	8	438
594	1990-08-02 12:00:00	497	531
595	1990-08-02 18:00:00	326	175
596	1990-08-02 20:00:00	415	354
597	1990-08-03 12:00:00	447	311
598	1990-08-03 15:00:00	467	373
599	1990-08-04 00:00:00	305	634
600	1990-08-04 01:00:00	143	450
601	1990-08-04 03:00:00	82	617
602	1990-08-04 15:00:00	3	23
603	1990-08-04 17:00:00	273	565
604	1990-08-05 06:00:00	428	339
605	1990-08-05 22:00:00	134	361
606	1990-08-06 01:00:00	462	320
607	1990-08-06 03:00:00	364	400
608	1990-08-06 09:00:00	125	418
609	1990-08-06 21:00:00	512	342
610	1990-08-07 00:00:00	427	594
611	1990-08-07 03:00:00	200	172
612	1990-08-07 06:00:00	236	584
613	1990-08-07 12:00:00	541	561
614	1990-08-07 17:00:00	75	505
615	1990-08-08 07:00:00	438	591
616	1990-08-08 08:00:00	96	83
617	1990-08-08 11:00:00	242	300
618	1990-08-08 13:00:00	578	412
619	1990-08-08 20:00:00	599	615
620	1990-08-09 01:00:00	178	76
621	1990-08-09 08:00:00	318	148
622	1990-08-09 09:00:00	239	5
623	1990-08-09 16:00:00	472	212
624	1990-08-10 08:00:00	610	623
625	1990-08-11 12:00:00	406	181
626	1990-08-11 21:00:00	159	423
627	1990-08-12 15:00:00	278	345
628	1990-08-12 18:00:00	314	143
629	1990-08-12 21:00:00	458	332
630	1990-08-13 00:00:00	41	357
631	1990-08-13 02:00:00	550	184
632	1990-08-13 03:00:00	250	215
633	1990-08-13 04:00:00	398	53
634	1990-08-13 07:00:00	224	342
635	1990-08-13 15:00:00	535	124
636	1990-08-14 14:00:00	357	445
637	1990-08-15 02:00:00	539	393
638	1990-08-15 03:00:00	316	671
639	1990-08-15 07:00:00	32	104
640	1990-08-15 19:00:00	29	346
641	1990-08-16 11:00:00	388	201
642	1990-08-16 23:00:00	104	250
643	1990-08-17 01:00:00	58	481
644	1990-08-17 18:00:00	235	144
645	1990-08-18 03:00:00	413	526
646	1990-08-18 09:00:00	435	592
647	1990-08-18 10:00:00	355	519
648	1990-08-18 16:00:00	120	418
649	1990-08-18 23:00:00	339	449
650	1990-08-19 00:00:00	103	501
651	1990-08-19 14:00:00	269	189
652	1990-08-19 19:00:00	250	212
653	1990-08-20 14:00:00	187	587
654	1990-08-20 23:00:00	128	359
655	1990-08-21 08:00:00	310	109
656	1990-08-21 13:00:00	376	552
657	1990-08-22 04:00:00	436	682
658	1990-08-22 20:00:00	564	167
659	1990-08-23 02:00:00	426	484
660	1990-08-23 08:00:00	467	358
661	1990-08-24 21:00:00	415	143
662	1990-08-24 23:00:00	663	20
663	1990-08-25 01:00:00	649	574
664	1990-08-25 06:00:00	348	489
665	1990-08-25 16:00:00	254	100
666	1990-08-26 02:00:00	592	314
667	1990-08-26 03:00:00	625	406
668	1990-08-26 08:00:00	614	554
669	1990-08-26 21:00:00	411	217
670	1990-08-27 02:00:00	103	573
671	1990-08-27 16:00:00	424	167
672	1990-08-27 19:00:00	532	380
673	1990-09-01 05:00:00	595	412
674	1990-09-01 07:00:00	66	54
675	1990-09-01 08:00:00	10	290
676	1990-09-01 10:00:00	179	18
677	1990-09-02 10:00:00	617	276
678	1990-09-02 11:00:00	149	81
679	1990-09-02 19:00:00	505	141
680	1990-09-02 21:00:00	295	715
681	1990-09-03 01:00:00	129	694
682	1990-09-03 04:00:00	164	259
683	1990-09-04 06:00:00	146	294
684	1990-09-04 11:00:00	81	102
685	1990-09-04 14:00:00	472	605
686	1990-09-05 03:00:00	164	568
687	1990-09-05 05:00:00	473	598
688	1990-09-05 09:00:00	586	687
689	1990-09-05 17:00:00	488	226
690	1990-09-05 18:00:00	199	713
691	1990-09-05 23:00:00	686	720
692	1990-09-06 16:00:00	298	45
693	1990-09-08 03:00:00	405	506
694	1990-09-08 07:00:00	668	404
695	1990-09-08 18:00:00	542	207
696	1990-09-08 20:00:00	657	74
697	1990-09-09 10:00:00	458	147
698	1990-09-09 16:00:00	346	170
699	1990-09-09 17:00:00	598	676
700	1990-09-10 06:00:00	333	153
701	1990-09-10 08:00:00	605	176
702	1990-09-11 01:00:00	473	688
703	1990-09-11 14:00:00	20	652
704	1990-09-11 18:00:00	397	478
705	1990-09-11 19:00:00	539	606
706	1990-09-11 22:00:00	271	449
707	1990-09-12 18:00:00	87	127
708	1990-09-13 12:00:00	576	558
709	1990-09-14 10:00:00	11	37
710	1990-09-14 12:00:00	130	288
711	1990-09-15 08:00:00	377	742
712	1990-09-15 10:00:00	118	468
713	1990-09-15 11:00:00	574	385
714	1990-09-15 23:00:00	7	541
715	1990-09-16 16:00:00	57	249
716	1990-09-17 01:00:00	715	150
717	1990-09-17 03:00:00	674	251
718	1990-09-17 11:00:00	513	761
719	1990-09-17 12:00:00	666	220
720	1990-09-17 16:00:00	70	289
721	1990-09-17 19:00:00	173	289
722	1990-09-17 22:00:00	395	602
723	1990-09-18 03:00:00	81	575
724	1990-09-18 15:00:00	73	461
725	1990-09-18 18:00:00	600	747
726	1990-09-19 05:00:00	105	691
727	1990-09-19 07:00:00	644	466
728	1990-09-19 11:00:00	670	202
729	1990-09-19 14:00:00	479	630
730	1990-09-19 17:00:00	492	604
731	1990-09-19 22:00:00	483	502
732	1990-09-20 00:00:00	316	650
733	1990-09-20 04:00:00	264	760
734	1990-09-20 07:00:00	183	120
735	1990-09-20 10:00:00	67	132
736	1990-09-20 15:00:00	212	543
737	1990-09-21 07:00:00	360	442
738	1990-09-21 08:00:00	542	275
739	1990-09-21 10:00:00	596	751
740	1990-09-21 15:00:00	165	316
741	1990-09-21 20:00:00	361	6
742	1990-09-22 02:00:00	139	45
743	1990-09-22 03:00:00	438	329
744	1990-09-22 16:00:00	583	556
745	1990-09-22 23:00:00	391	625
746	1990-09-23 04:00:00	633	209
747	1990-09-23 13:00:00	238	623
748	1990-09-23 16:00:00	393	586
749	1990-09-23 17:00:00	536	90
750	1990-09-23 22:00:00	544	288
751	1990-09-24 01:00:00	489	180
752	1990-09-24 13:00:00	140	678
753	1990-09-25 10:00:00	143	677
754	1990-09-25 23:00:00	711	237
755	1990-09-26 07:00:00	23	192
756	1990-09-26 08:00:00	497	526
757	1990-09-26 14:00:00	28	610
758	1990-09-27 17:00:00	353	44
759	1990-09-27 20:00:00	516	311
760	1990-09-28 03:00:00	256	230
761	1990-09-28 04:00:00	8	24
762	1990-09-28 07:00:00	261	506
763	1990-09-28 12:00:00	497	18
764	1990-10-01 05:00:00	639	219
765	1990-10-01 06:00:00	225	625
766	1990-10-01 08:00:00	421	49
767	1990-10-01 11:00:00	445	290
768	1990-10-01 14:00:00	322	791
769	1990-10-03 08:00:00	236	149
770	1990-10-03 18:00:00	429	516
771	1990-10-03 20:00:00	513	226
772	1990-10-04 01:00:00	107	338
773	1990-10-04 09:00:00	429	585
774	1990-10-04 10:00:00	510	708
775	1990-10-04 13:00:00	478	72
776	1990-10-05 07:00:00	256	8
777	1990-10-05 10:00:00	255	229
778	1990-10-05 20:00:00	12	584
779	1990-10-06 05:00:00	119	443
780	1990-10-06 07:00:00	686	679
781	1990-10-06 11:00:00	754	156
782	1990-10-06 14:00:00	104	235
783	1990-10-06 16:00:00	318	740
784	1990-10-06 19:00:00	58	576
785	1990-10-07 00:00:00	436	430
786	1990-10-07 03:00:00	492	663
787	1990-10-07 06:00:00	406	205
788	1990-10-07 22:00:00	232	140
789	1990-10-08 15:00:00	507	97
790	1990-10-09 09:00:00	69	671
791	1990-10-10 04:00:00	45	791
792	1990-10-10 11:00:00	29	575
793	1990-10-10 22:00:00	319	439
794	1990-10-11 03:00:00	752	47
795	1990-10-11 06:00:00	711	478
796	1990-10-12 01:00:00	268	645
797	1990-10-12 14:00:00	80	158
798	1990-10-13 00:00:00	587	466
799	1990-10-13 06:00:00	246	206
800	1990-10-13 16:00:00	659	637
801	1990-10-14 05:00:00	704	78
802	1990-10-14 10:00:00	227	400
803	1990-10-14 12:00:00	48	768
804	1990-10-14 15:00:00	531	6
805	1990-10-15 02:00:00	120	473
806	1990-10-16 02:00:00	563	18
807	1990-10-16 10:00:00	631	766
808	1990-10-16 20:00:00	61	662
809	1990-10-17 00:00:00	284	827
810	1990-10-17 02:00:00	632	47
811	1990-10-17 06:00:00	94	753
812	1990-10-18 07:00:00	193	612
813	1990-10-18 20:00:00	741	548
814	1990-10-19 07:00:00	777	687
815	1990-10-19 09:00:00	685	717
816	1990-10-19 13:00:00	726	845
817	1990-10-20 00:00:00	359	765
818	1990-10-20 05:00:00	25	200
819	1990-10-20 07:00:00	775	722
820	1990-10-20 08:00:00	53	562
821	1990-10-20 13:00:00	393	44
822	1990-10-20 21:00:00	517	498
823	1990-10-21 14:00:00	111	768
824	1990-10-21 15:00:00	121	608
825	1990-10-22 01:00:00	285	262
826	1990-10-22 02:00:00	607	259
827	1990-10-22 06:00:00	798	850
828	1990-10-22 20:00:00	93	77
829	1990-10-22 23:00:00	497	657
830	1990-10-23 12:00:00	174	535
831	1990-10-23 14:00:00	336	423
832	1990-10-24 04:00:00	561	726
833	1990-10-24 21:00:00	424	527
834	1990-10-24 22:00:00	47	490
835	1990-10-24 23:00:00	295	523
836	1990-10-25 12:00:00	379	20
837	1990-10-25 16:00:00	409	181
838	1990-10-25 21:00:00	567	629
839	1990-10-25 23:00:00	515	536
840	1990-10-26 05:00:00	115	745
841	1990-10-26 06:00:00	641	113
842	1990-10-26 19:00:00	418	208
843	1990-10-27 07:00:00	264	859
844	1990-10-28 10:00:00	235	106
845	1990-10-28 20:00:00	203	621
846	1990-10-28 22:00:00	53	111
847	1990-11-01 05:00:00	572	516
848	1990-11-01 09:00:00	265	2
849	1990-11-01 11:00:00	755	126
850	1990-11-01 19:00:00	110	511
851	1990-11-01 20:00:00	135	78
852	1990-11-01 22:00:00	554	472
853	1990-11-01 23:00:00	841	379
854	1990-11-02 07:00:00	282	322
855	1990-11-02 19:00:00	433	530
856	1990-11-02 21:00:00	335	538
857	1990-11-03 20:00:00	279	861
858	1990-11-04 02:00:00	390	715
859	1990-11-04 07:00:00	238	773
860	1990-11-04 10:00:00	185	415
861	1990-11-04 16:00:00	5	856
862	1990-11-04 20:00:00	112	773
863	1990-11-04 21:00:00	387	795
864	1990-11-05 00:00:00	62	803
865	1990-11-05 04:00:00	520	770
866	1990-11-05 22:00:00	346	898
867	1990-11-06 01:00:00	773	446
868	1990-11-06 03:00:00	845	478
869	1990-11-06 12:00:00	804	586
870	1990-11-06 23:00:00	403	281
871	1990-11-07 08:00:00	233	48
872	1990-11-08 07:00:00	39	735
873	1990-11-08 16:00:00	500	193
874	1990-11-09 07:00:00	445	729
875	1990-11-09 17:00:00	642	868
876	1990-11-10 07:00:00	198	7
877	1990-11-10 09:00:00	690	888
878	1990-11-10 23:00:00	218	613
879	1990-11-11 08:00:00	299	915
880	1990-11-11 11:00:00	38	687
881	1990-11-11 16:00:00	717	840
882	1990-11-12 07:00:00	98	916
883	1990-11-12 08:00:00	345	697
884	1990-11-12 11:00:00	613	305
885	1990-11-12 19:00:00	621	590
886	1990-11-13 10:00:00	768	579
887	1990-11-14 14:00:00	694	903
888	1990-11-14 15:00:00	480	726
889	1990-11-14 19:00:00	212	314
890	1990-11-14 22:00:00	587	548
891	1990-11-15 03:00:00	543	357
892	1990-11-15 09:00:00	522	346
893	1990-11-15 19:00:00	275	507
894	1990-11-16 00:00:00	675	861
895	1990-11-16 16:00:00	370	635
896	1990-11-17 01:00:00	379	602
897	1990-11-17 11:00:00	891	154
898	1990-11-17 19:00:00	360	173
899	1990-11-17 20:00:00	208	170
900	1990-11-18 13:00:00	265	555
901	1990-11-18 14:00:00	561	273
902	1990-11-19 09:00:00	217	398
903	1990-11-20 11:00:00	794	825
904	1990-11-20 18:00:00	206	523
905	1990-11-20 19:00:00	588	156
906	1990-11-21 09:00:00	680	521
907	1990-11-21 14:00:00	380	289
908	1990-11-21 17:00:00	409	99
909	1990-11-22 05:00:00	194	64
910	1990-11-22 12:00:00	691	295
911	1990-11-22 16:00:00	742	905
912	1990-11-22 20:00:00	251	245
913	1990-11-23 00:00:00	712	412
914	1990-11-23 07:00:00	528	448
915	1990-11-24 05:00:00	327	564
916	1990-11-24 20:00:00	489	735
917	1990-11-25 23:00:00	624	642
918	1990-11-26 00:00:00	542	956
919	1990-11-26 01:00:00	906	11
920	1990-11-26 17:00:00	280	284
921	1990-11-27 04:00:00	353	421
922	1990-11-27 18:00:00	529	716
923	1990-11-28 01:00:00	292	756
924	1990-11-28 15:00:00	255	710
925	1990-11-28 18:00:00	421	286
926	1990-12-01 12:00:00	364	741
927	1990-12-01 15:00:00	351	83
928	1990-12-02 03:00:00	157	518
929	1990-12-02 04:00:00	367	448
930	1990-12-02 05:00:00	510	891
931	1990-12-02 17:00:00	396	310
932	1990-12-02 20:00:00	290	3
933	1990-12-02 21:00:00	253	81
934	1990-12-03 08:00:00	138	936
935	1990-12-03 12:00:00	279	157
936	1990-12-03 22:00:00	657	543
937	1990-12-04 01:00:00	197	487
938	1990-12-04 03:00:00	664	570
939	1990-12-04 05:00:00	222	406
940	1990-12-04 10:00:00	920	734
941	1990-12-04 20:00:00	52	983
942	1990-12-05 04:00:00	175	39
943	1990-12-05 05:00:00	171	298
944	1990-12-05 06:00:00	757	299
945	1990-12-06 15:00:00	172	784
946	1990-12-06 20:00:00	82	668
947	1990-12-07 10:00:00	782	879
948	1990-12-07 17:00:00	346	746
949	1990-12-07 19:00:00	437	749
950	1990-12-07 22:00:00	386	666
951	1990-12-08 08:00:00	482	885
952	1990-12-08 09:00:00	865	161
953	1990-12-09 16:00:00	116	253
954	1990-12-09 20:00:00	900	440
955	1990-12-10 01:00:00	405	259
956	1990-12-10 03:00:00	92	63
957	1990-12-10 10:00:00	286	316
958	1990-12-10 15:00:00	422	449
959	1990-12-10 16:00:00	116	611
960	1990-12-11 11:00:00	398	387
961	1990-12-11 13:00:00	170	64
962	1990-12-11 19:00:00	879	379
963	1990-12-11 22:00:00	231	977
964	1990-12-12 01:00:00	561	257
965	1990-12-12 19:00:00	509	790
966	1990-12-13 11:00:00	802	454
967	1990-12-13 20:00:00	450	143
968	1990-12-14 16:00:00	585	409
969	1990-12-14 18:00:00	591	137
970	1990-12-14 19:00:00	858	510
971	1990-12-14 21:00:00	765	903
972	1990-12-15 00:00:00	873	579
973	1990-12-15 17:00:00	617	696
974	1990-12-16 02:00:00	620	490
975	1990-12-16 15:00:00	497	792
976	1990-12-18 11:00:00	206	792
977	1990-12-18 12:00:00	136	639
978	1990-12-18 15:00:00	638	1006
979	1990-12-18 22:00:00	379	182
980	1990-12-19 07:00:00	990	259
981	1990-12-19 12:00:00	294	694
982	1990-12-19 16:00:00	170	773
983	1990-12-20 00:00:00	426	708
984	1990-12-20 01:00:00	319	312
985	1990-12-20 06:00:00	999	817
986	1990-12-20 14:00:00	629	65
987	1990-12-20 20:00:00	19	434
988	1990-12-21 05:00:00	352	718
989	1990-12-21 12:00:00	255	80
990	1990-12-21 17:00:00	869	873
991	1990-12-21 18:00:00	212	934
992	1990-12-22 11:00:00	583	782
993	1990-12-22 16:00:00	400	638
994	1990-12-23 08:00:00	330	725
995	1990-12-23 20:00:00	660	902
996	1990-12-24 11:00:00	368	455
997	1990-12-24 13:00:00	156	949
998	1990-12-24 15:00:00	517	1002
999	1990-12-25 05:00:00	773	126
1000	1990-12-25 08:00:00	936	172
1001	1990-12-25 14:00:00	172	1008
1002	1990-12-25 19:00:00	492	497
1003	1990-12-26 02:00:00	639	989
1004	1990-12-26 20:00:00	389	840
1005	1990-12-27 13:00:00	843	143
1006	1990-12-28 06:00:00	571	539
1007	1990-12-28 07:00:00	946	328
1008	1990-12-28 08:00:00	391	182
1009	1990-12-28 17:00:00	779	580
1010	1990-12-28 19:00:00	851	161
1011	1990-12-28 23:00:00	652	630
1012	1990-12-29 00:00:00	807	81
1013	1991-01-01 09:00:00	612	373
1014	1991-01-01 22:00:00	415	851
1015	1991-01-02 03:00:00	426	283
1016	1991-01-02 08:00:00	780	178
1017	1991-01-02 12:00:00	57	900
1018	1991-01-02 13:00:00	530	621
1019	1991-01-02 22:00:00	242	312
1020	1991-01-03 00:00:00	10	237
1021	1991-01-03 18:00:00	538	727
1022	1991-01-04 09:00:00	518	339
1023	1991-01-04 15:00:00	92	54
1024	1991-01-04 18:00:00	843	30
1025	1991-01-05 15:00:00	805	363
1026	1991-01-05 16:00:00	409	676
1027	1991-01-05 17:00:00	919	585
1028	1991-01-05 19:00:00	107	651
1029	1991-01-06 01:00:00	491	344
1030	1991-01-06 09:00:00	377	745
1031	1991-01-06 17:00:00	50	443
1032	1991-01-06 22:00:00	811	843
1033	1991-01-07 04:00:00	1006	802
1034	1991-01-07 07:00:00	1023	592
1035	1991-01-07 09:00:00	61	743
1036	1991-01-07 13:00:00	656	358
1037	1991-01-07 15:00:00	495	1024
1038	1991-01-08 02:00:00	7	882
1039	1991-01-08 07:00:00	941	805
1040	1991-01-09 12:00:00	995	467
1041	1991-01-09 23:00:00	952	216
1042	1991-01-10 00:00:00	156	786
1043	1991-01-10 05:00:00	407	627
1044	1991-01-10 12:00:00	387	175
1045	1991-01-11 21:00:00	412	707
1046	1991-01-12 01:00:00	170	240
1047	1991-01-12 03:00:00	455	549
1048	1991-01-12 10:00:00	802	831
1049	1991-01-12 21:00:00	314	842
1050	1991-01-12 23:00:00	12	819
1051	1991-01-13 00:00:00	738	278
1052	1991-01-13 16:00:00	175	881
1053	1991-01-13 17:00:00	219	249
1054	1991-01-13 18:00:00	470	400
1055	1991-01-14 01:00:00	642	547
1056	1991-01-14 03:00:00	520	926
1057	1991-01-14 08:00:00	739	567
1058	1991-01-14 19:00:00	455	681
1059	1991-01-15 03:00:00	117	208
1060	1991-01-15 06:00:00	131	793
1061	1991-01-15 11:00:00	949	689
1062	1991-01-15 12:00:00	52	716
1063	1991-01-15 23:00:00	306	1046
1064	1991-01-16 09:00:00	995	886
1065	1991-01-16 17:00:00	468	484
1066	1991-01-17 10:00:00	79	843
1067	1991-01-17 20:00:00	413	576
1068	1991-01-18 01:00:00	920	990
1069	1991-01-18 07:00:00	650	335
1070	1991-01-18 11:00:00	676	889
1071	1991-01-18 12:00:00	828	872
1072	1991-01-18 15:00:00	190	57
1073	1991-01-18 20:00:00	38	873
1074	1991-01-19 00:00:00	747	281
1075	1991-01-19 13:00:00	330	717
1076	1991-01-20 00:00:00	636	675
1077	1991-01-20 18:00:00	447	112
1078	1991-01-20 22:00:00	573	261
1079	1991-01-20 23:00:00	26	1022
1080	1991-01-21 11:00:00	597	318
1081	1991-01-21 14:00:00	81	1094
1082	1991-01-21 18:00:00	279	145
1083	1991-01-22 02:00:00	544	1062
1084	1991-01-22 10:00:00	586	1047
1085	1991-01-22 14:00:00	407	1079
1086	1991-01-22 18:00:00	428	495
1087	1991-01-22 21:00:00	606	537
1088	1991-01-23 04:00:00	222	116
1089	1991-01-23 10:00:00	77	414
1090	1991-01-23 22:00:00	799	874
1091	1991-01-24 01:00:00	641	936
1092	1991-01-24 06:00:00	96	835
1093	1991-01-25 03:00:00	331	800
1094	1991-01-25 04:00:00	38	918
1095	1991-01-25 07:00:00	88	248
1096	1991-01-25 12:00:00	105	1086
1097	1991-01-26 04:00:00	841	254
1098	1991-01-26 09:00:00	224	456
1099	1991-01-27 00:00:00	1031	296
1100	1991-01-27 13:00:00	1061	292
1101	1991-01-27 22:00:00	1077	962
1102	1991-01-28 03:00:00	794	954
1103	1991-01-28 08:00:00	706	84
1104	1991-01-28 14:00:00	198	825
1105	1991-01-28 23:00:00	813	522
1106	1991-02-01 01:00:00	461	587
1107	1991-02-01 16:00:00	326	740
1108	1991-02-01 17:00:00	399	607
1109	1991-02-01 19:00:00	133	426
1110	1991-02-01 21:00:00	406	670
1111	1991-02-02 05:00:00	930	1056
1112	1991-02-03 07:00:00	784	663
1113	1991-02-03 11:00:00	308	775
1114	1991-02-03 21:00:00	1045	525
1115	1991-02-04 01:00:00	228	780
1116	1991-02-04 21:00:00	524	621
1117	1991-02-05 20:00:00	334	818
1118	1991-02-06 03:00:00	840	702
1119	1991-02-06 11:00:00	554	98
1120	1991-02-06 17:00:00	736	404
1121	1991-02-07 02:00:00	233	157
1122	1991-02-07 06:00:00	62	918
1123	1991-02-07 13:00:00	1098	1143
1124	1991-02-07 23:00:00	156	1119
1125	1991-02-08 11:00:00	283	545
1126	1991-02-09 03:00:00	844	891
1127	1991-02-09 04:00:00	538	690
1128	1991-02-09 11:00:00	507	1170
1129	1991-02-10 05:00:00	852	540
1130	1991-02-10 13:00:00	225	740
1131	1991-02-10 15:00:00	220	386
1132	1991-02-10 18:00:00	21	334
1133	1991-02-11 02:00:00	1116	105
1134	1991-02-11 09:00:00	511	252
1135	1991-02-12 21:00:00	599	757
1136	1991-02-13 09:00:00	748	238
1137	1991-02-13 16:00:00	393	176
1138	1991-02-14 10:00:00	1049	1104
1139	1991-02-15 00:00:00	275	278
1140	1991-02-15 06:00:00	301	546
1141	1991-02-15 22:00:00	1096	81
1142	1991-02-16 02:00:00	74	1025
1143	1991-02-16 04:00:00	921	411
1144	1991-02-16 14:00:00	114	1072
1145	1991-02-16 21:00:00	466	1111
1146	1991-02-16 22:00:00	808	1092
1147	1991-02-17 22:00:00	60	1158
1148	1991-02-18 01:00:00	416	494
1149	1991-02-18 05:00:00	1046	1132
1150	1991-02-18 06:00:00	38	726
1151	1991-02-18 08:00:00	782	745
1152	1991-02-18 14:00:00	521	430
1153	1991-02-19 01:00:00	609	27
1154	1991-02-19 08:00:00	395	250
1155	1991-02-19 11:00:00	191	334
1156	1991-02-19 12:00:00	635	800
1157	1991-02-20 07:00:00	374	939
1158	1991-02-20 11:00:00	538	986
1159	1991-02-21 00:00:00	59	468
1160	1991-02-21 08:00:00	486	400
1161	1991-02-21 11:00:00	586	635
1162	1991-02-22 06:00:00	450	400
1163	1991-02-22 14:00:00	683	391
1164	1991-02-22 17:00:00	902	828
1165	1991-02-23 00:00:00	939	1194
1166	1991-02-23 05:00:00	68	1132
1167	1991-02-23 07:00:00	803	116
1168	1991-02-23 20:00:00	956	36
1169	1991-02-24 09:00:00	821	480
1170	1991-02-24 23:00:00	54	128
1171	1991-02-26 04:00:00	547	736
1172	1991-02-26 16:00:00	958	630
1173	1991-02-26 19:00:00	427	1199
1174	1991-02-26 20:00:00	1157	740
1175	1991-02-26 23:00:00	802	1043
1176	1991-02-27 03:00:00	715	2
1177	1991-02-27 21:00:00	707	104
1178	1991-02-28 00:00:00	864	742
1179	1991-02-28 05:00:00	706	617
1180	1991-02-28 11:00:00	805	61
1181	1991-02-28 13:00:00	1156	509
1182	1991-02-28 19:00:00	239	1085
1183	1991-02-28 21:00:00	452	496
1184	1991-02-28 22:00:00	256	541
1185	1991-03-01 20:00:00	477	1157
1186	1991-03-01 23:00:00	1074	531
1187	1991-03-02 21:00:00	516	34
1188	1991-03-03 01:00:00	974	733
1189	1991-03-03 02:00:00	85	727
1190	1991-03-03 06:00:00	283	181
1191	1991-03-03 14:00:00	76	221
1192	1991-03-04 00:00:00	564	1206
1193	1991-03-04 09:00:00	934	920
1194	1991-03-04 14:00:00	1024	528
1195	1991-03-04 15:00:00	604	750
1196	1991-03-04 18:00:00	464	943
1197	1991-03-04 20:00:00	620	368
1198	1991-03-04 21:00:00	506	840
1199	1991-03-05 00:00:00	835	246
1200	1991-03-05 02:00:00	998	979
1201	1991-03-05 18:00:00	402	312
1202	1991-03-06 09:00:00	1000	221
1203	1991-03-07 17:00:00	259	735
1204	1991-03-07 19:00:00	908	945
1205	1991-03-08 15:00:00	622	1149
1206	1991-03-08 16:00:00	1057	757
1207	1991-03-08 20:00:00	603	298
1208	1991-03-09 06:00:00	39	923
1209	1991-03-09 11:00:00	85	1
1210	1991-03-10 13:00:00	667	886
1211	1991-03-10 14:00:00	468	295
1212	1991-03-11 04:00:00	152	864
1213	1991-03-11 05:00:00	965	1157
1214	1991-03-11 17:00:00	361	765
1215	1991-03-11 19:00:00	668	244
1216	1991-03-11 23:00:00	532	1025
1217	1991-03-13 00:00:00	96	12
1218	1991-03-13 01:00:00	106	975
1219	1991-03-13 05:00:00	224	640
1220	1991-03-13 14:00:00	218	1080
1221	1991-03-13 20:00:00	998	312
1222	1991-03-13 23:00:00	86	564
1223	1991-03-14 08:00:00	1133	56
1224	1991-03-15 06:00:00	104	328
1225	1991-03-15 11:00:00	672	294
1226	1991-03-15 18:00:00	1050	886
1227	1991-03-15 23:00:00	162	651
1228	1991-03-16 03:00:00	211	1243
1229	1991-03-16 12:00:00	389	555
1230	1991-03-16 13:00:00	762	1144
1231	1991-03-16 18:00:00	934	366
1232	1991-03-17 04:00:00	772	783
1233	1991-03-17 05:00:00	1029	820
1234	1991-03-17 14:00:00	410	476
1235	1991-03-18 08:00:00	20	1012
1236	1991-03-18 15:00:00	473	323
1237	1991-03-18 16:00:00	67	472
1238	1991-03-18 21:00:00	692	57
1239	1991-03-18 22:00:00	511	246
1240	1991-03-19 05:00:00	720	745
1241	1991-03-19 09:00:00	1046	280
1242	1991-03-20 03:00:00	940	902
1243	1991-03-20 11:00:00	974	37
1244	1991-03-21 01:00:00	577	679
1245	1991-03-21 05:00:00	191	498
1246	1991-03-21 07:00:00	606	533
1247	1991-03-22 04:00:00	193	641
1248	1991-03-22 08:00:00	63	579
1249	1991-03-22 10:00:00	443	400
1250	1991-03-22 17:00:00	700	152
1251	1991-03-23 01:00:00	1027	583
1252	1991-03-23 05:00:00	49	712
1253	1991-03-23 06:00:00	119	586
1254	1991-03-23 14:00:00	782	50
1255	1991-03-23 15:00:00	1116	1031
1256	1991-03-23 17:00:00	944	599
1257	1991-03-24 06:00:00	687	950
1258	1991-03-24 08:00:00	1158	535
1259	1991-03-24 14:00:00	1030	715
1260	1991-03-25 03:00:00	1072	85
1261	1991-03-25 04:00:00	1145	358
1262	1991-03-25 05:00:00	534	924
1263	1991-03-25 11:00:00	948	964
1264	1991-03-25 18:00:00	583	852
1265	1991-03-25 20:00:00	297	812
1266	1991-03-25 22:00:00	533	144
1267	1991-03-26 01:00:00	1025	405
1268	1991-03-26 10:00:00	1051	524
1269	1991-03-26 20:00:00	1068	430
1270	1991-03-27 07:00:00	917	27
1271	1991-03-28 01:00:00	148	921
1272	1991-03-28 15:00:00	1094	894
\.


--
-- Name: purchase_id_seq; Type: SEQUENCE SET; Schema: public; Owner: testuser
--

SELECT pg_catalog.setval('public.purchase_id_seq', 1272, true);


--
-- Name: category_pkey; Type: CONSTRAINT; Schema: public; Owner: testuser
--

ALTER TABLE ONLY public.category
    ADD CONSTRAINT category_pkey PRIMARY KEY (id);


--
-- Name: category_product_pkey; Type: CONSTRAINT; Schema: public; Owner: testuser
--

ALTER TABLE ONLY public.category_product
    ADD CONSTRAINT category_product_pkey PRIMARY KEY (category_id, product_id);


--
-- Name: customer_pkey; Type: CONSTRAINT; Schema: public; Owner: testuser
--

ALTER TABLE ONLY public.customer
    ADD CONSTRAINT customer_pkey PRIMARY KEY (id);


--
-- Name: product_pkey; Type: CONSTRAINT; Schema: public; Owner: testuser
--

ALTER TABLE ONLY public.product
    ADD CONSTRAINT product_pkey PRIMARY KEY (id);


--
-- Name: purchase_pkey; Type: CONSTRAINT; Schema: public; Owner: testuser
--

ALTER TABLE ONLY public.purchase
    ADD CONSTRAINT purchase_pkey PRIMARY KEY (id);


--
-- Name: category ignore_insert_violation; Type: RULE; Schema: public; Owner: testuser
--

CREATE RULE ignore_insert_violation AS
    ON INSERT TO public.category
   WHERE (EXISTS ( SELECT 1
           FROM public.category
          WHERE (category.id = new.id))) DO INSTEAD NOTHING;


--
-- Name: category_product ignore_insert_violation; Type: RULE; Schema: public; Owner: testuser
--

CREATE RULE ignore_insert_violation AS
    ON INSERT TO public.category_product
   WHERE ((NOT (EXISTS ( SELECT 1
           FROM ((public.category_product cp
             JOIN public.category c ON ((new.category_id = c.id)))
             JOIN public.product p ON ((new.product_id = p.id)))))) OR (EXISTS ( SELECT 1
           FROM public.category_product
          WHERE ((category_product.product_id = new.product_id) AND (category_product.category_id = new.category_id))))) DO INSTEAD NOTHING;


--
-- Name: customer ignore_insert_violation; Type: RULE; Schema: public; Owner: testuser
--

CREATE RULE ignore_insert_violation AS
    ON INSERT TO public.customer
   WHERE (EXISTS ( SELECT 1
           FROM public.customer
          WHERE (customer.id = new.id))) DO INSTEAD NOTHING;


--
-- Name: product ignore_insert_violation; Type: RULE; Schema: public; Owner: testuser
--

CREATE RULE ignore_insert_violation AS
    ON INSERT TO public.product
   WHERE (EXISTS ( SELECT 1
           FROM public.product
          WHERE (product.id = new.id))) DO INSTEAD NOTHING;


--
-- Name: purchase ignore_insert_violation; Type: RULE; Schema: public; Owner: testuser
--

CREATE RULE ignore_insert_violation AS
    ON INSERT TO public.purchase
   WHERE ((NOT (EXISTS ( SELECT 1
           FROM ((public.purchase pu
             JOIN public.customer c ON ((new.customer_id = c.id)))
             JOIN public.product p ON ((new.product_id = p.id)))))) OR (EXISTS ( SELECT 1
           FROM public.purchase
          WHERE (purchase.id = new.id)))) DO INSTEAD NOTHING;


--
-- Name: category_product ignore_update_violation; Type: RULE; Schema: public; Owner: testuser
--

CREATE RULE ignore_update_violation AS
    ON UPDATE TO public.category_product
   WHERE ((NOT (EXISTS ( SELECT 1
           FROM ((public.category_product cp
             JOIN public.category c ON ((new.category_id = c.id)))
             JOIN public.product p ON ((new.product_id = p.id)))))) OR (EXISTS ( SELECT 1
           FROM public.category_product
          WHERE ((category_product.product_id = new.product_id) AND (category_product.category_id = new.category_id))))) DO INSTEAD NOTHING;


--
-- Name: purchase ignore_update_violation; Type: RULE; Schema: public; Owner: testuser
--

CREATE RULE ignore_update_violation AS
    ON UPDATE TO public.purchase
   WHERE ((NOT (EXISTS ( SELECT 1
           FROM ((public.purchase pu
             JOIN public.customer c ON ((new.customer_id = c.id)))
             JOIN public.product p ON ((new.product_id = p.id)))))) OR (EXISTS ( SELECT 1
           FROM public.purchase
          WHERE (purchase.id = new.id)))) DO INSTEAD NOTHING;


--
-- Name: category_product_category_id_fkey; Type: FK CONSTRAINT; Schema: public; Owner: testuser
--

ALTER TABLE ONLY public.category_product
    ADD CONSTRAINT category_product_category_id_fkey FOREIGN KEY (category_id) REFERENCES public.category(id);


--
-- Name: category_product_product_id_fkey; Type: FK CONSTRAINT; Schema: public; Owner: testuser
--

ALTER TABLE ONLY public.category_product
    ADD CONSTRAINT category_product_product_id_fkey FOREIGN KEY (product_id) REFERENCES public.product(id);


--
-- Name: purchase_customer_id_fkey; Type: FK CONSTRAINT; Schema: public; Owner: testuser
--

ALTER TABLE ONLY public.purchase
    ADD CONSTRAINT purchase_customer_id_fkey FOREIGN KEY (customer_id) REFERENCES public.customer(id);


--
-- Name: purchase_product_id_fkey; Type: FK CONSTRAINT; Schema: public; Owner: testuser
--

ALTER TABLE ONLY public.purchase
    ADD CONSTRAINT purchase_product_id_fkey FOREIGN KEY (product_id) REFERENCES public.product(id);


--
-- Name: SCHEMA public; Type: ACL; Schema: -; Owner: postgres
--

REVOKE ALL ON SCHEMA public FROM PUBLIC;
REVOKE ALL ON SCHEMA public FROM postgres;
GRANT ALL ON SCHEMA public TO postgres;
GRANT ALL ON SCHEMA public TO PUBLIC;


--
-- PostgreSQL database dump complete
--

